"filename", "language", "Python", "Makefile", "C++", "Properties", "Markdown", "CMake", "YAML", "Shell Script", "JSON", "reStructuredText", "Ini", "XML", "PostCSS", "pip requirements", "PowerShell", "comment", "blank", "total"
"/home/franco/Documents/GitHub/Simulatore-cpu-x86-64/GUI/bindings/bindings.cpp", "C++", 0, 0, 58, 0, 0, 0, 0, 0, 0, 0, 0, 0, 0, 0, 0, 15, 19, 92
"/home/franco/Documents/GitHub/Simulatore-cpu-x86-64/GUI/bindings/cacheManager_bindings.cpp", "C++", 0, 0, 8, 0, 0, 0, 0, 0, 0, 0, 0, 0, 0, 0, 0, 3, 4, 15
"/home/franco/Documents/GitHub/Simulatore-cpu-x86-64/GUI/bindings/cpu_bindings.cpp", "C++", 0, 0, 23, 0, 0, 0, 0, 0, 0, 0, 0, 0, 0, 0, 0, 4, 5, 32
"/home/franco/Documents/GitHub/Simulatore-cpu-x86-64/GUI/bindings/helpers_bindings.cpp", "C++", 0, 0, 111, 0, 0, 0, 0, 0, 0, 0, 0, 0, 0, 0, 0, 9, 24, 144
"/home/franco/Documents/GitHub/Simulatore-cpu-x86-64/GUI/bindings/instruction_bindings.cpp", "C++", 0, 0, 37, 0, 0, 0, 0, 0, 0, 0, 0, 0, 0, 0, 0, 0, 5, 42
"/home/franco/Documents/GitHub/Simulatore-cpu-x86-64/GUI/bindings/operand_bindings.cpp", "C++", 0, 0, 19, 0, 0, 0, 0, 0, 0, 0, 0, 0, 0, 0, 0, 0, 8, 27
"/home/franco/Documents/GitHub/Simulatore-cpu-x86-64/GUI/bindings/pipeline_bindings.cpp", "C++", 0, 0, 68, 0, 0, 0, 0, 0, 0, 0, 0, 0, 0, 0, 0, 3, 17, 88
"/home/franco/Documents/GitHub/Simulatore-cpu-x86-64/GUI/bindings/registerFile_bindings.cpp", "C++", 0, 0, 61, 0, 0, 0, 0, 0, 0, 0, 0, 0, 0, 0, 0, 18, 17, 96
"/home/franco/Documents/GitHub/Simulatore-cpu-x86-64/GUI/bindings/resultInfo_bindings.cpp", "C++", 0, 0, 105, 0, 0, 0, 0, 0, 0, 0, 0, 0, 0, 0, 0, 18, 19, 142
"/home/franco/Documents/GitHub/Simulatore-cpu-x86-64/GUI/prova.py", "Python", 165, 0, 0, 0, 0, 0, 0, 0, 0, 0, 0, 0, 0, 0, 0, 17, 60, 242
"/home/franco/Documents/GitHub/Simulatore-cpu-x86-64/GUI/simulator.pyi", "Python", 911, 0, 0, 0, 0, 0, 0, 0, 0, 0, 0, 0, 0, 0, 0, 163, 1, 1075
"/home/franco/Documents/GitHub/Simulatore-cpu-x86-64/README.md", "Markdown", 0, 0, 0, 0, 71, 0, 0, 0, 0, 0, 0, 0, 0, 0, 0, 0, 20, 91
"/home/franco/Documents/GitHub/Simulatore-cpu-x86-64/flamegraph.svg", "XML", 0, 0, 0, 0, 0, 0, 0, 0, 0, 0, 0, 585, 0, 0, 0, 2, 24, 611
"/home/franco/Documents/GitHub/Simulatore-cpu-x86-64/include/addressCalculator.hpp", "C++", 0, 0, 21, 0, 0, 0, 0, 0, 0, 0, 0, 0, 0, 0, 0, 0, 17, 38
"/home/franco/Documents/GitHub/Simulatore-cpu-x86-64/include/alu.hpp", "C++", 0, 0, 16, 0, 0, 0, 0, 0, 0, 0, 0, 0, 0, 0, 0, 153, 12, 181
"/home/franco/Documents/GitHub/Simulatore-cpu-x86-64/include/bus.hpp", "C++", 0, 0, 24, 0, 0, 0, 0, 0, 0, 0, 0, 0, 0, 0, 0, 0, 9, 33
"/home/franco/Documents/GitHub/Simulatore-cpu-x86-64/include/cacheManager.hpp", "C++", 0, 0, 304, 0, 0, 0, 0, 0, 0, 0, 0, 0, 0, 0, 0, 53, 132, 489
"/home/franco/Documents/GitHub/Simulatore-cpu-x86-64/include/clock.hpp", "C++", 0, 0, 12, 0, 0, 0, 0, 0, 0, 0, 0, 0, 0, 0, 0, 0, 4, 16
"/home/franco/Documents/GitHub/Simulatore-cpu-x86-64/include/controlUnit.hpp", "C++", 0, 0, 31, 0, 0, 0, 0, 0, 0, 0, 0, 0, 0, 0, 0, 2, 26, 59
"/home/franco/Documents/GitHub/Simulatore-cpu-x86-64/include/cpu.hpp", "C++", 0, 0, 46, 0, 0, 0, 0, 0, 0, 0, 0, 0, 0, 0, 0, 6, 39, 91
"/home/franco/Documents/GitHub/Simulatore-cpu-x86-64/include/decoder.hpp", "C++", 0, 0, 30, 0, 0, 0, 0, 0, 0, 0, 0, 0, 0, 0, 0, 11, 25, 66
"/home/franco/Documents/GitHub/Simulatore-cpu-x86-64/include/device.hpp", "C++", 0, 0, 16, 0, 0, 0, 0, 0, 0, 0, 0, 0, 0, 0, 0, 1, 15, 32
"/home/franco/Documents/GitHub/Simulatore-cpu-x86-64/include/helpers.hpp", "C++", 0, 0, 290, 0, 0, 0, 0, 0, 0, 0, 0, 0, 0, 0, 0, 24, 80, 394
"/home/franco/Documents/GitHub/Simulatore-cpu-x86-64/include/instruction.hpp", "C++", 0, 0, 123, 0, 0, 0, 0, 0, 0, 0, 0, 0, 0, 0, 0, 13, 76, 212
"/home/franco/Documents/GitHub/Simulatore-cpu-x86-64/include/instruction_code_map.hpp", "C++", 0, 0, 15, 0, 0, 0, 0, 0, 0, 0, 0, 0, 0, 0, 0, 6, 23, 44
"/home/franco/Documents/GitHub/Simulatore-cpu-x86-64/include/instruction_wrapper.hpp", "C++", 0, 0, 7, 0, 0, 0, 0, 0, 0, 0, 0, 0, 0, 0, 0, 0, 1, 8
"/home/franco/Documents/GitHub/Simulatore-cpu-x86-64/include/instructions/add_instruction.hpp", "C++", 0, 0, 18, 0, 0, 0, 0, 0, 0, 0, 0, 0, 0, 0, 0, 3, 10, 31
"/home/franco/Documents/GitHub/Simulatore-cpu-x86-64/include/instructions/mov_instruction.hpp", "C++", 0, 0, 18, 0, 0, 0, 0, 0, 0, 0, 0, 0, 0, 0, 0, 2, 14, 34
"/home/franco/Documents/GitHub/Simulatore-cpu-x86-64/include/instructions/sub_instruction.hpp", "C++", 0, 0, 18, 0, 0, 0, 0, 0, 0, 0, 0, 0, 0, 0, 0, 3, 10, 31
"/home/franco/Documents/GitHub/Simulatore-cpu-x86-64/include/memory.hpp", "C++", 0, 0, 64, 0, 0, 0, 0, 0, 0, 0, 0, 0, 0, 0, 0, 11, 38, 113
"/home/franco/Documents/GitHub/Simulatore-cpu-x86-64/include/opcode_map.hpp", "C++", 0, 0, 21, 0, 0, 0, 0, 0, 0, 0, 0, 0, 0, 0, 0, 2, 6, 29
"/home/franco/Documents/GitHub/Simulatore-cpu-x86-64/include/operands.hpp", "C++", 0, 0, 68, 0, 0, 0, 0, 0, 0, 0, 0, 0, 0, 0, 0, 2, 29, 99
"/home/franco/Documents/GitHub/Simulatore-cpu-x86-64/include/pipeline.hpp", "C++", 0, 0, 165, 0, 0, 0, 0, 0, 0, 0, 0, 0, 0, 0, 0, 26, 138, 329
"/home/franco/Documents/GitHub/Simulatore-cpu-x86-64/include/registerFile.hpp", "C++", 0, 0, 55, 0, 0, 0, 0, 0, 0, 0, 0, 0, 0, 0, 0, 7, 41, 103
"/home/franco/Documents/GitHub/Simulatore-cpu-x86-64/makefile", "Makefile", 0, 35, 0, 0, 0, 0, 0, 0, 0, 0, 0, 0, 0, 0, 0, 18, 18, 71
"/home/franco/Documents/GitHub/Simulatore-cpu-x86-64/pybind11/.appveyor.yml", "YAML", 0, 0, 0, 0, 0, 0, 35, 0, 0, 0, 0, 0, 0, 0, 0, 0, 1, 36
"/home/franco/Documents/GitHub/Simulatore-cpu-x86-64/pybind11/.cmake-format.yaml", "YAML", 0, 0, 0, 0, 0, 0, 31, 0, 0, 0, 0, 0, 0, 0, 0, 28, 15, 74
"/home/franco/Documents/GitHub/Simulatore-cpu-x86-64/pybind11/.github/CONTRIBUTING.md", "Markdown", 0, 0, 0, 0, 266, 0, 0, 0, 0, 0, 0, 0, 0, 0, 0, 0, 84, 350
"/home/franco/Documents/GitHub/Simulatore-cpu-x86-64/pybind11/.github/ISSUE_TEMPLATE/bug-report.yml", "YAML", 0, 0, 0, 0, 0, 0, 56, 0, 0, 0, 0, 0, 0, 0, 0, 0, 6, 62
"/home/franco/Documents/GitHub/Simulatore-cpu-x86-64/pybind11/.github/ISSUE_TEMPLATE/config.yml", "YAML", 0, 0, 0, 0, 0, 0, 8, 0, 0, 0, 0, 0, 0, 0, 0, 0, 1, 9
"/home/franco/Documents/GitHub/Simulatore-cpu-x86-64/pybind11/.github/dependabot.yml", "YAML", 0, 0, 0, 0, 0, 0, 14, 0, 0, 0, 0, 0, 0, 0, 0, 1, 1, 16
"/home/franco/Documents/GitHub/Simulatore-cpu-x86-64/pybind11/.github/labeler.yml", "YAML", 0, 0, 0, 0, 0, 0, 12, 0, 0, 0, 0, 0, 0, 0, 0, 0, 2, 14
"/home/franco/Documents/GitHub/Simulatore-cpu-x86-64/pybind11/.github/labeler_merged.yml", "YAML", 0, 0, 0, 0, 0, 0, 6, 0, 0, 0, 0, 0, 0, 0, 0, 2, 1, 9
"/home/franco/Documents/GitHub/Simulatore-cpu-x86-64/pybind11/.github/matchers/pylint.json", "JSON", 0, 0, 0, 0, 0, 0, 0, 0, 32, 0, 0, 0, 0, 0, 0, 0, 1, 33
"/home/franco/Documents/GitHub/Simulatore-cpu-x86-64/pybind11/.github/pull_request_template.md", "Markdown", 0, 0, 0, 0, 3, 0, 0, 0, 0, 0, 0, 0, 0, 0, 0, 7, 6, 16
"/home/franco/Documents/GitHub/Simulatore-cpu-x86-64/pybind11/.github/workflows/ci.yml", "YAML", 0, 0, 0, 0, 0, 0, 904, 0, 0, 0, 0, 0, 0, 0, 0, 81, 223, 1208
"/home/franco/Documents/GitHub/Simulatore-cpu-x86-64/pybind11/.github/workflows/configure.yml", "YAML", 0, 0, 0, 0, 0, 0, 62, 0, 0, 0, 0, 0, 0, 0, 0, 6, 18, 86
"/home/franco/Documents/GitHub/Simulatore-cpu-x86-64/pybind11/.github/workflows/docs-link.yml", "YAML", 0, 0, 0, 0, 0, 0, 32, 0, 0, 0, 0, 0, 0, 0, 0, 2, 8, 42
"/home/franco/Documents/GitHub/Simulatore-cpu-x86-64/pybind11/.github/workflows/format.yml", "YAML", 0, 0, 0, 0, 0, 0, 40, 0, 0, 0, 0, 0, 0, 0, 0, 5, 10, 55
"/home/franco/Documents/GitHub/Simulatore-cpu-x86-64/pybind11/.github/workflows/labeler.yml", "YAML", 0, 0, 0, 0, 0, 0, 22, 0, 0, 0, 0, 0, 0, 0, 0, 0, 4, 26
"/home/franco/Documents/GitHub/Simulatore-cpu-x86-64/pybind11/.github/workflows/nightlies.yml", "YAML", 0, 0, 0, 0, 0, 0, 47, 0, 0, 0, 0, 0, 0, 0, 0, 2, 11, 60
"/home/franco/Documents/GitHub/Simulatore-cpu-x86-64/pybind11/.github/workflows/pip.yml", "YAML", 0, 0, 0, 0, 0, 0, 86, 0, 0, 0, 0, 0, 0, 0, 0, 6, 27, 119
"/home/franco/Documents/GitHub/Simulatore-cpu-x86-64/pybind11/.github/workflows/reusable-standard.yml", "YAML", 0, 0, 0, 0, 0, 0, 76, 0, 0, 0, 0, 0, 0, 0, 0, 3, 19, 98
"/home/franco/Documents/GitHub/Simulatore-cpu-x86-64/pybind11/.github/workflows/tests-cibw.yml", "YAML", 0, 0, 0, 0, 0, 0, 72, 0, 0, 0, 0, 0, 0, 0, 0, 3, 13, 88
"/home/franco/Documents/GitHub/Simulatore-cpu-x86-64/pybind11/.github/workflows/upstream.yml", "YAML", 0, 0, 0, 0, 0, 0, 84, 0, 0, 0, 0, 0, 0, 0, 0, 7, 26, 117
"/home/franco/Documents/GitHub/Simulatore-cpu-x86-64/pybind11/.pre-commit-config.yaml", "YAML", 0, 0, 0, 0, 0, 0, 101, 0, 0, 0, 0, 0, 0, 0, 0, 30, 19, 150
"/home/franco/Documents/GitHub/Simulatore-cpu-x86-64/pybind11/.readthedocs.yml", "YAML", 0, 0, 0, 0, 0, 0, 14, 0, 0, 0, 0, 0, 0, 0, 0, 1, 6, 21
"/home/franco/Documents/GitHub/Simulatore-cpu-x86-64/pybind11/CMakeLists.txt", "CMake", 0, 0, 0, 0, 0, 375, 0, 0, 0, 0, 0, 0, 0, 0, 0, 0, 51, 426
"/home/franco/Documents/GitHub/Simulatore-cpu-x86-64/pybind11/CMakePresets.json", "JSON", 0, 0, 0, 0, 0, 0, 0, 0, 93, 0, 0, 0, 0, 0, 0, 0, 1, 94
"/home/franco/Documents/GitHub/Simulatore-cpu-x86-64/pybind11/README.rst", "reStructuredText", 0, 0, 0, 0, 0, 0, 0, 0, 0, 162, 0, 0, 0, 0, 0, 13, 42, 217
"/home/franco/Documents/GitHub/Simulatore-cpu-x86-64/pybind11/SECURITY.md", "Markdown", 0, 0, 0, 0, 7, 0, 0, 0, 0, 0, 0, 0, 0, 0, 0, 0, 7, 14
"/home/franco/Documents/GitHub/Simulatore-cpu-x86-64/pybind11/docs/_static/css/custom.css", "PostCSS", 0, 0, 0, 0, 0, 0, 0, 0, 0, 0, 0, 0, 3, 0, 0, 0, 1, 4
"/home/franco/Documents/GitHub/Simulatore-cpu-x86-64/pybind11/docs/advanced/cast/chrono.rst", "reStructuredText", 0, 0, 0, 0, 0, 0, 0, 0, 0, 62, 0, 0, 0, 0, 0, 2, 18, 82
"/home/franco/Documents/GitHub/Simulatore-cpu-x86-64/pybind11/docs/advanced/cast/custom.rst", "reStructuredText", 0, 0, 0, 0, 0, 0, 0, 0, 0, 99, 0, 0, 0, 0, 0, 9, 30, 138
"/home/franco/Documents/GitHub/Simulatore-cpu-x86-64/pybind11/docs/advanced/cast/eigen.rst", "reStructuredText", 0, 0, 0, 0, 0, 0, 0, 0, 0, 229, 0, 0, 0, 0, 0, 13, 69, 311
"/home/franco/Documents/GitHub/Simulatore-cpu-x86-64/pybind11/docs/advanced/cast/functional.rst", "reStructuredText", 0, 0, 0, 0, 0, 0, 0, 0, 0, 74, 0, 0, 0, 0, 0, 9, 27, 110
"/home/franco/Documents/GitHub/Simulatore-cpu-x86-64/pybind11/docs/advanced/cast/index.rst", "reStructuredText", 0, 0, 0, 0, 0, 0, 0, 0, 0, 31, 0, 0, 0, 0, 0, 2, 11, 44
"/home/franco/Documents/GitHub/Simulatore-cpu-x86-64/pybind11/docs/advanced/cast/overview.rst", "reStructuredText", 0, 0, 0, 0, 0, 0, 0, 0, 0, 139, 0, 0, 0, 0, 0, 9, 23, 171
"/home/franco/Documents/GitHub/Simulatore-cpu-x86-64/pybind11/docs/advanced/cast/stl.rst", "reStructuredText", 0, 0, 0, 0, 0, 0, 0, 0, 0, 164, 0, 0, 0, 0, 0, 19, 67, 250
"/home/franco/Documents/GitHub/Simulatore-cpu-x86-64/pybind11/docs/advanced/cast/strings.rst", "reStructuredText", 0, 0, 0, 0, 0, 0, 0, 0, 0, 192, 0, 0, 0, 0, 0, 18, 87, 297
"/home/franco/Documents/GitHub/Simulatore-cpu-x86-64/pybind11/docs/advanced/classes.rst", "reStructuredText", 0, 0, 0, 0, 0, 0, 0, 0, 0, 968, 0, 0, 0, 0, 0, 104, 342, 1414
"/home/franco/Documents/GitHub/Simulatore-cpu-x86-64/pybind11/docs/advanced/deadlock.md", "Markdown", 0, 0, 0, 0, 327, 0, 0, 0, 0, 0, 0, 0, 0, 0, 0, 0, 65, 392
"/home/franco/Documents/GitHub/Simulatore-cpu-x86-64/pybind11/docs/advanced/deprecated.rst", "reStructuredText", 0, 0, 0, 0, 0, 0, 0, 0, 0, 123, 0, 0, 0, 0, 0, 13, 44, 180
"/home/franco/Documents/GitHub/Simulatore-cpu-x86-64/pybind11/docs/advanced/embedding.rst", "reStructuredText", 0, 0, 0, 0, 0, 0, 0, 0, 0, 342, 0, 0, 0, 0, 0, 21, 133, 496
"/home/franco/Documents/GitHub/Simulatore-cpu-x86-64/pybind11/docs/advanced/exceptions.rst", "reStructuredText", 0, 0, 0, 0, 0, 0, 0, 0, 0, 306, 0, 0, 0, 0, 0, 22, 95, 423
"/home/franco/Documents/GitHub/Simulatore-cpu-x86-64/pybind11/docs/advanced/functions.rst", "reStructuredText", 0, 0, 0, 0, 0, 0, 0, 0, 0, 396, 0, 0, 0, 0, 0, 54, 167, 617
"/home/franco/Documents/GitHub/Simulatore-cpu-x86-64/pybind11/docs/advanced/misc.rst", "reStructuredText", 0, 0, 0, 0, 0, 0, 0, 0, 0, 410, 0, 0, 0, 0, 0, 42, 164, 616
"/home/franco/Documents/GitHub/Simulatore-cpu-x86-64/pybind11/docs/advanced/pycpp/index.rst", "reStructuredText", 0, 0, 0, 0, 0, 0, 0, 0, 0, 9, 0, 0, 0, 0, 0, 1, 4, 14
"/home/franco/Documents/GitHub/Simulatore-cpu-x86-64/pybind11/docs/advanced/pycpp/numpy.rst", "reStructuredText", 0, 0, 0, 0, 0, 0, 0, 0, 0, 337, 0, 0, 0, 0, 0, 27, 130, 494
"/home/franco/Documents/GitHub/Simulatore-cpu-x86-64/pybind11/docs/advanced/pycpp/object.rst", "reStructuredText", 0, 0, 0, 0, 0, 0, 0, 0, 0, 158, 0, 0, 0, 0, 0, 32, 97, 287
"/home/franco/Documents/GitHub/Simulatore-cpu-x86-64/pybind11/docs/advanced/pycpp/utilities.rst", "reStructuredText", 0, 0, 0, 0, 0, 0, 0, 0, 0, 99, 0, 0, 0, 0, 0, 14, 43, 156
"/home/franco/Documents/GitHub/Simulatore-cpu-x86-64/pybind11/docs/advanced/smart_ptrs.rst", "reStructuredText", 0, 0, 0, 0, 0, 0, 0, 0, 0, 105, 0, 0, 0, 0, 0, 15, 60, 180
"/home/franco/Documents/GitHub/Simulatore-cpu-x86-64/pybind11/docs/basics.rst", "reStructuredText", 0, 0, 0, 0, 0, 0, 0, 0, 0, 177, 0, 0, 0, 0, 0, 35, 105, 317
"/home/franco/Documents/GitHub/Simulatore-cpu-x86-64/pybind11/docs/benchmark.py", "Python", 75, 0, 0, 0, 0, 0, 0, 0, 0, 0, 0, 0, 0, 0, 0, 0, 15, 90
"/home/franco/Documents/GitHub/Simulatore-cpu-x86-64/pybind11/docs/benchmark.rst", "reStructuredText", 0, 0, 0, 0, 0, 0, 0, 0, 0, 53, 0, 0, 0, 0, 0, 16, 27, 96
"/home/franco/Documents/GitHub/Simulatore-cpu-x86-64/pybind11/docs/changelog.md", "Markdown", 0, 0, 0, 0, 2716, 0, 0, 0, 0, 0, 0, 0, 0, 0, 0, 7, 512, 3235
"/home/franco/Documents/GitHub/Simulatore-cpu-x86-64/pybind11/docs/classes.rst", "reStructuredText", 0, 0, 0, 0, 0, 0, 0, 0, 0, 420, 0, 0, 0, 0, 0, 51, 182, 653
"/home/franco/Documents/GitHub/Simulatore-cpu-x86-64/pybind11/docs/cmake/index.rst", "reStructuredText", 0, 0, 0, 0, 0, 0, 0, 0, 0, 5, 0, 0, 0, 0, 0, 1, 3, 9
"/home/franco/Documents/GitHub/Simulatore-cpu-x86-64/pybind11/docs/compiling.rst", "reStructuredText", 0, 0, 0, 0, 0, 0, 0, 0, 0, 447, 0, 0, 0, 0, 0, 66, 219, 732
"/home/franco/Documents/GitHub/Simulatore-cpu-x86-64/pybind11/docs/conf.py", "Python", 51, 0, 0, 0, 0, 0, 0, 0, 0, 0, 0, 0, 0, 0, 0, 260, 59, 370
"/home/franco/Documents/GitHub/Simulatore-cpu-x86-64/pybind11/docs/faq.rst", "reStructuredText", 0, 0, 0, 0, 0, 0, 0, 0, 0, 228, 0, 0, 0, 0, 0, 21, 103, 352
"/home/franco/Documents/GitHub/Simulatore-cpu-x86-64/pybind11/docs/index.rst", "reStructuredText", 0, 0, 0, 0, 0, 0, 0, 0, 0, 30, 0, 0, 0, 0, 0, 7, 13, 50
"/home/franco/Documents/GitHub/Simulatore-cpu-x86-64/pybind11/docs/installing.rst", "reStructuredText", 0, 0, 0, 0, 0, 0, 0, 0, 0, 62, 0, 0, 0, 0, 0, 10, 34, 106
"/home/franco/Documents/GitHub/Simulatore-cpu-x86-64/pybind11/docs/limitations.rst", "reStructuredText", 0, 0, 0, 0, 0, 0, 0, 0, 0, 51, 0, 0, 0, 0, 0, 0, 18, 69
"/home/franco/Documents/GitHub/Simulatore-cpu-x86-64/pybind11/docs/pybind11_vs_boost_python1.svg", "XML", 0, 0, 0, 0, 0, 0, 0, 0, 0, 0, 0, 427, 0, 0, 0, 0, 1, 428
"/home/franco/Documents/GitHub/Simulatore-cpu-x86-64/pybind11/docs/pybind11_vs_boost_python2.svg", "XML", 0, 0, 0, 0, 0, 0, 0, 0, 0, 0, 0, 427, 0, 0, 0, 0, 1, 428
"/home/franco/Documents/GitHub/Simulatore-cpu-x86-64/pybind11/docs/reference.rst", "reStructuredText", 0, 0, 0, 0, 0, 0, 0, 0, 0, 43, 0, 0, 0, 0, 0, 37, 51, 131
"/home/franco/Documents/GitHub/Simulatore-cpu-x86-64/pybind11/docs/release.rst", "reStructuredText", 0, 0, 0, 0, 0, 0, 0, 0, 0, 84, 0, 0, 0, 0, 0, 2, 50, 136
"/home/franco/Documents/GitHub/Simulatore-cpu-x86-64/pybind11/docs/requirements.in", "pip requirements", 0, 0, 0, 0, 0, 0, 0, 0, 0, 0, 0, 0, 0, 7, 0, 0, 1, 8
"/home/franco/Documents/GitHub/Simulatore-cpu-x86-64/pybind11/docs/requirements.txt", "pip requirements", 0, 0, 0, 0, 0, 0, 0, 0, 0, 0, 0, 0, 0, 36, 0, 55, 1, 92
"/home/franco/Documents/GitHub/Simulatore-cpu-x86-64/pybind11/docs/upgrade.rst", "reStructuredText", 0, 0, 0, 0, 0, 0, 0, 0, 0, 527, 0, 0, 0, 0, 0, 27, 195, 749
"/home/franco/Documents/GitHub/Simulatore-cpu-x86-64/pybind11/include/pybind11/attr.h", "C++", 0, 0, 443, 0, 0, 0, 0, 0, 0, 0, 0, 0, 0, 0, 0, 151, 135, 729
"/home/franco/Documents/GitHub/Simulatore-cpu-x86-64/pybind11/include/pybind11/buffer_info.h", "C++", 0, 0, 154, 0, 0, 0, 0, 0, 0, 0, 0, 0, 0, 0, 0, 25, 30, 209
"/home/franco/Documents/GitHub/Simulatore-cpu-x86-64/pybind11/include/pybind11/cast.h", "C++", 0, 0, 1889, 0, 0, 0, 0, 0, 0, 0, 0, 0, 0, 0, 0, 251, 266, 2406
"/home/franco/Documents/GitHub/Simulatore-cpu-x86-64/pybind11/include/pybind11/chrono.h", "C++", 0, 0, 165, 0, 0, 0, 0, 0, 0, 0, 0, 0, 0, 0, 0, 31, 33, 229
"/home/franco/Documents/GitHub/Simulatore-cpu-x86-64/pybind11/include/pybind11/common.h", "C++", 0, 0, 2, 0, 0, 0, 0, 0, 0, 0, 0, 0, 0, 0, 0, 0, 1, 3
"/home/franco/Documents/GitHub/Simulatore-cpu-x86-64/pybind11/include/pybind11/complex.h", "C++", 0, 0, 68, 0, 0, 0, 0, 0, 0, 0, 0, 0, 0, 0, 0, 11, 15, 94
"/home/franco/Documents/GitHub/Simulatore-cpu-x86-64/pybind11/include/pybind11/conduit/pybind11_conduit_v1.h", "C++", 0, 0, 38, 0, 0, 0, 0, 0, 0, 0, 0, 0, 0, 0, 0, 71, 8, 117
"/home/franco/Documents/GitHub/Simulatore-cpu-x86-64/pybind11/include/pybind11/conduit/pybind11_platform_abi_id.h", "C++", 0, 0, 66, 0, 0, 0, 0, 0, 0, 0, 0, 0, 0, 0, 0, 12, 10, 88
"/home/franco/Documents/GitHub/Simulatore-cpu-x86-64/pybind11/include/pybind11/conduit/wrap_include_python_h.h", "C++", 0, 0, 38, 0, 0, 0, 0, 0, 0, 0, 0, 0, 0, 0, 0, 23, 12, 73
"/home/franco/Documents/GitHub/Simulatore-cpu-x86-64/pybind11/include/pybind11/critical_section.h", "C++", 0, 0, 43, 0, 0, 0, 0, 0, 0, 0, 0, 0, 0, 0, 0, 5, 9, 57
"/home/franco/Documents/GitHub/Simulatore-cpu-x86-64/pybind11/include/pybind11/detail/argument_vector.h", "C++", 0, 0, 245, 0, 0, 0, 0, 0, 0, 0, 0, 0, 0, 0, 0, 39, 47, 331
"/home/franco/Documents/GitHub/Simulatore-cpu-x86-64/pybind11/include/pybind11/detail/class.h", "C++", 0, 0, 586, 0, 0, 0, 0, 0, 0, 0, 0, 0, 0, 0, 0, 126, 125, 837
"/home/franco/Documents/GitHub/Simulatore-cpu-x86-64/pybind11/include/pybind11/detail/common.h", "C++", 0, 0, 870, 0, 0, 0, 0, 0, 0, 0, 0, 0, 0, 0, 0, 349, 140, 1359
"/home/franco/Documents/GitHub/Simulatore-cpu-x86-64/pybind11/include/pybind11/detail/cpp_conduit.h", "C++", 0, 0, 62, 0, 0, 0, 0, 0, 0, 0, 0, 0, 0, 0, 0, 2, 12, 76
"/home/franco/Documents/GitHub/Simulatore-cpu-x86-64/pybind11/include/pybind11/detail/descr.h", "C++", 0, 0, 171, 0, 0, 0, 0, 0, 0, 0, 0, 0, 0, 0, 0, 19, 37, 227
"/home/franco/Documents/GitHub/Simulatore-cpu-x86-64/pybind11/include/pybind11/detail/dynamic_raw_ptr_cast_if_possible.h", "C++", 0, 0, 27, 0, 0, 0, 0, 0, 0, 0, 0, 0, 0, 0, 0, 3, 10, 40
"/home/franco/Documents/GitHub/Simulatore-cpu-x86-64/pybind11/include/pybind11/detail/exception_translation.h", "C++", 0, 0, 35, 0, 0, 0, 0, 0, 0, 0, 0, 0, 0, 0, 0, 27, 10, 72
"/home/franco/Documents/GitHub/Simulatore-cpu-x86-64/pybind11/include/pybind11/detail/function_record_pyobject.h", "C++", 0, 0, 129, 0, 0, 0, 0, 0, 0, 0, 0, 0, 0, 0, 0, 34, 30, 193
"/home/franco/Documents/GitHub/Simulatore-cpu-x86-64/pybind11/include/pybind11/detail/holder_caster_foreign_helpers.h", "C++", 0, 0, 59, 0, 0, 0, 0, 0, 0, 0, 0, 0, 0, 0, 0, 15, 13, 87
"/home/franco/Documents/GitHub/Simulatore-cpu-x86-64/pybind11/include/pybind11/detail/init.h", "C++", 0, 0, 405, 0, 0, 0, 0, 0, 0, 0, 0, 0, 0, 0, 0, 87, 53, 545
"/home/franco/Documents/GitHub/Simulatore-cpu-x86-64/pybind11/include/pybind11/detail/internals.h", "C++", 0, 0, 619, 0, 0, 0, 0, 0, 0, 0, 0, 0, 0, 0, 0, 156, 88, 863
"/home/franco/Documents/GitHub/Simulatore-cpu-x86-64/pybind11/include/pybind11/detail/native_enum_data.h", "C++", 0, 0, 189, 0, 0, 0, 0, 0, 0, 0, 0, 0, 0, 0, 0, 14, 25, 228
"/home/franco/Documents/GitHub/Simulatore-cpu-x86-64/pybind11/include/pybind11/detail/pybind11_namespace_macros.h", "C++", 0, 0, 55, 0, 0, 0, 0, 0, 0, 0, 0, 0, 0, 0, 0, 17, 11, 83
"/home/franco/Documents/GitHub/Simulatore-cpu-x86-64/pybind11/include/pybind11/detail/struct_smart_holder.h", "C++", 0, 0, 261, 0, 0, 0, 0, 0, 0, 0, 0, 0, 0, 0, 0, 92, 46, 399
"/home/franco/Documents/GitHub/Simulatore-cpu-x86-64/pybind11/include/pybind11/detail/type_caster_base.h", "C++", 0, 0, 1223, 0, 0, 0, 0, 0, 0, 0, 0, 0, 0, 0, 0, 306, 183, 1712
"/home/franco/Documents/GitHub/Simulatore-cpu-x86-64/pybind11/include/pybind11/detail/typeid.h", "C++", 0, 0, 44, 0, 0, 0, 0, 0, 0, 0, 0, 0, 0, 0, 0, 10, 12, 66
"/home/franco/Documents/GitHub/Simulatore-cpu-x86-64/pybind11/include/pybind11/detail/using_smart_holder.h", "C++", 0, 0, 11, 0, 0, 0, 0, 0, 0, 0, 0, 0, 0, 0, 0, 3, 9, 23
"/home/franco/Documents/GitHub/Simulatore-cpu-x86-64/pybind11/include/pybind11/detail/value_and_holder.h", "C++", 0, 0, 62, 0, 0, 0, 0, 0, 0, 0, 0, 0, 0, 0, 0, 16, 13, 91
"/home/franco/Documents/GitHub/Simulatore-cpu-x86-64/pybind11/include/pybind11/eigen.h", "C++", 0, 0, 2, 0, 0, 0, 0, 0, 0, 0, 0, 0, 0, 0, 0, 8, 3, 13
"/home/franco/Documents/GitHub/Simulatore-cpu-x86-64/pybind11/include/pybind11/eigen/common.h", "C++", 0, 0, 4, 0, 0, 0, 0, 0, 0, 0, 0, 0, 0, 0, 0, 3, 3, 10
"/home/franco/Documents/GitHub/Simulatore-cpu-x86-64/pybind11/include/pybind11/eigen/matrix.h", "C++", 0, 0, 516, 0, 0, 0, 0, 0, 0, 0, 0, 0, 0, 0, 0, 122, 86, 724
"/home/franco/Documents/GitHub/Simulatore-cpu-x86-64/pybind11/include/pybind11/eigen/tensor.h", "C++", 0, 0, 397, 0, 0, 0, 0, 0, 0, 0, 0, 0, 0, 0, 0, 23, 101, 521
"/home/franco/Documents/GitHub/Simulatore-cpu-x86-64/pybind11/include/pybind11/embed.h", "C++", 0, 0, 158, 0, 0, 0, 0, 0, 0, 0, 0, 0, 0, 0, 0, 127, 36, 321
"/home/franco/Documents/GitHub/Simulatore-cpu-x86-64/pybind11/include/pybind11/eval.h", "C++", 0, 0, 116, 0, 0, 0, 0, 0, 0, 0, 0, 0, 0, 0, 0, 20, 26, 162
"/home/franco/Documents/GitHub/Simulatore-cpu-x86-64/pybind11/include/pybind11/functional.h", "C++", 0, 0, 104, 0, 0, 0, 0, 0, 0, 0, 0, 0, 0, 0, 0, 24, 20, 148
"/home/franco/Documents/GitHub/Simulatore-cpu-x86-64/pybind11/include/pybind11/gil.h", "C++", 0, 0, 116, 0, 0, 0, 0, 0, 0, 0, 0, 0, 0, 0, 0, 53, 35, 204
"/home/franco/Documents/GitHub/Simulatore-cpu-x86-64/pybind11/include/pybind11/gil_safe_call_once.h", "C++", 0, 0, 46, 0, 0, 0, 0, 0, 0, 0, 0, 0, 0, 0, 0, 46, 11, 103
"/home/franco/Documents/GitHub/Simulatore-cpu-x86-64/pybind11/include/pybind11/gil_simple.h", "C++", 0, 0, 24, 0, 0, 0, 0, 0, 0, 0, 0, 0, 0, 0, 0, 4, 10, 38
"/home/franco/Documents/GitHub/Simulatore-cpu-x86-64/pybind11/include/pybind11/iostream.h", "C++", 0, 0, 138, 0, 0, 0, 0, 0, 0, 0, 0, 0, 0, 0, 0, 97, 31, 266
"/home/franco/Documents/GitHub/Simulatore-cpu-x86-64/pybind11/include/pybind11/native_enum.h", "C++", 0, 0, 58, 0, 0, 0, 0, 0, 0, 0, 0, 0, 0, 0, 0, 7, 12, 77
"/home/franco/Documents/GitHub/Simulatore-cpu-x86-64/pybind11/include/pybind11/numpy.h", "C++", 0, 0, 1732, 0, 0, 0, 0, 0, 0, 0, 0, 0, 0, 0, 0, 274, 307, 2313
"/home/franco/Documents/GitHub/Simulatore-cpu-x86-64/pybind11/include/pybind11/operators.h", "C++", 0, 0, 167, 0, 0, 0, 0, 0, 0, 0, 0, 0, 0, 0, 0, 18, 18, 203
"/home/franco/Documents/GitHub/Simulatore-cpu-x86-64/pybind11/include/pybind11/options.h", "C++", 0, 0, 54, 0, 0, 0, 0, 0, 0, 0, 0, 0, 0, 0, 0, 16, 23, 93
"/home/franco/Documents/GitHub/Simulatore-cpu-x86-64/pybind11/include/pybind11/pybind11.h", "C++", 0, 0, 2772, 0, 0, 0, 0, 0, 0, 0, 0, 0, 0, 0, 0, 553, 389, 3714
"/home/franco/Documents/GitHub/Simulatore-cpu-x86-64/pybind11/include/pybind11/pytypes.h", "C++", 0, 0, 1950, 0, 0, 0, 0, 0, 0, 0, 0, 0, 0, 0, 0, 430, 301, 2681
"/home/franco/Documents/GitHub/Simulatore-cpu-x86-64/pybind11/include/pybind11/stl.h", "C++", 0, 0, 489, 0, 0, 0, 0, 0, 0, 0, 0, 0, 0, 0, 0, 97, 81, 667
"/home/franco/Documents/GitHub/Simulatore-cpu-x86-64/pybind11/include/pybind11/stl/filesystem.h", "C++", 0, 0, 89, 0, 0, 0, 0, 0, 0, 0, 0, 0, 0, 0, 0, 10, 16, 115
"/home/franco/Documents/GitHub/Simulatore-cpu-x86-64/pybind11/include/pybind11/stl_bind.h", "C++", 0, 0, 670, 0, 0, 0, 0, 0, 0, 0, 0, 0, 0, 0, 0, 68, 121, 859
"/home/franco/Documents/GitHub/Simulatore-cpu-x86-64/pybind11/include/pybind11/subinterpreter.h", "C++", 0, 0, 184, 0, 0, 0, 0, 0, 0, 0, 0, 0, 0, 0, 0, 64, 52, 300
"/home/franco/Documents/GitHub/Simulatore-cpu-x86-64/pybind11/include/pybind11/trampoline_self_life_support.h", "C++", 0, 0, 41, 0, 0, 0, 0, 0, 0, 0, 0, 0, 0, 0, 0, 11, 14, 66
"/home/franco/Documents/GitHub/Simulatore-cpu-x86-64/pybind11/include/pybind11/type_caster_pyobject_ptr.h", "C++", 0, 0, 48, 0, 0, 0, 0, 0, 0, 0, 0, 0, 0, 0, 0, 2, 12, 62
"/home/franco/Documents/GitHub/Simulatore-cpu-x86-64/pybind11/include/pybind11/typing.h", "C++", 0, 0, 223, 0, 0, 0, 0, 0, 0, 0, 0, 0, 0, 0, 0, 22, 51, 296
"/home/franco/Documents/GitHub/Simulatore-cpu-x86-64/pybind11/include/pybind11/warnings.h", "C++", 0, 0, 54, 0, 0, 0, 0, 0, 0, 0, 0, 0, 0, 0, 0, 9, 13, 76
"/home/franco/Documents/GitHub/Simulatore-cpu-x86-64/pybind11/noxfile.py", "Python", 94, 0, 0, 0, 0, 0, 0, 0, 0, 0, 0, 0, 0, 0, 0, 28, 30, 152
"/home/franco/Documents/GitHub/Simulatore-cpu-x86-64/pybind11/pybind11/__init__.py", "Python", 14, 0, 0, 0, 0, 0, 0, 0, 0, 0, 0, 0, 0, 0, 0, 0, 6, 20
"/home/franco/Documents/GitHub/Simulatore-cpu-x86-64/pybind11/pybind11/__main__.py", "Python", 74, 0, 0, 0, 0, 0, 0, 0, 0, 0, 0, 0, 0, 0, 0, 9, 15, 98
"/home/franco/Documents/GitHub/Simulatore-cpu-x86-64/pybind11/pybind11/_version.py", "Python", 10, 0, 0, 0, 0, 0, 0, 0, 0, 0, 0, 0, 0, 0, 0, 21, 4, 35
"/home/franco/Documents/GitHub/Simulatore-cpu-x86-64/pybind11/pybind11/commands.py", "Python", 19, 0, 0, 0, 0, 0, 0, 0, 0, 0, 0, 0, 0, 0, 0, 10, 11, 40
"/home/franco/Documents/GitHub/Simulatore-cpu-x86-64/pybind11/pybind11/setup_helpers.py", "Python", 249, 0, 0, 0, 0, 0, 0, 0, 0, 0, 0, 0, 0, 0, 0, 170, 82, 501
"/home/franco/Documents/GitHub/Simulatore-cpu-x86-64/pybind11/tests/CMakeLists.txt", "CMake", 0, 0, 0, 0, 0, 588, 0, 0, 0, 0, 0, 0, 0, 0, 0, 0, 73, 661
"/home/franco/Documents/GitHub/Simulatore-cpu-x86-64/pybind11/tests/conftest.py", "Python", 196, 0, 0, 0, 0, 0, 0, 0, 0, 0, 0, 0, 0, 0, 0, 44, 74, 314
"/home/franco/Documents/GitHub/Simulatore-cpu-x86-64/pybind11/tests/constructor_stats.h", "C++", 0, 0, 227, 0, 0, 0, 0, 0, 0, 0, 0, 0, 0, 0, 0, 84, 20, 331
"/home/franco/Documents/GitHub/Simulatore-cpu-x86-64/pybind11/tests/cross_module_gil_utils.cpp", "C++", 0, 0, 77, 0, 0, 0, 0, 0, 0, 0, 0, 0, 0, 0, 0, 15, 20, 112
"/home/franco/Documents/GitHub/Simulatore-cpu-x86-64/pybind11/tests/cross_module_interleaved_error_already_set.cpp", "C++", 0, 0, 33, 0, 0, 0, 0, 0, 0, 0, 0, 0, 0, 0, 0, 12, 10, 55
"/home/franco/Documents/GitHub/Simulatore-cpu-x86-64/pybind11/tests/custom_exceptions.py", "Python", 7, 0, 0, 0, 0, 0, 0, 0, 0, 0, 0, 0, 0, 0, 0, 0, 4, 11
"/home/franco/Documents/GitHub/Simulatore-cpu-x86-64/pybind11/tests/eigen_tensor_avoid_stl_array.cpp", "C++", 0, 0, 7, 0, 0, 0, 0, 0, 0, 0, 0, 0, 0, 0, 0, 6, 4, 17
"/home/franco/Documents/GitHub/Simulatore-cpu-x86-64/pybind11/tests/env.py", "Python", 22, 0, 0, 0, 0, 0, 0, 0, 0, 0, 0, 0, 0, 0, 0, 2, 6, 30
"/home/franco/Documents/GitHub/Simulatore-cpu-x86-64/pybind11/tests/exo_planet_c_api.cpp", "C++", 0, 0, 56, 0, 0, 0, 0, 0, 0, 0, 0, 0, 0, 0, 0, 8, 13, 77
"/home/franco/Documents/GitHub/Simulatore-cpu-x86-64/pybind11/tests/exo_planet_pybind11.cpp", "C++", 0, 0, 13, 0, 0, 0, 0, 0, 0, 0, 0, 0, 0, 0, 0, 1, 6, 20
"/home/franco/Documents/GitHub/Simulatore-cpu-x86-64/pybind11/tests/extra_python_package/pytest.ini", "Ini", 0, 0, 0, 0, 0, 0, 0, 0, 0, 0, 0, 0, 0, 0, 0, 0, 1, 1
"/home/franco/Documents/GitHub/Simulatore-cpu-x86-64/pybind11/tests/extra_python_package/test_files.py", "Python", 306, 0, 0, 0, 0, 0, 0, 0, 0, 0, 0, 0, 0, 0, 0, 7, 73, 386
"/home/franco/Documents/GitHub/Simulatore-cpu-x86-64/pybind11/tests/extra_setuptools/pytest.ini", "Ini", 0, 0, 0, 0, 0, 0, 0, 0, 0, 0, 0, 0, 0, 0, 0, 0, 1, 1
"/home/franco/Documents/GitHub/Simulatore-cpu-x86-64/pybind11/tests/extra_setuptools/test_setuphelper.py", "Python", 51, 0, 0, 0, 0, 0, 0, 0, 0, 0, 0, 0, 0, 0, 0, 89, 14, 154
"/home/franco/Documents/GitHub/Simulatore-cpu-x86-64/pybind11/tests/home_planet_very_lonely_traveler.cpp", "C++", 0, 0, 8, 0, 0, 0, 0, 0, 0, 0, 0, 0, 0, 0, 0, 1, 5, 14
"/home/franco/Documents/GitHub/Simulatore-cpu-x86-64/pybind11/tests/local_bindings.h", "C++", 0, 0, 67, 0, 0, 0, 0, 0, 0, 0, 0, 0, 0, 0, 0, 13, 14, 94
"/home/franco/Documents/GitHub/Simulatore-cpu-x86-64/pybind11/tests/mod_per_interpreter_gil.cpp", "C++", 0, 0, 14, 0, 0, 0, 0, 0, 0, 0, 0, 0, 0, 0, 0, 3, 4, 21
"/home/franco/Documents/GitHub/Simulatore-cpu-x86-64/pybind11/tests/mod_shared_interpreter_gil.cpp", "C++", 0, 0, 11, 0, 0, 0, 0, 0, 0, 0, 0, 0, 0, 0, 0, 3, 4, 18
"/home/franco/Documents/GitHub/Simulatore-cpu-x86-64/pybind11/tests/object.h", "C++", 0, 0, 119, 0, 0, 0, 0, 0, 0, 0, 0, 0, 0, 0, 0, 47, 40, 206
"/home/franco/Documents/GitHub/Simulatore-cpu-x86-64/pybind11/tests/pure_cpp/CMakeLists.txt", "CMake", 0, 0, 0, 0, 0, 16, 0, 0, 0, 0, 0, 0, 0, 0, 0, 0, 5, 21
"/home/franco/Documents/GitHub/Simulatore-cpu-x86-64/pybind11/tests/pure_cpp/smart_holder_poc.h", "C++", 0, 0, 42, 0, 0, 0, 0, 0, 0, 0, 0, 0, 0, 0, 0, 5, 10, 57
"/home/franco/Documents/GitHub/Simulatore-cpu-x86-64/pybind11/tests/pure_cpp/smart_holder_poc_test.cpp", "C++", 0, 0, 354, 0, 0, 0, 0, 0, 0, 0, 0, 0, 0, 0, 0, 12, 62, 428
"/home/franco/Documents/GitHub/Simulatore-cpu-x86-64/pybind11/tests/pybind11_cross_module_tests.cpp", "C++", 0, 0, 92, 0, 0, 0, 0, 0, 0, 0, 0, 0, 0, 0, 0, 45, 27, 164
"/home/franco/Documents/GitHub/Simulatore-cpu-x86-64/pybind11/tests/pybind11_tests.cpp", "C++", 0, 0, 86, 0, 0, 0, 0, 0, 0, 0, 0, 0, 0, 0, 0, 26, 18, 130
"/home/franco/Documents/GitHub/Simulatore-cpu-x86-64/pybind11/tests/pybind11_tests.h", "C++", 0, 0, 91, 0, 0, 0, 0, 0, 0, 0, 0, 0, 0, 0, 0, 8, 21, 120
"/home/franco/Documents/GitHub/Simulatore-cpu-x86-64/pybind11/tests/pytest.ini", "Ini", 0, 0, 0, 0, 0, 0, 0, 0, 0, 0, 22, 0, 0, 0, 0, 0, 1, 23
"/home/franco/Documents/GitHub/Simulatore-cpu-x86-64/pybind11/tests/requirements.txt", "pip requirements", 0, 0, 0, 0, 0, 0, 0, 0, 0, 0, 0, 0, 0, 18, 0, 0, 1, 19
"/home/franco/Documents/GitHub/Simulatore-cpu-x86-64/pybind11/tests/test_async.cpp", "C++", 0, 0, 15, 0, 0, 0, 0, 0, 0, 0, 0, 0, 0, 0, 0, 8, 3, 26
"/home/franco/Documents/GitHub/Simulatore-cpu-x86-64/pybind11/tests/test_async.py", "Python", 19, 0, 0, 0, 0, 0, 0, 0, 0, 0, 0, 0, 0, 0, 0, 0, 13, 32
"/home/franco/Documents/GitHub/Simulatore-cpu-x86-64/pybind11/tests/test_buffers.cpp", "C++", 0, 0, 360, 0, 0, 0, 0, 0, 0, 0, 0, 0, 0, 0, 0, 30, 53, 443
"/home/franco/Documents/GitHub/Simulatore-cpu-x86-64/pybind11/tests/test_buffers.py", "Python", 324, 0, 0, 0, 0, 0, 0, 0, 0, 0, 0, 0, 0, 0, 0, 18, 60, 402
"/home/franco/Documents/GitHub/Simulatore-cpu-x86-64/pybind11/tests/test_builtin_casters.cpp", "C++", 0, 0, 300, 0, 0, 0, 0, 0, 0, 0, 0, 0, 0, 0, 0, 50, 44, 394
"/home/franco/Documents/GitHub/Simulatore-cpu-x86-64/pybind11/tests/test_builtin_casters.py", "Python", 464, 0, 0, 0, 0, 0, 0, 0, 0, 0, 0, 0, 0, 0, 0, 35, 126, 625
"/home/franco/Documents/GitHub/Simulatore-cpu-x86-64/pybind11/tests/test_call_policies.cpp", "C++", 0, 0, 81, 0, 0, 0, 0, 0, 0, 0, 0, 0, 0, 0, 0, 15, 18, 114
"/home/franco/Documents/GitHub/Simulatore-cpu-x86-64/pybind11/tests/test_call_policies.py", "Python", 225, 0, 0, 0, 0, 0, 0, 0, 0, 0, 0, 0, 0, 0, 0, 2, 30, 257
"/home/franco/Documents/GitHub/Simulatore-cpu-x86-64/pybind11/tests/test_callbacks.cpp", "C++", 0, 0, 230, 0, 0, 0, 0, 0, 0, 0, 0, 0, 0, 0, 0, 35, 38, 303
"/home/franco/Documents/GitHub/Simulatore-cpu-x86-64/pybind11/tests/test_callbacks.py", "Python", 182, 0, 0, 0, 0, 0, 0, 0, 0, 0, 0, 0, 0, 0, 0, 11, 55, 248
"/home/franco/Documents/GitHub/Simulatore-cpu-x86-64/pybind11/tests/test_chrono.cpp", "C++", 0, 0, 41, 0, 0, 0, 0, 0, 0, 0, 0, 0, 0, 0, 0, 25, 16, 82
"/home/franco/Documents/GitHub/Simulatore-cpu-x86-64/pybind11/tests/test_chrono.py", "Python", 125, 0, 0, 0, 0, 0, 0, 0, 0, 0, 0, 0, 0, 0, 0, 23, 60, 208
"/home/franco/Documents/GitHub/Simulatore-cpu-x86-64/pybind11/tests/test_class.cpp", "C++", 0, 0, 527, 0, 0, 0, 0, 0, 0, 0, 0, 0, 0, 0, 0, 73, 95, 695
"/home/franco/Documents/GitHub/Simulatore-cpu-x86-64/pybind11/tests/test_class.py", "Python", 397, 0, 0, 0, 0, 0, 0, 0, 0, 0, 0, 0, 0, 0, 0, 33, 128, 558
"/home/franco/Documents/GitHub/Simulatore-cpu-x86-64/pybind11/tests/test_class_cross_module_use_after_one_module_dealloc.cpp", "C++", 0, 0, 18, 0, 0, 0, 0, 0, 0, 0, 0, 0, 0, 0, 0, 0, 6, 24
"/home/franco/Documents/GitHub/Simulatore-cpu-x86-64/pybind11/tests/test_class_cross_module_use_after_one_module_dealloc.py", "Python", 18, 0, 0, 0, 0, 0, 0, 0, 0, 0, 0, 0, 0, 0, 0, 15, 11, 44
"/home/franco/Documents/GitHub/Simulatore-cpu-x86-64/pybind11/tests/test_class_release_gil_before_calling_cpp_dtor.cpp", "C++", 0, 0, 41, 0, 0, 0, 0, 0, 0, 0, 0, 0, 0, 0, 0, 0, 14, 55
"/home/franco/Documents/GitHub/Simulatore-cpu-x86-64/pybind11/tests/test_class_release_gil_before_calling_cpp_dtor.py", "Python", 16, 0, 0, 0, 0, 0, 0, 0, 0, 0, 0, 0, 0, 0, 0, 0, 6, 22
"/home/franco/Documents/GitHub/Simulatore-cpu-x86-64/pybind11/tests/test_class_sh_basic.cpp", "C++", 0, 0, 178, 0, 0, 0, 0, 0, 0, 0, 0, 0, 0, 0, 0, 10, 61, 249
"/home/franco/Documents/GitHub/Simulatore-cpu-x86-64/pybind11/tests/test_class_sh_basic.py", "Python", 204, 0, 0, 0, 0, 0, 0, 0, 0, 0, 0, 0, 0, 0, 0, 5, 40, 249
"/home/franco/Documents/GitHub/Simulatore-cpu-x86-64/pybind11/tests/test_class_sh_disowning.cpp", "C++", 0, 0, 29, 0, 0, 0, 0, 0, 0, 0, 0, 0, 0, 0, 0, 0, 13, 42
"/home/franco/Documents/GitHub/Simulatore-cpu-x86-64/pybind11/tests/test_class_sh_disowning.py", "Python", 55, 0, 0, 0, 0, 0, 0, 0, 0, 0, 0, 0, 0, 0, 0, 10, 14, 79
"/home/franco/Documents/GitHub/Simulatore-cpu-x86-64/pybind11/tests/test_class_sh_disowning_mi.cpp", "C++", 0, 0, 64, 0, 0, 0, 0, 0, 0, 0, 0, 0, 0, 0, 0, 3, 19, 86
"/home/franco/Documents/GitHub/Simulatore-cpu-x86-64/pybind11/tests/test_class_sh_disowning_mi.py", "Python", 182, 0, 0, 0, 0, 0, 0, 0, 0, 0, 0, 0, 0, 0, 0, 5, 60, 247
"/home/franco/Documents/GitHub/Simulatore-cpu-x86-64/pybind11/tests/test_class_sh_factory_constructors.cpp", "C++", 0, 0, 114, 0, 0, 0, 0, 0, 0, 0, 0, 0, 0, 0, 0, 14, 29, 157
"/home/franco/Documents/GitHub/Simulatore-cpu-x86-64/pybind11/tests/test_class_sh_factory_constructors.py", "Python", 41, 0, 0, 0, 0, 0, 0, 0, 0, 0, 0, 0, 0, 0, 0, 3, 10, 54
"/home/franco/Documents/GitHub/Simulatore-cpu-x86-64/pybind11/tests/test_class_sh_inheritance.cpp", "C++", 0, 0, 62, 0, 0, 0, 0, 0, 0, 0, 0, 0, 0, 0, 0, 7, 22, 91
"/home/franco/Documents/GitHub/Simulatore-cpu-x86-64/pybind11/tests/test_class_sh_inheritance.py", "Python", 45, 0, 0, 0, 0, 0, 0, 0, 0, 0, 0, 0, 0, 0, 0, 2, 17, 64
"/home/franco/Documents/GitHub/Simulatore-cpu-x86-64/pybind11/tests/test_class_sh_mi_thunks.cpp", "C++", 0, 0, 180, 0, 0, 0, 0, 0, 0, 0, 0, 0, 0, 0, 0, 13, 38, 231
"/home/franco/Documents/GitHub/Simulatore-cpu-x86-64/pybind11/tests/test_class_sh_mi_thunks.py", "Python", 68, 0, 0, 0, 0, 0, 0, 0, 0, 0, 0, 0, 0, 0, 0, 20, 17, 105
"/home/franco/Documents/GitHub/Simulatore-cpu-x86-64/pybind11/tests/test_class_sh_property.cpp", "C++", 0, 0, 65, 0, 0, 0, 0, 0, 0, 0, 0, 0, 0, 0, 0, 6, 24, 95
"/home/franco/Documents/GitHub/Simulatore-cpu-x86-64/pybind11/tests/test_class_sh_property.py", "Python", 131, 0, 0, 0, 0, 0, 0, 0, 0, 0, 0, 0, 0, 0, 0, 10, 26, 167
"/home/franco/Documents/GitHub/Simulatore-cpu-x86-64/pybind11/tests/test_class_sh_property_non_owning.cpp", "C++", 0, 0, 52, 0, 0, 0, 0, 0, 0, 0, 0, 0, 0, 0, 0, 0, 14, 66
"/home/franco/Documents/GitHub/Simulatore-cpu-x86-64/pybind11/tests/test_class_sh_property_non_owning.py", "Python", 26, 0, 0, 0, 0, 0, 0, 0, 0, 0, 0, 0, 0, 0, 0, 0, 5, 31
"/home/franco/Documents/GitHub/Simulatore-cpu-x86-64/pybind11/tests/test_class_sh_shared_ptr_copy_move.cpp", "C++", 0, 0, 88, 0, 0, 0, 0, 0, 0, 0, 0, 0, 0, 0, 0, 0, 16, 104
"/home/franco/Documents/GitHub/Simulatore-cpu-x86-64/pybind11/tests/test_class_sh_shared_ptr_copy_move.py", "Python", 27, 0, 0, 0, 0, 0, 0, 0, 0, 0, 0, 0, 0, 0, 0, 1, 14, 42
"/home/franco/Documents/GitHub/Simulatore-cpu-x86-64/pybind11/tests/test_class_sh_trampoline_basic.cpp", "C++", 0, 0, 43, 0, 0, 0, 0, 0, 0, 0, 0, 0, 0, 0, 0, 1, 14, 58
"/home/franco/Documents/GitHub/Simulatore-cpu-x86-64/pybind11/tests/test_class_sh_trampoline_basic.py", "Python", 23, 0, 0, 0, 0, 0, 0, 0, 0, 0, 0, 0, 0, 0, 0, 0, 13, 36
"/home/franco/Documents/GitHub/Simulatore-cpu-x86-64/pybind11/tests/test_class_sh_trampoline_self_life_support.cpp", "C++", 0, 0, 65, 0, 0, 0, 0, 0, 0, 0, 0, 0, 0, 0, 0, 5, 17, 87
"/home/franco/Documents/GitHub/Simulatore-cpu-x86-64/pybind11/tests/test_class_sh_trampoline_self_life_support.py", "Python", 30, 0, 0, 0, 0, 0, 0, 0, 0, 0, 0, 0, 0, 0, 0, 0, 9, 39
"/home/franco/Documents/GitHub/Simulatore-cpu-x86-64/pybind11/tests/test_class_sh_trampoline_shared_from_this.cpp", "C++", 0, 0, 105, 0, 0, 0, 0, 0, 0, 0, 0, 0, 0, 0, 0, 10, 23, 138
"/home/franco/Documents/GitHub/Simulatore-cpu-x86-64/pybind11/tests/test_class_sh_trampoline_shared_from_this.py", "Python", 204, 0, 0, 0, 0, 0, 0, 0, 0, 0, 0, 0, 0, 0, 0, 11, 33, 248
"/home/franco/Documents/GitHub/Simulatore-cpu-x86-64/pybind11/tests/test_class_sh_trampoline_shared_ptr_cpp_arg.cpp", "C++", 0, 0, 59, 0, 0, 0, 0, 0, 0, 0, 0, 0, 0, 0, 0, 13, 21, 93
"/home/franco/Documents/GitHub/Simulatore-cpu-x86-64/pybind11/tests/test_class_sh_trampoline_shared_ptr_cpp_arg.py", "Python", 98, 0, 0, 0, 0, 0, 0, 0, 0, 0, 0, 0, 0, 0, 0, 14, 43, 155
"/home/franco/Documents/GitHub/Simulatore-cpu-x86-64/pybind11/tests/test_class_sh_trampoline_unique_ptr.cpp", "C++", 0, 0, 42, 0, 0, 0, 0, 0, 0, 0, 0, 0, 0, 0, 0, 4, 18, 64
"/home/franco/Documents/GitHub/Simulatore-cpu-x86-64/pybind11/tests/test_class_sh_trampoline_unique_ptr.py", "Python", 23, 0, 0, 0, 0, 0, 0, 0, 0, 0, 0, 0, 0, 0, 0, 0, 9, 32
"/home/franco/Documents/GitHub/Simulatore-cpu-x86-64/pybind11/tests/test_class_sh_unique_ptr_custom_deleter.cpp", "C++", 0, 0, 20, 0, 0, 0, 0, 0, 0, 0, 0, 0, 0, 0, 0, 1, 10, 31
"/home/franco/Documents/GitHub/Simulatore-cpu-x86-64/pybind11/tests/test_class_sh_unique_ptr_custom_deleter.py", "Python", 5, 0, 0, 0, 0, 0, 0, 0, 0, 0, 0, 0, 0, 0, 0, 0, 4, 9
"/home/franco/Documents/GitHub/Simulatore-cpu-x86-64/pybind11/tests/test_class_sh_unique_ptr_member.cpp", "C++", 0, 0, 36, 0, 0, 0, 0, 0, 0, 0, 0, 0, 0, 0, 0, 0, 15, 51
"/home/franco/Documents/GitHub/Simulatore-cpu-x86-64/pybind11/tests/test_class_sh_unique_ptr_member.py", "Python", 20, 0, 0, 0, 0, 0, 0, 0, 0, 0, 0, 0, 0, 0, 0, 0, 7, 27
"/home/franco/Documents/GitHub/Simulatore-cpu-x86-64/pybind11/tests/test_class_sh_virtual_py_cpp_mix.cpp", "C++", 0, 0, 39, 0, 0, 0, 0, 0, 0, 0, 0, 0, 0, 0, 0, 1, 19, 59
"/home/franco/Documents/GitHub/Simulatore-cpu-x86-64/pybind11/tests/test_class_sh_virtual_py_cpp_mix.py", "Python", 52, 0, 0, 0, 0, 0, 0, 0, 0, 0, 0, 0, 0, 0, 0, 0, 15, 67
"/home/franco/Documents/GitHub/Simulatore-cpu-x86-64/pybind11/tests/test_cmake_build/CMakeLists.txt", "CMake", 0, 0, 0, 0, 0, 77, 0, 0, 0, 0, 0, 0, 0, 0, 0, 0, 15, 92
"/home/franco/Documents/GitHub/Simulatore-cpu-x86-64/pybind11/tests/test_cmake_build/embed.cpp", "C++", 0, 0, 18, 0, 0, 0, 0, 0, 0, 0, 0, 0, 0, 0, 0, 0, 6, 24
"/home/franco/Documents/GitHub/Simulatore-cpu-x86-64/pybind11/tests/test_cmake_build/installed_embed/CMakeLists.txt", "CMake", 0, 0, 0, 0, 0, 14, 0, 0, 0, 0, 0, 0, 0, 0, 0, 0, 6, 20
"/home/franco/Documents/GitHub/Simulatore-cpu-x86-64/pybind11/tests/test_cmake_build/installed_function/CMakeLists.txt", "CMake", 0, 0, 0, 0, 0, 24, 0, 0, 0, 0, 0, 0, 0, 0, 0, 0, 6, 30
"/home/franco/Documents/GitHub/Simulatore-cpu-x86-64/pybind11/tests/test_cmake_build/installed_target/CMakeLists.txt", "CMake", 0, 0, 0, 0, 0, 29, 0, 0, 0, 0, 0, 0, 0, 0, 0, 0, 9, 38
"/home/franco/Documents/GitHub/Simulatore-cpu-x86-64/pybind11/tests/test_cmake_build/main.cpp", "C++", 0, 0, 5, 0, 0, 0, 0, 0, 0, 0, 0, 0, 0, 0, 0, 0, 2, 7
"/home/franco/Documents/GitHub/Simulatore-cpu-x86-64/pybind11/tests/test_cmake_build/subdirectory_embed/CMakeLists.txt", "CMake", 0, 0, 0, 0, 0, 30, 0, 0, 0, 0, 0, 0, 0, 0, 0, 0, 9, 39
"/home/franco/Documents/GitHub/Simulatore-cpu-x86-64/pybind11/tests/test_cmake_build/subdirectory_function/CMakeLists.txt", "CMake", 0, 0, 0, 0, 0, 27, 0, 0, 0, 0, 0, 0, 0, 0, 0, 0, 6, 33
"/home/franco/Documents/GitHub/Simulatore-cpu-x86-64/pybind11/tests/test_cmake_build/subdirectory_target/CMakeLists.txt", "CMake", 0, 0, 0, 0, 0, 30, 0, 0, 0, 0, 0, 0, 0, 0, 0, 0, 9, 39
"/home/franco/Documents/GitHub/Simulatore-cpu-x86-64/pybind11/tests/test_cmake_build/test.py", "Python", 6, 0, 0, 0, 0, 0, 0, 0, 0, 0, 0, 0, 0, 0, 0, 0, 5, 11
"/home/franco/Documents/GitHub/Simulatore-cpu-x86-64/pybind11/tests/test_const_name.cpp", "C++", 0, 0, 45, 0, 0, 0, 0, 0, 0, 0, 0, 0, 0, 0, 0, 4, 7, 56
"/home/franco/Documents/GitHub/Simulatore-cpu-x86-64/pybind11/tests/test_const_name.py", "Python", 27, 0, 0, 0, 0, 0, 0, 0, 0, 0, 0, 0, 0, 0, 0, 0, 5, 32
"/home/franco/Documents/GitHub/Simulatore-cpu-x86-64/pybind11/tests/test_constants_and_functions.cpp", "C++", 0, 0, 113, 0, 0, 0, 0, 0, 0, 0, 0, 0, 0, 0, 0, 26, 20, 159
"/home/franco/Documents/GitHub/Simulatore-cpu-x86-64/pybind11/tests/test_constants_and_functions.py", "Python", 41, 0, 0, 0, 0, 0, 0, 0, 0, 0, 0, 0, 0, 0, 0, 0, 18, 59
"/home/franco/Documents/GitHub/Simulatore-cpu-x86-64/pybind11/tests/test_copy_move.cpp", "C++", 0, 0, 433, 0, 0, 0, 0, 0, 0, 0, 0, 0, 0, 0, 0, 71, 43, 547
"/home/franco/Documents/GitHub/Simulatore-cpu-x86-64/pybind11/tests/test_copy_move.py", "Python", 94, 0, 0, 0, 0, 0, 0, 0, 0, 0, 0, 0, 0, 0, 0, 18, 33, 145
"/home/franco/Documents/GitHub/Simulatore-cpu-x86-64/pybind11/tests/test_cpp_conduit.cpp", "C++", 0, 0, 15, 0, 0, 0, 0, 0, 0, 0, 0, 0, 0, 0, 0, 1, 7, 23
"/home/franco/Documents/GitHub/Simulatore-cpu-x86-64/pybind11/tests/test_cpp_conduit.py", "Python", 118, 0, 0, 0, 0, 0, 0, 0, 0, 0, 0, 0, 0, 0, 0, 20, 46, 184
"/home/franco/Documents/GitHub/Simulatore-cpu-x86-64/pybind11/tests/test_cpp_conduit_traveler_bindings.h", "C++", 0, 0, 31, 0, 0, 0, 0, 0, 0, 0, 0, 0, 0, 0, 0, 3, 14, 48
"/home/franco/Documents/GitHub/Simulatore-cpu-x86-64/pybind11/tests/test_cpp_conduit_traveler_types.h", "C++", 0, 0, 17, 0, 0, 0, 0, 0, 0, 0, 0, 0, 0, 0, 0, 1, 8, 26
"/home/franco/Documents/GitHub/Simulatore-cpu-x86-64/pybind11/tests/test_cross_module_rtti/CMakeLists.txt", "CMake", 0, 0, 0, 0, 0, 53, 0, 0, 0, 0, 0, 0, 0, 0, 0, 0, 16, 69
"/home/franco/Documents/GitHub/Simulatore-cpu-x86-64/pybind11/tests/test_cross_module_rtti/bindings.cpp", "C++", 0, 0, 16, 0, 0, 0, 0, 0, 0, 0, 0, 0, 0, 0, 0, 0, 5, 21
"/home/franco/Documents/GitHub/Simulatore-cpu-x86-64/pybind11/tests/test_cross_module_rtti/catch.cpp", "C++", 0, 0, 12, 0, 0, 0, 0, 0, 0, 0, 0, 0, 0, 0, 0, 5, 6, 23
"/home/franco/Documents/GitHub/Simulatore-cpu-x86-64/pybind11/tests/test_cross_module_rtti/lib.cpp", "C++", 0, 0, 7, 0, 0, 0, 0, 0, 0, 0, 0, 0, 0, 0, 0, 0, 7, 14
"/home/franco/Documents/GitHub/Simulatore-cpu-x86-64/pybind11/tests/test_cross_module_rtti/lib.h", "C++", 0, 0, 22, 0, 0, 0, 0, 0, 0, 0, 0, 0, 0, 0, 0, 0, 10, 32
"/home/franco/Documents/GitHub/Simulatore-cpu-x86-64/pybind11/tests/test_cross_module_rtti/test_cross_module_rtti.cpp", "C++", 0, 0, 27, 0, 0, 0, 0, 0, 0, 0, 0, 0, 0, 0, 0, 11, 13, 51
"/home/franco/Documents/GitHub/Simulatore-cpu-x86-64/pybind11/tests/test_custom_type_casters.cpp", "C++", 0, 0, 165, 0, 0, 0, 0, 0, 0, 0, 0, 0, 0, 0, 0, 29, 24, 218
"/home/franco/Documents/GitHub/Simulatore-cpu-x86-64/pybind11/tests/test_custom_type_casters.py", "Python", 104, 0, 0, 0, 0, 0, 0, 0, 0, 0, 0, 0, 0, 0, 0, 7, 16, 127
"/home/franco/Documents/GitHub/Simulatore-cpu-x86-64/pybind11/tests/test_custom_type_setup.cpp", "C++", 0, 0, 34, 0, 0, 0, 0, 0, 0, 0, 0, 0, 0, 0, 0, 9, 7, 50
"/home/franco/Documents/GitHub/Simulatore-cpu-x86-64/pybind11/tests/test_custom_type_setup.py", "Python", 28, 0, 0, 0, 0, 0, 0, 0, 0, 0, 0, 0, 0, 0, 0, 9, 14, 51
"/home/franco/Documents/GitHub/Simulatore-cpu-x86-64/pybind11/tests/test_docs_advanced_cast_custom.cpp", "C++", 0, 0, 39, 0, 0, 0, 0, 0, 0, 0, 0, 0, 0, 0, 0, 19, 12, 70
"/home/franco/Documents/GitHub/Simulatore-cpu-x86-64/pybind11/tests/test_docs_advanced_cast_custom.py", "Python", 28, 0, 0, 0, 0, 0, 0, 0, 0, 0, 0, 0, 0, 0, 0, 3, 10, 41
"/home/franco/Documents/GitHub/Simulatore-cpu-x86-64/pybind11/tests/test_docstring_options.cpp", "C++", 0, 0, 90, 0, 0, 0, 0, 0, 0, 0, 0, 0, 0, 0, 0, 9, 31, 130
"/home/franco/Documents/GitHub/Simulatore-cpu-x86-64/pybind11/tests/test_docstring_options.py", "Python", 35, 0, 0, 0, 0, 0, 0, 0, 0, 0, 0, 0, 0, 0, 0, 18, 20, 73
"/home/franco/Documents/GitHub/Simulatore-cpu-x86-64/pybind11/tests/test_eigen_matrix.cpp", "C++", 0, 0, 326, 0, 0, 0, 0, 0, 0, 0, 0, 0, 0, 0, 0, 81, 42, 449
"/home/franco/Documents/GitHub/Simulatore-cpu-x86-64/pybind11/tests/test_eigen_matrix.py", "Python", 652, 0, 0, 0, 0, 0, 0, 0, 0, 0, 0, 0, 0, 0, 0, 55, 133, 840
"/home/franco/Documents/GitHub/Simulatore-cpu-x86-64/pybind11/tests/test_eigen_tensor.cpp", "C++", 0, 0, 7, 0, 0, 0, 0, 0, 0, 0, 0, 0, 0, 0, 0, 6, 6, 19
"/home/franco/Documents/GitHub/Simulatore-cpu-x86-64/pybind11/tests/test_eigen_tensor.inl", "C++", 0, 0, 271, 0, 0, 0, 0, 0, 0, 0, 0, 0, 0, 0, 0, 7, 61, 339
"/home/franco/Documents/GitHub/Simulatore-cpu-x86-64/pybind11/tests/test_eigen_tensor.py", "Python", 252, 0, 0, 0, 0, 0, 0, 0, 0, 0, 0, 0, 0, 0, 0, 3, 62, 317
"/home/franco/Documents/GitHub/Simulatore-cpu-x86-64/pybind11/tests/test_enum.cpp", "C++", 0, 0, 108, 0, 0, 0, 0, 0, 0, 0, 0, 0, 0, 0, 0, 23, 19, 150
"/home/franco/Documents/GitHub/Simulatore-cpu-x86-64/pybind11/tests/test_enum.py", "Python", 264, 0, 0, 0, 0, 0, 0, 0, 0, 0, 0, 0, 0, 0, 0, 28, 53, 345
"/home/franco/Documents/GitHub/Simulatore-cpu-x86-64/pybind11/tests/test_eval.cpp", "C++", 0, 0, 84, 0, 0, 0, 0, 0, 0, 0, 0, 0, 0, 0, 0, 13, 22, 119
"/home/franco/Documents/GitHub/Simulatore-cpu-x86-64/pybind11/tests/test_eval.py", "Python", 33, 0, 0, 0, 0, 0, 0, 0, 0, 0, 0, 0, 0, 0, 0, 0, 20, 53
"/home/franco/Documents/GitHub/Simulatore-cpu-x86-64/pybind11/tests/test_eval_call.py", "Python", 3, 0, 0, 0, 0, 0, 0, 0, 0, 0, 0, 0, 0, 0, 0, 1, 2, 6
"/home/franco/Documents/GitHub/Simulatore-cpu-x86-64/pybind11/tests/test_exceptions.cpp", "C++", 0, 0, 333, 0, 0, 0, 0, 0, 0, 0, 0, 0, 0, 0, 0, 45, 50, 428
"/home/franco/Documents/GitHub/Simulatore-cpu-x86-64/pybind11/tests/test_exceptions.h", "C++", 0, 0, 9, 0, 0, 0, 0, 0, 0, 0, 0, 0, 0, 0, 0, 1, 4, 14
"/home/franco/Documents/GitHub/Simulatore-cpu-x86-64/pybind11/tests/test_exceptions.py", "Python", 313, 0, 0, 0, 0, 0, 0, 0, 0, 0, 0, 0, 0, 0, 0, 30, 97, 440
"/home/franco/Documents/GitHub/Simulatore-cpu-x86-64/pybind11/tests/test_factory_constructors.cpp", "C++", 0, 0, 330, 0, 0, 0, 0, 0, 0, 0, 0, 0, 0, 0, 0, 69, 36, 435
"/home/franco/Documents/GitHub/Simulatore-cpu-x86-64/pybind11/tests/test_factory_constructors.py", "Python", 371, 0, 0, 0, 0, 0, 0, 0, 0, 0, 0, 0, 0, 0, 0, 69, 92, 532
"/home/franco/Documents/GitHub/Simulatore-cpu-x86-64/pybind11/tests/test_gil_scoped.cpp", "C++", 0, 0, 126, 0, 0, 0, 0, 0, 0, 0, 0, 0, 0, 0, 0, 8, 11, 145
"/home/franco/Documents/GitHub/Simulatore-cpu-x86-64/pybind11/tests/test_gil_scoped.py", "Python", 187, 0, 0, 0, 0, 0, 0, 0, 0, 0, 0, 0, 0, 0, 0, 42, 63, 292
"/home/franco/Documents/GitHub/Simulatore-cpu-x86-64/pybind11/tests/test_iostream.cpp", "C++", 0, 0, 83, 0, 0, 0, 0, 0, 0, 0, 0, 0, 0, 0, 0, 18, 26, 127
"/home/franco/Documents/GitHub/Simulatore-cpu-x86-64/pybind11/tests/test_iostream.py", "Python", 227, 0, 0, 0, 0, 0, 0, 0, 0, 0, 0, 0, 0, 0, 0, 6, 76, 309
"/home/franco/Documents/GitHub/Simulatore-cpu-x86-64/pybind11/tests/test_kwargs_and_defaults.cpp", "C++", 0, 0, 262, 0, 0, 0, 0, 0, 0, 0, 0, 0, 0, 0, 0, 41, 29, 332
"/home/franco/Documents/GitHub/Simulatore-cpu-x86-64/pybind11/tests/test_kwargs_and_defaults.py", "Python", 397, 0, 0, 0, 0, 0, 0, 0, 0, 0, 0, 0, 0, 0, 0, 15, 61, 473
"/home/franco/Documents/GitHub/Simulatore-cpu-x86-64/pybind11/tests/test_local_bindings.cpp", "C++", 0, 0, 73, 0, 0, 0, 0, 0, 0, 0, 0, 0, 0, 0, 0, 39, 20, 132
"/home/franco/Documents/GitHub/Simulatore-cpu-x86-64/pybind11/tests/test_local_bindings.py", "Python", 207, 0, 0, 0, 0, 0, 0, 0, 0, 0, 0, 0, 0, 0, 0, 22, 63, 292
"/home/franco/Documents/GitHub/Simulatore-cpu-x86-64/pybind11/tests/test_methods_and_attributes.cpp", "C++", 0, 0, 387, 0, 0, 0, 0, 0, 0, 0, 0, 0, 0, 0, 0, 50, 56, 493
"/home/franco/Documents/GitHub/Simulatore-cpu-x86-64/pybind11/tests/test_methods_and_attributes.py", "Python", 441, 0, 0, 0, 0, 0, 0, 0, 0, 0, 0, 0, 0, 0, 0, 22, 112, 575
"/home/franco/Documents/GitHub/Simulatore-cpu-x86-64/pybind11/tests/test_modules.cpp", "C++", 0, 0, 94, 0, 0, 0, 0, 0, 0, 0, 0, 0, 0, 0, 0, 17, 14, 125
"/home/franco/Documents/GitHub/Simulatore-cpu-x86-64/pybind11/tests/test_modules.py", "Python", 95, 0, 0, 0, 0, 0, 0, 0, 0, 0, 0, 0, 0, 0, 0, 16, 36, 147
"/home/franco/Documents/GitHub/Simulatore-cpu-x86-64/pybind11/tests/test_multiple_inheritance.cpp", "C++", 0, 0, 259, 0, 0, 0, 0, 0, 0, 0, 0, 0, 0, 0, 0, 51, 32, 342
"/home/franco/Documents/GitHub/Simulatore-cpu-x86-64/pybind11/tests/test_multiple_inheritance.py", "Python", 360, 0, 0, 0, 0, 0, 0, 0, 0, 0, 0, 0, 0, 0, 0, 18, 123, 501
"/home/franco/Documents/GitHub/Simulatore-cpu-x86-64/pybind11/tests/test_multiple_interpreters.py", "Python", 150, 0, 0, 0, 0, 0, 0, 0, 0, 0, 0, 0, 0, 0, 0, 5, 46, 201
"/home/franco/Documents/GitHub/Simulatore-cpu-x86-64/pybind11/tests/test_native_enum.cpp", "C++", 0, 0, 200, 0, 0, 0, 0, 0, 0, 0, 0, 0, 0, 0, 0, 10, 53, 263
"/home/franco/Documents/GitHub/Simulatore-cpu-x86-64/pybind11/tests/test_native_enum.py", "Python", 274, 0, 0, 0, 0, 0, 0, 0, 0, 0, 0, 0, 0, 0, 0, 14, 90, 378
"/home/franco/Documents/GitHub/Simulatore-cpu-x86-64/pybind11/tests/test_numpy_array.cpp", "C++", 0, 0, 480, 0, 0, 0, 0, 0, 0, 0, 0, 0, 0, 0, 0, 51, 69, 600
"/home/franco/Documents/GitHub/Simulatore-cpu-x86-64/pybind11/tests/test_numpy_array.py", "Python", 542, 0, 0, 0, 0, 0, 0, 0, 0, 0, 0, 0, 0, 0, 0, 38, 131, 711
"/home/franco/Documents/GitHub/Simulatore-cpu-x86-64/pybind11/tests/test_numpy_dtypes.cpp", "C++", 0, 0, 649, 0, 0, 0, 0, 0, 0, 0, 0, 0, 0, 0, 0, 35, 62, 746
"/home/franco/Documents/GitHub/Simulatore-cpu-x86-64/pybind11/tests/test_numpy_dtypes.py", "Python", 367, 0, 0, 0, 0, 0, 0, 0, 0, 0, 0, 0, 0, 0, 0, 11, 87, 465
"/home/franco/Documents/GitHub/Simulatore-cpu-x86-64/pybind11/tests/test_numpy_scalars.cpp", "C++", 0, 0, 43, 0, 0, 0, 0, 0, 0, 0, 0, 0, 0, 0, 0, 8, 13, 64
"/home/franco/Documents/GitHub/Simulatore-cpu-x86-64/pybind11/tests/test_numpy_scalars.py", "Python", 45, 0, 0, 0, 0, 0, 0, 0, 0, 0, 0, 0, 0, 0, 0, 0, 10, 55
"/home/franco/Documents/GitHub/Simulatore-cpu-x86-64/pybind11/tests/test_numpy_vectorize.cpp", "C++", 0, 0, 66, 0, 0, 0, 0, 0, 0, 0, 0, 0, 0, 0, 0, 27, 15, 108
"/home/franco/Documents/GitHub/Simulatore-cpu-x86-64/pybind11/tests/test_numpy_vectorize.py", "Python", 243, 0, 0, 0, 0, 0, 0, 0, 0, 0, 0, 0, 0, 0, 0, 1, 25, 269
"/home/franco/Documents/GitHub/Simulatore-cpu-x86-64/pybind11/tests/test_opaque_types.cpp", "C++", 0, 0, 49, 0, 0, 0, 0, 0, 0, 0, 0, 0, 0, 0, 0, 17, 12, 78
"/home/franco/Documents/GitHub/Simulatore-cpu-x86-64/pybind11/tests/test_opaque_types.py", "Python", 48, 0, 0, 0, 0, 0, 0, 0, 0, 0, 0, 0, 0, 0, 0, 0, 17, 65
"/home/franco/Documents/GitHub/Simulatore-cpu-x86-64/pybind11/tests/test_operator_overloading.cpp", "C++", 0, 0, 215, 0, 0, 0, 0, 0, 0, 0, 0, 0, 0, 0, 0, 32, 35, 282
"/home/franco/Documents/GitHub/Simulatore-cpu-x86-64/pybind11/tests/test_operator_overloading.py", "Python", 129, 0, 0, 0, 0, 0, 0, 0, 0, 0, 0, 0, 0, 0, 0, 4, 29, 162
"/home/franco/Documents/GitHub/Simulatore-cpu-x86-64/pybind11/tests/test_pickling.cpp", "C++", 0, 0, 141, 0, 0, 0, 0, 0, 0, 0, 0, 0, 0, 0, 0, 21, 30, 192
"/home/franco/Documents/GitHub/Simulatore-cpu-x86-64/pybind11/tests/test_pickling.py", "Python", 101, 0, 0, 0, 0, 0, 0, 0, 0, 0, 0, 0, 0, 0, 0, 22, 27, 150
"/home/franco/Documents/GitHub/Simulatore-cpu-x86-64/pybind11/tests/test_potentially_slicing_weak_ptr.cpp", "C++", 0, 0, 132, 0, 0, 0, 0, 0, 0, 0, 0, 0, 0, 0, 0, 6, 33, 171
"/home/franco/Documents/GitHub/Simulatore-cpu-x86-64/pybind11/tests/test_potentially_slicing_weak_ptr.py", "Python", 116, 0, 0, 0, 0, 0, 0, 0, 0, 0, 0, 0, 0, 0, 0, 29, 30, 175
"/home/franco/Documents/GitHub/Simulatore-cpu-x86-64/pybind11/tests/test_python_multiple_inheritance.cpp", "C++", 0, 0, 32, 0, 0, 0, 0, 0, 0, 0, 0, 0, 0, 0, 0, 2, 12, 46
"/home/franco/Documents/GitHub/Simulatore-cpu-x86-64/pybind11/tests/test_python_multiple_inheritance.py", "Python", 24, 0, 0, 0, 0, 0, 0, 0, 0, 0, 0, 0, 0, 0, 0, 2, 11, 37
"/home/franco/Documents/GitHub/Simulatore-cpu-x86-64/pybind11/tests/test_pytypes.cpp", "C++", 0, 0, 970, 0, 0, 0, 0, 0, 0, 0, 0, 0, 0, 0, 0, 93, 152, 1215
"/home/franco/Documents/GitHub/Simulatore-cpu-x86-64/pybind11/tests/test_pytypes.py", "Python", 1083, 0, 0, 0, 0, 0, 0, 0, 0, 0, 0, 0, 0, 0, 0, 29, 258, 1370
"/home/franco/Documents/GitHub/Simulatore-cpu-x86-64/pybind11/tests/test_scoped_critical_section.cpp", "C++", 0, 0, 166, 0, 0, 0, 0, 0, 0, 0, 0, 0, 0, 0, 0, 68, 41, 275
"/home/franco/Documents/GitHub/Simulatore-cpu-x86-64/pybind11/tests/test_scoped_critical_section.py", "Python", 20, 0, 0, 0, 0, 0, 0, 0, 0, 0, 0, 0, 0, 0, 0, 0, 11, 31
"/home/franco/Documents/GitHub/Simulatore-cpu-x86-64/pybind11/tests/test_sequences_and_iterators.cpp", "C++", 0, 0, 487, 0, 0, 0, 0, 0, 0, 0, 0, 0, 0, 0, 0, 47, 67, 601
"/home/franco/Documents/GitHub/Simulatore-cpu-x86-64/pybind11/tests/test_sequences_and_iterators.py", "Python", 233, 0, 0, 0, 0, 0, 0, 0, 0, 0, 0, 0, 0, 0, 0, 7, 68, 308
"/home/franco/Documents/GitHub/Simulatore-cpu-x86-64/pybind11/tests/test_smart_ptr.cpp", "C++", 0, 0, 424, 0, 0, 0, 0, 0, 0, 0, 0, 0, 0, 0, 0, 81, 89, 594
"/home/franco/Documents/GitHub/Simulatore-cpu-x86-64/pybind11/tests/test_smart_ptr.py", "Python", 275, 0, 0, 0, 0, 0, 0, 0, 0, 0, 0, 0, 0, 0, 0, 16, 67, 358
"/home/franco/Documents/GitHub/Simulatore-cpu-x86-64/pybind11/tests/test_stl.cpp", "C++", 0, 0, 526, 0, 0, 0, 0, 0, 0, 0, 0, 0, 0, 0, 0, 61, 81, 668
"/home/franco/Documents/GitHub/Simulatore-cpu-x86-64/pybind11/tests/test_stl.py", "Python", 537, 0, 0, 0, 0, 0, 0, 0, 0, 0, 0, 0, 0, 0, 0, 51, 148, 736
"/home/franco/Documents/GitHub/Simulatore-cpu-x86-64/pybind11/tests/test_stl_binders.cpp", "C++", 0, 0, 207, 0, 0, 0, 0, 0, 0, 0, 0, 0, 0, 0, 0, 33, 36, 276
"/home/franco/Documents/GitHub/Simulatore-cpu-x86-64/pybind11/tests/test_stl_binders.py", "Python", 304, 0, 0, 0, 0, 0, 0, 0, 0, 0, 0, 0, 0, 0, 0, 19, 92, 415
"/home/franco/Documents/GitHub/Simulatore-cpu-x86-64/pybind11/tests/test_tagbased_polymorphic.cpp", "C++", 0, 0, 112, 0, 0, 0, 0, 0, 0, 0, 0, 0, 0, 0, 0, 16, 23, 151
"/home/franco/Documents/GitHub/Simulatore-cpu-x86-64/pybind11/tests/test_tagbased_polymorphic.py", "Python", 27, 0, 0, 0, 0, 0, 0, 0, 0, 0, 0, 0, 0, 0, 0, 0, 4, 31
"/home/franco/Documents/GitHub/Simulatore-cpu-x86-64/pybind11/tests/test_thread.cpp", "C++", 0, 0, 69, 0, 0, 0, 0, 0, 0, 0, 0, 0, 0, 0, 0, 18, 22, 109
"/home/franco/Documents/GitHub/Simulatore-cpu-x86-64/pybind11/tests/test_thread.py", "Python", 62, 0, 0, 0, 0, 0, 0, 0, 0, 0, 0, 0, 0, 0, 0, 0, 19, 81
"/home/franco/Documents/GitHub/Simulatore-cpu-x86-64/pybind11/tests/test_type_caster_pyobject_ptr.cpp", "C++", 0, 0, 141, 0, 0, 0, 0, 0, 0, 0, 0, 0, 0, 0, 0, 5, 23, 169
"/home/franco/Documents/GitHub/Simulatore-cpu-x86-64/pybind11/tests/test_type_caster_pyobject_ptr.py", "Python", 79, 0, 0, 0, 0, 0, 0, 0, 0, 0, 0, 0, 0, 0, 0, 7, 40, 126
"/home/franco/Documents/GitHub/Simulatore-cpu-x86-64/pybind11/tests/test_type_caster_std_function_specializations.cpp", "C++", 0, 0, 37, 0, 0, 0, 0, 0, 0, 0, 0, 0, 0, 0, 0, 0, 10, 47
"/home/franco/Documents/GitHub/Simulatore-cpu-x86-64/pybind11/tests/test_type_caster_std_function_specializations.py", "Python", 10, 0, 0, 0, 0, 0, 0, 0, 0, 0, 0, 0, 0, 0, 0, 0, 6, 16
"/home/franco/Documents/GitHub/Simulatore-cpu-x86-64/pybind11/tests/test_union.cpp", "C++", 0, 0, 11, 0, 0, 0, 0, 0, 0, 0, 0, 0, 0, 0, 0, 8, 4, 23
"/home/franco/Documents/GitHub/Simulatore-cpu-x86-64/pybind11/tests/test_union.py", "Python", 6, 0, 0, 0, 0, 0, 0, 0, 0, 0, 0, 0, 0, 0, 0, 0, 5, 11
"/home/franco/Documents/GitHub/Simulatore-cpu-x86-64/pybind11/tests/test_unnamed_namespace_a.cpp", "C++", 0, 0, 35, 0, 0, 0, 0, 0, 0, 0, 0, 0, 0, 0, 0, 0, 3, 38
"/home/franco/Documents/GitHub/Simulatore-cpu-x86-64/pybind11/tests/test_unnamed_namespace_a.py", "Python", 21, 0, 0, 0, 0, 0, 0, 0, 0, 0, 0, 0, 0, 0, 0, 0, 10, 31
"/home/franco/Documents/GitHub/Simulatore-cpu-x86-64/pybind11/tests/test_unnamed_namespace_b.cpp", "C++", 0, 0, 11, 0, 0, 0, 0, 0, 0, 0, 0, 0, 0, 0, 0, 0, 3, 14
"/home/franco/Documents/GitHub/Simulatore-cpu-x86-64/pybind11/tests/test_unnamed_namespace_b.py", "Python", 4, 0, 0, 0, 0, 0, 0, 0, 0, 0, 0, 0, 0, 0, 0, 0, 4, 8
"/home/franco/Documents/GitHub/Simulatore-cpu-x86-64/pybind11/tests/test_vector_unique_ptr_member.cpp", "C++", 0, 0, 37, 0, 0, 0, 0, 0, 0, 0, 0, 0, 0, 0, 0, 1, 17, 55
"/home/franco/Documents/GitHub/Simulatore-cpu-x86-64/pybind11/tests/test_vector_unique_ptr_member.py", "Python", 10, 0, 0, 0, 0, 0, 0, 0, 0, 0, 0, 0, 0, 0, 0, 0, 7, 17
"/home/franco/Documents/GitHub/Simulatore-cpu-x86-64/pybind11/tests/test_virtual_functions.cpp", "C++", 0, 0, 430, 0, 0, 0, 0, 0, 0, 0, 0, 0, 0, 0, 0, 91, 72, 593
"/home/franco/Documents/GitHub/Simulatore-cpu-x86-64/pybind11/tests/test_virtual_functions.py", "Python", 341, 0, 0, 0, 0, 0, 0, 0, 0, 0, 0, 0, 0, 0, 0, 34, 94, 469
"/home/franco/Documents/GitHub/Simulatore-cpu-x86-64/pybind11/tests/test_warnings.cpp", "C++", 0, 0, 25, 0, 0, 0, 0, 0, 0, 0, 0, 0, 0, 0, 0, 10, 12, 47
"/home/franco/Documents/GitHub/Simulatore-cpu-x86-64/pybind11/tests/test_warnings.py", "Python", 49, 0, 0, 0, 0, 0, 0, 0, 0, 0, 0, 0, 0, 0, 0, 0, 20, 69
"/home/franco/Documents/GitHub/Simulatore-cpu-x86-64/pybind11/tests/test_with_catch/CMakeLists.txt", "CMake", 0, 0, 0, 0, 0, 50, 0, 0, 0, 0, 0, 0, 0, 0, 0, 0, 13, 63
"/home/franco/Documents/GitHub/Simulatore-cpu-x86-64/pybind11/tests/test_with_catch/catch.cpp", "C++", 0, 0, 28, 0, 0, 0, 0, 0, 0, 0, 0, 0, 0, 0, 0, 6, 10, 44
"/home/franco/Documents/GitHub/Simulatore-cpu-x86-64/pybind11/tests/test_with_catch/external_module.cpp", "C++", 0, 0, 22, 0, 0, 0, 0, 0, 0, 0, 0, 0, 0, 0, 0, 10, 8, 40
"/home/franco/Documents/GitHub/Simulatore-cpu-x86-64/pybind11/tests/test_with_catch/test_args_convert_vector.cpp", "C++", 0, 0, 63, 0, 0, 0, 0, 0, 0, 0, 0, 0, 0, 0, 0, 5, 13, 81
"/home/franco/Documents/GitHub/Simulatore-cpu-x86-64/pybind11/tests/test_with_catch/test_argument_vector.cpp", "C++", 0, 0, 71, 0, 0, 0, 0, 0, 0, 0, 0, 0, 0, 0, 0, 8, 16, 95
"/home/franco/Documents/GitHub/Simulatore-cpu-x86-64/pybind11/tests/test_with_catch/test_interpreter.cpp", "C++", 0, 0, 370, 0, 0, 0, 0, 0, 0, 0, 0, 0, 0, 0, 0, 37, 77, 484
"/home/franco/Documents/GitHub/Simulatore-cpu-x86-64/pybind11/tests/test_with_catch/test_interpreter.py", "Python", 10, 0, 0, 0, 0, 0, 0, 0, 0, 0, 0, 0, 0, 0, 0, 0, 7, 17
"/home/franco/Documents/GitHub/Simulatore-cpu-x86-64/pybind11/tests/test_with_catch/test_subinterpreter.cpp", "C++", 0, 0, 288, 0, 0, 0, 0, 0, 0, 0, 0, 0, 0, 0, 0, 55, 100, 443
"/home/franco/Documents/GitHub/Simulatore-cpu-x86-64/pybind11/tests/test_with_catch/test_trampoline.py", "Python", 11, 0, 0, 0, 0, 0, 0, 0, 0, 0, 0, 0, 0, 0, 0, 0, 8, 19
"/home/franco/Documents/GitHub/Simulatore-cpu-x86-64/pybind11/tools/FindCatch.cmake", "CMake", 0, 0, 0, 0, 0, 67, 0, 0, 0, 0, 0, 0, 0, 0, 0, 0, 8, 75
"/home/franco/Documents/GitHub/Simulatore-cpu-x86-64/pybind11/tools/FindEigen3.cmake", "CMake", 0, 0, 0, 0, 0, 70, 0, 0, 0, 0, 0, 0, 0, 0, 0, 0, 17, 87
"/home/franco/Documents/GitHub/Simulatore-cpu-x86-64/pybind11/tools/FindPythonLibsNew.cmake", "CMake", 0, 0, 0, 0, 0, 291, 0, 0, 0, 0, 0, 0, 0, 0, 0, 0, 30, 321
"/home/franco/Documents/GitHub/Simulatore-cpu-x86-64/pybind11/tools/JoinPaths.cmake", "CMake", 0, 0, 0, 0, 0, 23, 0, 0, 0, 0, 0, 0, 0, 0, 0, 0, 1, 24
"/home/franco/Documents/GitHub/Simulatore-cpu-x86-64/pybind11/tools/check-style.sh", "Shell Script", 0, 0, 0, 0, 0, 0, 0, 26, 0, 0, 0, 0, 0, 0, 0, 13, 6, 45
"/home/franco/Documents/GitHub/Simulatore-cpu-x86-64/pybind11/tools/codespell_ignore_lines_from_errors.py", "Python", 23, 0, 0, 0, 0, 0, 0, 0, 0, 0, 0, 0, 0, 0, 0, 10, 8, 41
"/home/franco/Documents/GitHub/Simulatore-cpu-x86-64/pybind11/tools/libsize.py", "Python", 24, 0, 0, 0, 0, 0, 0, 0, 0, 0, 0, 0, 0, 0, 0, 4, 11, 39
"/home/franco/Documents/GitHub/Simulatore-cpu-x86-64/pybind11/tools/make_changelog.py", "Python", 16, 0, 0, 0, 0, 0, 0, 0, 0, 0, 0, 0, 0, 0, 0, 101, 5, 122
"/home/franco/Documents/GitHub/Simulatore-cpu-x86-64/pybind11/tools/make_global.py", "Python", 20, 0, 0, 0, 0, 0, 0, 0, 0, 0, 0, 0, 0, 0, 0, 4, 10, 34
"/home/franco/Documents/GitHub/Simulatore-cpu-x86-64/pybind11/tools/pybind11Common.cmake", "CMake", 0, 0, 0, 0, 0, 389, 0, 0, 0, 0, 0, 0, 0, 0, 0, 0, 59, 448
"/home/franco/Documents/GitHub/Simulatore-cpu-x86-64/pybind11/tools/pybind11GuessPythonExtSuffix.cmake", "CMake", 0, 0, 0, 0, 0, 78, 0, 0, 0, 0, 0, 0, 0, 0, 0, 0, 9, 87
"/home/franco/Documents/GitHub/Simulatore-cpu-x86-64/pybind11/tools/pybind11NewTools.cmake", "CMake", 0, 0, 0, 0, 0, 311, 0, 0, 0, 0, 0, 0, 0, 0, 0, 0, 43, 354
"/home/franco/Documents/GitHub/Simulatore-cpu-x86-64/pybind11/tools/pybind11Tools.cmake", "CMake", 0, 0, 0, 0, 0, 188, 0, 0, 0, 0, 0, 0, 0, 0, 0, 0, 30, 218
"/home/franco/Documents/GitHub/Simulatore-cpu-x86-64/pybind11/tools/test-pybind11GuessPythonExtSuffix.cmake", "CMake", 0, 0, 0, 0, 0, 138, 0, 0, 0, 0, 0, 0, 0, 0, 0, 0, 24, 162
"/home/franco/Documents/GitHub/Simulatore-cpu-x86-64/src/addressCalculator.cpp", "C++", 0, 0, 62, 0, 0, 0, 0, 0, 0, 0, 0, 0, 0, 0, 0, 0, 34, 96
"/home/franco/Documents/GitHub/Simulatore-cpu-x86-64/src/alu.cpp", "C++", 0, 0, 54, 0, 0, 0, 0, 0, 0, 0, 0, 0, 0, 0, 0, 3, 14, 71
"/home/franco/Documents/GitHub/Simulatore-cpu-x86-64/src/bus.cpp", "C++", 0, 0, 21, 0, 0, 0, 0, 0, 0, 0, 0, 0, 0, 0, 0, 0, 7, 28
"/home/franco/Documents/GitHub/Simulatore-cpu-x86-64/src/cacheManager.cpp", "C++", 0, 0, 409, 0, 0, 0, 0, 0, 0, 0, 0, 0, 0, 0, 0, 79, 162, 650
"/home/franco/Documents/GitHub/Simulatore-cpu-x86-64/src/clock.cpp", "C++", 0, 0, 8, 0, 0, 0, 0, 0, 0, 0, 0, 0, 0, 0, 0, 0, 4, 12
"/home/franco/Documents/GitHub/Simulatore-cpu-x86-64/src/controlUnit.cpp", "C++", 0, 0, 290, 0, 0, 0, 0, 0, 0, 0, 0, 0, 0, 0, 0, 113, 154, 557
"/home/franco/Documents/GitHub/Simulatore-cpu-x86-64/src/cpu.cpp", "C++", 0, 0, 45, 0, 0, 0, 0, 0, 0, 0, 0, 0, 0, 0, 0, 6, 16, 67
"/home/franco/Documents/GitHub/Simulatore-cpu-x86-64/src/decoder.cpp", "C++", 0, 0, 288, 0, 0, 0, 0, 0, 0, 0, 0, 0, 0, 0, 0, 40, 122, 450
"/home/franco/Documents/GitHub/Simulatore-cpu-x86-64/src/device.cpp", "C++", 0, 0, 20, 0, 0, 0, 0, 0, 0, 0, 0, 0, 0, 0, 0, 1, 8, 29
"/home/franco/Documents/GitHub/Simulatore-cpu-x86-64/src/helpers.cpp", "C++", 0, 0, 341, 0, 0, 0, 0, 0, 0, 0, 0, 0, 0, 0, 0, 3, 54, 398
"/home/franco/Documents/GitHub/Simulatore-cpu-x86-64/src/instruction.cpp", "C++", 0, 0, 223, 0, 0, 0, 0, 0, 0, 0, 0, 0, 0, 0, 0, 5, 80, 308
"/home/franco/Documents/GitHub/Simulatore-cpu-x86-64/src/instruction_code_map.cpp", "C++", 0, 0, 68, 0, 0, 0, 0, 0, 0, 0, 0, 0, 0, 0, 0, 4, 24, 96
"/home/franco/Documents/GitHub/Simulatore-cpu-x86-64/src/instructions/add_instruction.cpp", "C++", 0, 0, 52, 0, 0, 0, 0, 0, 0, 0, 0, 0, 0, 0, 0, 57, 13, 122
"/home/franco/Documents/GitHub/Simulatore-cpu-x86-64/src/instructions/mov_instruction.cpp", "C++", 0, 0, 62, 0, 0, 0, 0, 0, 0, 0, 0, 0, 0, 0, 0, 57, 33, 152
"/home/franco/Documents/GitHub/Simulatore-cpu-x86-64/src/instructions/sub_instruction.cpp", "C++", 0, 0, 221, 0, 0, 0, 0, 0, 0, 0, 0, 0, 0, 0, 0, 16, 67, 304
"/home/franco/Documents/GitHub/Simulatore-cpu-x86-64/src/memory.cpp", "C++", 0, 0, 75, 0, 0, 0, 0, 0, 0, 0, 0, 0, 0, 0, 0, 9, 26, 110
"/home/franco/Documents/GitHub/Simulatore-cpu-x86-64/src/opcode_map.cpp", "C++", 0, 0, 50, 0, 0, 0, 0, 0, 0, 0, 0, 0, 0, 0, 0, 33, 25, 108
"/home/franco/Documents/GitHub/Simulatore-cpu-x86-64/src/operands.cpp", "C++", 0, 0, 278, 0, 0, 0, 0, 0, 0, 0, 0, 0, 0, 0, 0, 62, 139, 479
"/home/franco/Documents/GitHub/Simulatore-cpu-x86-64/src/pipeline.cpp", "C++", 0, 0, 319, 0, 0, 0, 0, 0, 0, 0, 0, 0, 0, 0, 0, 52, 87, 458
"/home/franco/Documents/GitHub/Simulatore-cpu-x86-64/src/prova.cpp", "C++", 0, 0, 87, 0, 0, 0, 0, 0, 0, 0, 0, 0, 0, 0, 0, 159, 48, 294
"/home/franco/Documents/GitHub/Simulatore-cpu-x86-64/src/registerFile.cpp", "C++", 0, 0, 50, 0, 0, 0, 0, 0, 0, 0, 0, 0, 0, 0, 0, 7, 25, 82
"/home/franco/Documents/GitHub/Simulatore-cpu-x86-64/venv/bin/Activate.ps1", "PowerShell", 0, 0, 0, 0, 0, 0, 0, 0, 0, 0, 0, 0, 0, 0, 108, 106, 34, 248
"/home/franco/Documents/GitHub/Simulatore-cpu-x86-64/venv/bin/activate.csh", "Shell Script", 0, 0, 0, 0, 0, 0, 0, 12, 0, 0, 0, 0, 0, 0, 0, 5, 11, 28
"/home/franco/Documents/GitHub/Simulatore-cpu-x86-64/venv/bin/activate.fish", "Shell Script", 0, 0, 0, 0, 0, 0, 0, 42, 0, 0, 0, 0, 0, 0, 0, 14, 14, 70
"/home/franco/Documents/GitHub/Simulatore-cpu-x86-64/venv/lib/python3.12/site-packages/customtkinter/__init__.py", "Python", 53, 0, 0, 0, 0, 0, 0, 0, 0, 0, 0, 0, 0, 0, 0, 12, 24, 89
"/home/franco/Documents/GitHub/Simulatore-cpu-x86-64/venv/lib/python3.12/site-packages/customtkinter/assets/themes/blue.json", "JSON", 0, 0, 0, 0, 0, 0, 0, 0, 155, 0, 0, 0, 0, 0, 0, 0, 1, 156
"/home/franco/Documents/GitHub/Simulatore-cpu-x86-64/venv/lib/python3.12/site-packages/customtkinter/assets/themes/dark-blue.json", "JSON", 0, 0, 0, 0, 0, 0, 0, 0, 155, 0, 0, 0, 0, 0, 0, 0, 1, 156
"/home/franco/Documents/GitHub/Simulatore-cpu-x86-64/venv/lib/python3.12/site-packages/customtkinter/assets/themes/green.json", "JSON", 0, 0, 0, 0, 0, 0, 0, 0, 155, 0, 0, 0, 0, 0, 0, 0, 1, 156
"/home/franco/Documents/GitHub/Simulatore-cpu-x86-64/venv/lib/python3.12/site-packages/customtkinter/windows/__init__.py", "Python", 3, 0, 0, 0, 0, 0, 0, 0, 0, 0, 0, 0, 0, 0, 0, 0, 1, 4
"/home/franco/Documents/GitHub/Simulatore-cpu-x86-64/venv/lib/python3.12/site-packages/customtkinter/windows/ctk_input_dialog.py", "Python", 94, 0, 0, 0, 0, 0, 0, 0, 0, 0, 0, 0, 0, 0, 0, 4, 20, 118
"/home/franco/Documents/GitHub/Simulatore-cpu-x86-64/venv/lib/python3.12/site-packages/customtkinter/windows/ctk_tk.py", "Python", 223, 0, 0, 0, 0, 0, 0, 0, 0, 0, 0, 0, 0, 0, 0, 37, 74, 334
"/home/franco/Documents/GitHub/Simulatore-cpu-x86-64/venv/lib/python3.12/site-packages/customtkinter/windows/ctk_toplevel.py", "Python", 213, 0, 0, 0, 0, 0, 0, 0, 0, 0, 0, 0, 0, 0, 0, 31, 64, 308
"/home/franco/Documents/GitHub/Simulatore-cpu-x86-64/venv/lib/python3.12/site-packages/customtkinter/windows/widgets/__init__.py", "Python", 16, 0, 0, 0, 0, 0, 0, 0, 0, 0, 0, 0, 0, 0, 0, 0, 1, 17
"/home/franco/Documents/GitHub/Simulatore-cpu-x86-64/venv/lib/python3.12/site-packages/customtkinter/windows/widgets/appearance_mode/__init__.py", "Python", 3, 0, 0, 0, 0, 0, 0, 0, 0, 0, 0, 0, 0, 0, 0, 0, 2, 5
"/home/franco/Documents/GitHub/Simulatore-cpu-x86-64/venv/lib/python3.12/site-packages/customtkinter/windows/widgets/appearance_mode/appearance_mode_base_class.py", "Python", 37, 0, 0, 0, 0, 0, 0, 0, 0, 0, 0, 0, 0, 0, 0, 15, 10, 62
"/home/franco/Documents/GitHub/Simulatore-cpu-x86-64/venv/lib/python3.12/site-packages/customtkinter/windows/widgets/appearance_mode/appearance_mode_tracker.py", "Python", 95, 0, 0, 0, 0, 0, 0, 0, 0, 0, 0, 0, 0, 0, 0, 1, 27, 123
"/home/franco/Documents/GitHub/Simulatore-cpu-x86-64/venv/lib/python3.12/site-packages/customtkinter/windows/widgets/core_rendering/__init__.py", "Python", 8, 0, 0, 0, 0, 0, 0, 0, 0, 0, 0, 0, 0, 0, 0, 1, 4, 13
"/home/franco/Documents/GitHub/Simulatore-cpu-x86-64/venv/lib/python3.12/site-packages/customtkinter/windows/widgets/core_rendering/ctk_canvas.py", "Python", 74, 0, 0, 0, 0, 0, 0, 0, 0, 0, 0, 0, 0, 0, 0, 22, 22, 118
"/home/franco/Documents/GitHub/Simulatore-cpu-x86-64/venv/lib/python3.12/site-packages/customtkinter/windows/widgets/core_rendering/draw_engine.py", "Python", 956, 0, 0, 0, 0, 0, 0, 0, 0, 0, 0, 0, 0, 0, 0, 82, 198, 1236
"/home/franco/Documents/GitHub/Simulatore-cpu-x86-64/venv/lib/python3.12/site-packages/customtkinter/windows/widgets/core_widget_classes/__init__.py", "Python", 2, 0, 0, 0, 0, 0, 0, 0, 0, 0, 0, 0, 0, 0, 0, 0, 1, 3
"/home/franco/Documents/GitHub/Simulatore-cpu-x86-64/venv/lib/python3.12/site-packages/customtkinter/windows/widgets/core_widget_classes/ctk_base_class.py", "Python", 186, 0, 0, 0, 0, 0, 0, 0, 0, 0, 0, 0, 0, 0, 0, 74, 67, 327
"/home/franco/Documents/GitHub/Simulatore-cpu-x86-64/venv/lib/python3.12/site-packages/customtkinter/windows/widgets/core_widget_classes/dropdown_menu.py", "Python", 148, 0, 0, 0, 0, 0, 0, 0, 0, 0, 0, 0, 0, 0, 0, 7, 44, 199
"/home/franco/Documents/GitHub/Simulatore-cpu-x86-64/venv/lib/python3.12/site-packages/customtkinter/windows/widgets/ctk_button.py", "Python", 444, 0, 0, 0, 0, 0, 0, 0, 0, 0, 0, 0, 0, 0, 0, 40, 111, 595
"/home/franco/Documents/GitHub/Simulatore-cpu-x86-64/venv/lib/python3.12/site-packages/customtkinter/windows/widgets/ctk_checkbox.py", "Python", 369, 0, 0, 0, 0, 0, 0, 0, 0, 0, 0, 0, 0, 0, 0, 19, 82, 470
"/home/franco/Documents/GitHub/Simulatore-cpu-x86-64/venv/lib/python3.12/site-packages/customtkinter/windows/widgets/ctk_combobox.py", "Python", 326, 0, 0, 0, 0, 0, 0, 0, 0, 0, 0, 0, 0, 0, 0, 20, 79, 425
"/home/franco/Documents/GitHub/Simulatore-cpu-x86-64/venv/lib/python3.12/site-packages/customtkinter/windows/widgets/ctk_entry.py", "Python", 286, 0, 0, 0, 0, 0, 0, 0, 0, 0, 0, 0, 0, 0, 0, 17, 82, 385
"/home/franco/Documents/GitHub/Simulatore-cpu-x86-64/venv/lib/python3.12/site-packages/customtkinter/windows/widgets/ctk_frame.py", "Python", 137, 0, 0, 0, 0, 0, 0, 0, 0, 0, 0, 0, 0, 0, 0, 20, 40, 197
"/home/franco/Documents/GitHub/Simulatore-cpu-x86-64/venv/lib/python3.12/site-packages/customtkinter/windows/widgets/ctk_label.py", "Python", 214, 0, 0, 0, 0, 0, 0, 0, 0, 0, 0, 0, 0, 0, 0, 20, 58, 292
"/home/franco/Documents/GitHub/Simulatore-cpu-x86-64/venv/lib/python3.12/site-packages/customtkinter/windows/widgets/ctk_optionmenu.py", "Python", 321, 0, 0, 0, 0, 0, 0, 0, 0, 0, 0, 0, 0, 0, 0, 20, 86, 427
"/home/franco/Documents/GitHub/Simulatore-cpu-x86-64/venv/lib/python3.12/site-packages/customtkinter/windows/widgets/ctk_progressbar.py", "Python", 238, 0, 0, 0, 0, 0, 0, 0, 0, 0, 0, 0, 0, 0, 0, 17, 58, 313
"/home/franco/Documents/GitHub/Simulatore-cpu-x86-64/venv/lib/python3.12/site-packages/customtkinter/windows/widgets/ctk_radiobutton.py", "Python", 334, 0, 0, 0, 0, 0, 0, 0, 0, 0, 0, 0, 0, 0, 0, 18, 79, 431
"/home/franco/Documents/GitHub/Simulatore-cpu-x86-64/venv/lib/python3.12/site-packages/customtkinter/windows/widgets/ctk_scrollable_frame.py", "Python", 250, 0, 0, 0, 0, 0, 0, 0, 0, 0, 0, 0, 0, 0, 0, 1, 66, 317
"/home/franco/Documents/GitHub/Simulatore-cpu-x86-64/venv/lib/python3.12/site-packages/customtkinter/windows/widgets/ctk_scrollbar.py", "Python", 216, 0, 0, 0, 0, 0, 0, 0, 0, 0, 0, 0, 0, 0, 0, 15, 51, 282
"/home/franco/Documents/GitHub/Simulatore-cpu-x86-64/venv/lib/python3.12/site-packages/customtkinter/windows/widgets/ctk_segmented_button.py", "Python", 346, 0, 0, 0, 0, 0, 0, 0, 0, 0, 0, 0, 0, 0, 0, 10, 92, 448
"/home/franco/Documents/GitHub/Simulatore-cpu-x86-64/venv/lib/python3.12/site-packages/customtkinter/windows/widgets/ctk_slider.py", "Python", 323, 0, 0, 0, 0, 0, 0, 0, 0, 0, 0, 0, 0, 0, 0, 13, 78, 414
"/home/franco/Documents/GitHub/Simulatore-cpu-x86-64/venv/lib/python3.12/site-packages/customtkinter/windows/widgets/ctk_switch.py", "Python", 377, 0, 0, 0, 0, 0, 0, 0, 0, 0, 0, 0, 0, 0, 0, 19, 88, 484
"/home/franco/Documents/GitHub/Simulatore-cpu-x86-64/venv/lib/python3.12/site-packages/customtkinter/windows/widgets/ctk_tabview.py", "Python", 329, 0, 0, 0, 0, 0, 0, 0, 0, 0, 0, 0, 0, 0, 0, 32, 73, 434
"/home/franco/Documents/GitHub/Simulatore-cpu-x86-64/venv/lib/python3.12/site-packages/customtkinter/windows/widgets/ctk_textbox.py", "Python", 363, 0, 0, 0, 0, 0, 0, 0, 0, 0, 0, 0, 0, 0, 0, 24, 114, 501
"/home/franco/Documents/GitHub/Simulatore-cpu-x86-64/venv/lib/python3.12/site-packages/customtkinter/windows/widgets/font/__init__.py", "Python", 15, 0, 0, 0, 0, 0, 0, 0, 0, 0, 0, 0, 0, 0, 0, 4, 6, 25
"/home/franco/Documents/GitHub/Simulatore-cpu-x86-64/venv/lib/python3.12/site-packages/customtkinter/windows/widgets/font/ctk_font.py", "Python", 57, 0, 0, 0, 0, 0, 0, 0, 0, 0, 0, 0, 0, 0, 0, 18, 20, 95
"/home/franco/Documents/GitHub/Simulatore-cpu-x86-64/venv/lib/python3.12/site-packages/customtkinter/windows/widgets/font/font_manager.py", "Python", 47, 0, 0, 0, 0, 0, 0, 0, 0, 0, 0, 0, 0, 0, 0, 6, 14, 67
"/home/franco/Documents/GitHub/Simulatore-cpu-x86-64/venv/lib/python3.12/site-packages/customtkinter/windows/widgets/image/__init__.py", "Python", 1, 0, 0, 0, 0, 0, 0, 0, 0, 0, 0, 0, 0, 0, 0, 0, 1, 2
"/home/franco/Documents/GitHub/Simulatore-cpu-x86-64/venv/lib/python3.12/site-packages/customtkinter/windows/widgets/image/ctk_image.py", "Python", 83, 0, 0, 0, 0, 0, 0, 0, 0, 0, 0, 0, 0, 0, 0, 15, 25, 123
"/home/franco/Documents/GitHub/Simulatore-cpu-x86-64/venv/lib/python3.12/site-packages/customtkinter/windows/widgets/scaling/__init__.py", "Python", 5, 0, 0, 0, 0, 0, 0, 0, 0, 0, 0, 0, 0, 0, 0, 0, 3, 8
"/home/franco/Documents/GitHub/Simulatore-cpu-x86-64/venv/lib/python3.12/site-packages/customtkinter/windows/widgets/scaling/scaling_base_class.py", "Python", 102, 0, 0, 0, 0, 0, 0, 0, 0, 0, 0, 0, 0, 0, 0, 24, 34, 160
"/home/franco/Documents/GitHub/Simulatore-cpu-x86-64/venv/lib/python3.12/site-packages/customtkinter/windows/widgets/scaling/scaling_tracker.py", "Python", 141, 0, 0, 0, 0, 0, 0, 0, 0, 0, 0, 0, 0, 0, 0, 24, 42, 207
"/home/franco/Documents/GitHub/Simulatore-cpu-x86-64/venv/lib/python3.12/site-packages/customtkinter/windows/widgets/theme/__init__.py", "Python", 7, 0, 0, 0, 0, 0, 0, 0, 0, 0, 0, 0, 0, 0, 0, 1, 2, 10
"/home/franco/Documents/GitHub/Simulatore-cpu-x86-64/venv/lib/python3.12/site-packages/customtkinter/windows/widgets/theme/theme_manager.py", "Python", 42, 0, 0, 0, 0, 0, 0, 0, 0, 0, 0, 0, 0, 0, 0, 4, 10, 56
"/home/franco/Documents/GitHub/Simulatore-cpu-x86-64/venv/lib/python3.12/site-packages/customtkinter/windows/widgets/utility/__init__.py", "Python", 1, 0, 0, 0, 0, 0, 0, 0, 0, 0, 0, 0, 0, 0, 0, 0, 1, 2
"/home/franco/Documents/GitHub/Simulatore-cpu-x86-64/venv/lib/python3.12/site-packages/customtkinter/windows/widgets/utility/utility_functions.py", "Python", 14, 0, 0, 0, 0, 0, 0, 0, 0, 0, 0, 0, 0, 0, 0, 2, 7, 23
"/home/franco/Documents/GitHub/Simulatore-cpu-x86-64/venv/lib/python3.12/site-packages/darkdetect/__init__.py", "Python", 32, 0, 0, 0, 0, 0, 0, 0, 0, 0, 0, 0, 0, 0, 0, 7, 6, 45
"/home/franco/Documents/GitHub/Simulatore-cpu-x86-64/venv/lib/python3.12/site-packages/darkdetect/__main__.py", "Python", 2, 0, 0, 0, 0, 0, 0, 0, 0, 0, 0, 0, 0, 0, 0, 5, 3, 10
"/home/franco/Documents/GitHub/Simulatore-cpu-x86-64/venv/lib/python3.12/site-packages/darkdetect/_dummy.py", "Python", 9, 0, 0, 0, 0, 0, 0, 0, 0, 0, 0, 0, 0, 0, 0, 5, 6, 20
"/home/franco/Documents/GitHub/Simulatore-cpu-x86-64/venv/lib/python3.12/site-packages/darkdetect/_linux_detect.py", "Python", 31, 0, 0, 0, 0, 0, 0, 0, 0, 0, 0, 0, 0, 0, 0, 9, 6, 46
"/home/franco/Documents/GitHub/Simulatore-cpu-x86-64/venv/lib/python3.12/site-packages/darkdetect/_mac_detect.py", "Python", 86, 0, 0, 0, 0, 0, 0, 0, 0, 0, 0, 0, 0, 0, 0, 11, 28, 125
"/home/franco/Documents/GitHub/Simulatore-cpu-x86-64/venv/lib/python3.12/site-packages/darkdetect/_windows_detect.py", "Python", 82, 0, 0, 0, 0, 0, 0, 0, 0, 0, 0, 0, 0, 0, 0, 29, 12, 123
"/home/franco/Documents/GitHub/Simulatore-cpu-x86-64/venv/lib/python3.12/site-packages/packaging/__init__.py", "Python", 8, 0, 0, 0, 0, 0, 0, 0, 0, 0, 0, 0, 0, 0, 0, 3, 5, 16
"/home/franco/Documents/GitHub/Simulatore-cpu-x86-64/venv/lib/python3.12/site-packages/packaging/_elffile.py", "Python", 72, 0, 0, 0, 0, 0, 0, 0, 0, 0, 0, 0, 0, 0, 0, 18, 20, 110
"/home/franco/Documents/GitHub/Simulatore-cpu-x86-64/venv/lib/python3.12/site-packages/packaging/_manylinux.py", "Python", 155, 0, 0, 0, 0, 0, 0, 0, 0, 0, 0, 0, 0, 0, 0, 72, 36, 263
"/home/franco/Documents/GitHub/Simulatore-cpu-x86-64/venv/lib/python3.12/site-packages/packaging/_musllinux.py", "Python", 45, 0, 0, 0, 0, 0, 0, 0, 0, 0, 0, 0, 0, 0, 0, 25, 16, 86
"/home/franco/Documents/GitHub/Simulatore-cpu-x86-64/venv/lib/python3.12/site-packages/packaging/_parser.py", "Python", 223, 0, 0, 0, 0, 0, 0, 0, 0, 0, 0, 0, 0, 0, 0, 51, 80, 354
"/home/franco/Documents/GitHub/Simulatore-cpu-x86-64/venv/lib/python3.12/site-packages/packaging/_structures.py", "Python", 36, 0, 0, 0, 0, 0, 0, 0, 0, 0, 0, 0, 0, 0, 0, 3, 23, 62
"/home/franco/Documents/GitHub/Simulatore-cpu-x86-64/venv/lib/python3.12/site-packages/packaging/_tokenizer.py", "Python", 116, 0, 0, 0, 0, 0, 0, 0, 0, 0, 0, 0, 0, 0, 0, 66, 14, 196
"/home/franco/Documents/GitHub/Simulatore-cpu-x86-64/venv/lib/python3.12/site-packages/packaging/licenses/__init__.py", "Python", 78, 0, 0, 0, 0, 0, 0, 0, 0, 0, 0, 0, 0, 0, 0, 46, 22, 146
"/home/franco/Documents/GitHub/Simulatore-cpu-x86-64/venv/lib/python3.12/site-packages/packaging/licenses/_spdx.py", "Python", 751, 0, 0, 0, 0, 0, 0, 0, 0, 0, 0, 0, 0, 0, 0, 0, 9, 760
"/home/franco/Documents/GitHub/Simulatore-cpu-x86-64/venv/lib/python3.12/site-packages/packaging/markers.py", "Python", 194, 0, 0, 0, 0, 0, 0, 0, 0, 0, 0, 0, 0, 0, 0, 109, 60, 363
"/home/franco/Documents/GitHub/Simulatore-cpu-x86-64/venv/lib/python3.12/site-packages/packaging/metadata.py", "Python", 502, 0, 0, 0, 0, 0, 0, 0, 0, 0, 0, 0, 0, 0, 0, 266, 95, 863
"/home/franco/Documents/GitHub/Simulatore-cpu-x86-64/venv/lib/python3.12/site-packages/packaging/requirements.py", "Python", 56, 0, 0, 0, 0, 0, 0, 0, 0, 0, 0, 0, 0, 0, 0, 16, 20, 92
"/home/franco/Documents/GitHub/Simulatore-cpu-x86-64/venv/lib/python3.12/site-packages/packaging/specifiers.py", "Python", 336, 0, 0, 0, 0, 0, 0, 0, 0, 0, 0, 0, 0, 0, 0, 620, 64, 1020
"/home/franco/Documents/GitHub/Simulatore-cpu-x86-64/venv/lib/python3.12/site-packages/packaging/tags.py", "Python", 387, 0, 0, 0, 0, 0, 0, 0, 0, 0, 0, 0, 0, 0, 0, 174, 96, 657
"/home/franco/Documents/GitHub/Simulatore-cpu-x86-64/venv/lib/python3.12/site-packages/packaging/utils.py", "Python", 93, 0, 0, 0, 0, 0, 0, 0, 0, 0, 0, 0, 0, 0, 0, 38, 33, 164
"/home/franco/Documents/GitHub/Simulatore-cpu-x86-64/venv/lib/python3.12/site-packages/packaging/version.py", "Python", 220, 0, 0, 0, 0, 0, 0, 0, 0, 0, 0, 0, 0, 0, 0, 310, 53, 583
"/home/franco/Documents/GitHub/Simulatore-cpu-x86-64/venv/lib/python3.12/site-packages/pip/__init__.py", "Python", 5, 0, 0, 0, 0, 0, 0, 0, 0, 0, 0, 0, 0, 0, 0, 4, 5, 14
"/home/franco/Documents/GitHub/Simulatore-cpu-x86-64/venv/lib/python3.12/site-packages/pip/__main__.py", "Python", 10, 0, 0, 0, 0, 0, 0, 0, 0, 0, 0, 0, 0, 0, 0, 10, 5, 25
"/home/franco/Documents/GitHub/Simulatore-cpu-x86-64/venv/lib/python3.12/site-packages/pip/__pip-runner__.py", "Python", 25, 0, 0, 0, 0, 0, 0, 0, 0, 0, 0, 0, 0, 0, 0, 9, 17, 51
"/home/franco/Documents/GitHub/Simulatore-cpu-x86-64/venv/lib/python3.12/site-packages/pip/_internal/__init__.py", "Python", 6, 0, 0, 0, 0, 0, 0, 0, 0, 0, 0, 0, 0, 0, 0, 7, 6, 19
"/home/franco/Documents/GitHub/Simulatore-cpu-x86-64/venv/lib/python3.12/site-packages/pip/_internal/build_env.py", "Python", 215, 0, 0, 0, 0, 0, 0, 0, 0, 0, 0, 0, 0, 0, 0, 57, 40, 312
"/home/franco/Documents/GitHub/Simulatore-cpu-x86-64/venv/lib/python3.12/site-packages/pip/_internal/cache.py", "Python", 189, 0, 0, 0, 0, 0, 0, 0, 0, 0, 0, 0, 0, 0, 0, 56, 46, 291
"/home/franco/Documents/GitHub/Simulatore-cpu-x86-64/venv/lib/python3.12/site-packages/pip/_internal/cli/__init__.py", "Python", 0, 0, 0, 0, 0, 0, 0, 0, 0, 0, 0, 0, 0, 0, 0, 3, 2, 5
"/home/franco/Documents/GitHub/Simulatore-cpu-x86-64/venv/lib/python3.12/site-packages/pip/_internal/cli/autocompletion.py", "Python", 119, 0, 0, 0, 0, 0, 0, 0, 0, 0, 0, 0, 0, 0, 0, 37, 17, 173
"/home/franco/Documents/GitHub/Simulatore-cpu-x86-64/venv/lib/python3.12/site-packages/pip/_internal/cli/base_command.py", "Python", 170, 0, 0, 0, 0, 0, 0, 0, 0, 0, 0, 0, 0, 0, 0, 27, 40, 237
"/home/franco/Documents/GitHub/Simulatore-cpu-x86-64/venv/lib/python3.12/site-packages/pip/_internal/cli/cmdoptions.py", "Python", 834, 0, 0, 0, 0, 0, 0, 0, 0, 0, 0, 0, 0, 0, 0, 93, 148, 1075
"/home/franco/Documents/GitHub/Simulatore-cpu-x86-64/venv/lib/python3.12/site-packages/pip/_internal/cli/command_context.py", "Python", 20, 0, 0, 0, 0, 0, 0, 0, 0, 0, 0, 0, 0, 0, 0, 0, 8, 28
"/home/franco/Documents/GitHub/Simulatore-cpu-x86-64/venv/lib/python3.12/site-packages/pip/_internal/cli/main.py", "Python", 32, 0, 0, 0, 0, 0, 0, 0, 0, 0, 0, 0, 0, 0, 0, 32, 16, 80
"/home/franco/Documents/GitHub/Simulatore-cpu-x86-64/venv/lib/python3.12/site-packages/pip/_internal/cli/main_parser.py", "Python", 79, 0, 0, 0, 0, 0, 0, 0, 0, 0, 0, 0, 0, 0, 0, 27, 29, 135
"/home/franco/Documents/GitHub/Simulatore-cpu-x86-64/venv/lib/python3.12/site-packages/pip/_internal/cli/parser.py", "Python", 196, 0, 0, 0, 0, 0, 0, 0, 0, 0, 0, 0, 0, 0, 0, 49, 50, 295
"/home/franco/Documents/GitHub/Simulatore-cpu-x86-64/venv/lib/python3.12/site-packages/pip/_internal/cli/progress_bars.py", "Python", 55, 0, 0, 0, 0, 0, 0, 0, 0, 0, 0, 0, 0, 0, 0, 4, 10, 69
"/home/franco/Documents/GitHub/Simulatore-cpu-x86-64/venv/lib/python3.12/site-packages/pip/_internal/cli/req_command.py", "Python", 364, 0, 0, 0, 0, 0, 0, 0, 0, 0, 0, 0, 0, 0, 0, 78, 64, 506
"/home/franco/Documents/GitHub/Simulatore-cpu-x86-64/venv/lib/python3.12/site-packages/pip/_internal/cli/spinners.py", "Python", 114, 0, 0, 0, 0, 0, 0, 0, 0, 0, 0, 0, 0, 0, 0, 18, 28, 160
"/home/franco/Documents/GitHub/Simulatore-cpu-x86-64/venv/lib/python3.12/site-packages/pip/_internal/cli/status_codes.py", "Python", 6, 0, 0, 0, 0, 0, 0, 0, 0, 0, 0, 0, 0, 0, 0, 0, 1, 7
"/home/franco/Documents/GitHub/Simulatore-cpu-x86-64/venv/lib/python3.12/site-packages/pip/_internal/commands/__init__.py", "Python", 106, 0, 0, 0, 0, 0, 0, 0, 0, 0, 0, 0, 0, 0, 0, 14, 13, 133
"/home/franco/Documents/GitHub/Simulatore-cpu-x86-64/venv/lib/python3.12/site-packages/pip/_internal/commands/cache.py", "Python", 145, 0, 0, 0, 0, 0, 0, 0, 0, 0, 0, 0, 0, 0, 0, 41, 40, 226
"/home/franco/Documents/GitHub/Simulatore-cpu-x86-64/venv/lib/python3.12/site-packages/pip/_internal/commands/check.py", "Python", 44, 0, 0, 0, 0, 0, 0, 0, 0, 0, 0, 0, 0, 0, 0, 1, 10, 55
"/home/franco/Documents/GitHub/Simulatore-cpu-x86-64/venv/lib/python3.12/site-packages/pip/_internal/commands/completion.py", "Python", 113, 0, 0, 0, 0, 0, 0, 0, 0, 0, 0, 0, 0, 0, 0, 15, 3, 131
"/home/franco/Documents/GitHub/Simulatore-cpu-x86-64/venv/lib/python3.12/site-packages/pip/_internal/commands/configuration.py", "Python", 202, 0, 0, 0, 0, 0, 0, 0, 0, 0, 0, 0, 0, 0, 0, 39, 40, 281
"/home/franco/Documents/GitHub/Simulatore-cpu-x86-64/venv/lib/python3.12/site-packages/pip/_internal/commands/debug.py", "Python", 143, 0, 0, 0, 0, 0, 0, 0, 0, 0, 0, 0, 0, 0, 0, 15, 44, 202
"/home/franco/Documents/GitHub/Simulatore-cpu-x86-64/venv/lib/python3.12/site-packages/pip/_internal/commands/download.py", "Python", 108, 0, 0, 0, 0, 0, 0, 0, 0, 0, 0, 0, 0, 0, 0, 13, 27, 148
"/home/franco/Documents/GitHub/Simulatore-cpu-x86-64/venv/lib/python3.12/site-packages/pip/_internal/commands/freeze.py", "Python", 88, 0, 0, 0, 0, 0, 0, 0, 0, 0, 0, 0, 0, 0, 0, 5, 17, 110
"/home/franco/Documents/GitHub/Simulatore-cpu-x86-64/venv/lib/python3.12/site-packages/pip/_internal/commands/hash.py", "Python", 42, 0, 0, 0, 0, 0, 0, 0, 0, 0, 0, 0, 0, 0, 0, 7, 11, 60
"/home/franco/Documents/GitHub/Simulatore-cpu-x86-64/venv/lib/python3.12/site-packages/pip/_internal/commands/help.py", "Python", 28, 0, 0, 0, 0, 0, 0, 0, 0, 0, 0, 0, 0, 0, 0, 2, 12, 42
"/home/franco/Documents/GitHub/Simulatore-cpu-x86-64/venv/lib/python3.12/site-packages/pip/_internal/commands/index.py", "Python", 102, 0, 0, 0, 0, 0, 0, 0, 0, 0, 0, 0, 0, 0, 0, 10, 28, 140
"/home/franco/Documents/GitHub/Simulatore-cpu-x86-64/venv/lib/python3.12/site-packages/pip/_internal/commands/inspect.py", "Python", 74, 0, 0, 0, 0, 0, 0, 0, 0, 0, 0, 0, 0, 0, 0, 9, 10, 93
"/home/franco/Documents/GitHub/Simulatore-cpu-x86-64/venv/lib/python3.12/site-packages/pip/_internal/commands/install.py", "Python", 627, 0, 0, 0, 0, 0, 0, 0, 0, 0, 0, 0, 0, 0, 0, 59, 89, 775
"/home/franco/Documents/GitHub/Simulatore-cpu-x86-64/venv/lib/python3.12/site-packages/pip/_internal/commands/list.py", "Python", 285, 0, 0, 0, 0, 0, 0, 0, 0, 0, 0, 0, 0, 0, 0, 30, 56, 371
"/home/franco/Documents/GitHub/Simulatore-cpu-x86-64/venv/lib/python3.12/site-packages/pip/_internal/commands/search.py", "Python", 136, 0, 0, 0, 0, 0, 0, 0, 0, 0, 0, 0, 0, 0, 0, 8, 31, 175
"/home/franco/Documents/GitHub/Simulatore-cpu-x86-64/venv/lib/python3.12/site-packages/pip/_internal/commands/show.py", "Python", 149, 0, 0, 0, 0, 0, 0, 0, 0, 0, 0, 0, 0, 0, 0, 14, 27, 190
"/home/franco/Documents/GitHub/Simulatore-cpu-x86-64/venv/lib/python3.12/site-packages/pip/_internal/commands/uninstall.py", "Python", 92, 0, 0, 0, 0, 0, 0, 0, 0, 0, 0, 0, 0, 0, 0, 9, 13, 114
"/home/franco/Documents/GitHub/Simulatore-cpu-x86-64/venv/lib/python3.12/site-packages/pip/_internal/commands/wheel.py", "Python", 143, 0, 0, 0, 0, 0, 0, 0, 0, 0, 0, 0, 0, 0, 0, 13, 28, 184
"/home/franco/Documents/GitHub/Simulatore-cpu-x86-64/venv/lib/python3.12/site-packages/pip/_internal/configuration.py", "Python", 233, 0, 0, 0, 0, 0, 0, 0, 0, 0, 0, 0, 0, 0, 0, 85, 66, 384
"/home/franco/Documents/GitHub/Simulatore-cpu-x86-64/venv/lib/python3.12/site-packages/pip/_internal/distributions/__init__.py", "Python", 12, 0, 0, 0, 0, 0, 0, 0, 0, 0, 0, 0, 0, 0, 0, 5, 5, 22
"/home/franco/Documents/GitHub/Simulatore-cpu-x86-64/venv/lib/python3.12/site-packages/pip/_internal/distributions/base.py", "Python", 23, 0, 0, 0, 0, 0, 0, 0, 0, 0, 0, 0, 0, 0, 0, 21, 8, 52
"/home/franco/Documents/GitHub/Simulatore-cpu-x86-64/venv/lib/python3.12/site-packages/pip/_internal/distributions/installed.py", "Python", 18, 0, 0, 0, 0, 0, 0, 0, 0, 0, 0, 0, 0, 0, 0, 5, 7, 30
"/home/franco/Documents/GitHub/Simulatore-cpu-x86-64/venv/lib/python3.12/site-packages/pip/_internal/distributions/sdist.py", "Python", 117, 0, 0, 0, 0, 0, 0, 0, 0, 0, 0, 0, 0, 0, 0, 24, 16, 157
"/home/franco/Documents/GitHub/Simulatore-cpu-x86-64/venv/lib/python3.12/site-packages/pip/_internal/distributions/wheel.py", "Python", 25, 0, 0, 0, 0, 0, 0, 0, 0, 0, 0, 0, 0, 0, 0, 8, 8, 41
"/home/franco/Documents/GitHub/Simulatore-cpu-x86-64/venv/lib/python3.12/site-packages/pip/_internal/exceptions.py", "Python", 383, 0, 0, 0, 0, 0, 0, 0, 0, 0, 0, 0, 0, 0, 0, 211, 135, 729
"/home/franco/Documents/GitHub/Simulatore-cpu-x86-64/venv/lib/python3.12/site-packages/pip/_internal/index/__init__.py", "Python", 0, 0, 0, 0, 0, 0, 0, 0, 0, 0, 0, 0, 0, 0, 0, 2, 1, 3
"/home/franco/Documents/GitHub/Simulatore-cpu-x86-64/venv/lib/python3.12/site-packages/pip/_internal/index/collector.py", "Python", 332, 0, 0, 0, 0, 0, 0, 0, 0, 0, 0, 0, 0, 0, 0, 96, 80, 508
"/home/franco/Documents/GitHub/Simulatore-cpu-x86-64/venv/lib/python3.12/site-packages/pip/_internal/index/package_finder.py", "Python", 657, 0, 0, 0, 0, 0, 0, 0, 0, 0, 0, 0, 0, 0, 0, 248, 123, 1028
"/home/franco/Documents/GitHub/Simulatore-cpu-x86-64/venv/lib/python3.12/site-packages/pip/_internal/index/sources.py", "Python", 197, 0, 0, 0, 0, 0, 0, 0, 0, 0, 0, 0, 0, 0, 0, 37, 52, 286
"/home/franco/Documents/GitHub/Simulatore-cpu-x86-64/venv/lib/python3.12/site-packages/pip/_internal/locations/__init__.py", "Python", 303, 0, 0, 0, 0, 0, 0, 0, 0, 0, 0, 0, 0, 0, 0, 88, 77, 468
"/home/franco/Documents/GitHub/Simulatore-cpu-x86-64/venv/lib/python3.12/site-packages/pip/_internal/locations/_distutils.py", "Python", 107, 0, 0, 0, 0, 0, 0, 0, 0, 0, 0, 0, 0, 0, 0, 42, 24, 173
"/home/franco/Documents/GitHub/Simulatore-cpu-x86-64/venv/lib/python3.12/site-packages/pip/_internal/locations/_sysconfig.py", "Python", 119, 0, 0, 0, 0, 0, 0, 0, 0, 0, 0, 0, 0, 0, 0, 63, 32, 214
"/home/franco/Documents/GitHub/Simulatore-cpu-x86-64/venv/lib/python3.12/site-packages/pip/_internal/locations/base.py", "Python", 45, 0, 0, 0, 0, 0, 0, 0, 0, 0, 0, 0, 0, 0, 0, 20, 17, 82
"/home/franco/Documents/GitHub/Simulatore-cpu-x86-64/venv/lib/python3.12/site-packages/pip/_internal/main.py", "Python", 4, 0, 0, 0, 0, 0, 0, 0, 0, 0, 0, 0, 0, 0, 0, 5, 4, 13
"/home/franco/Documents/GitHub/Simulatore-cpu-x86-64/venv/lib/python3.12/site-packages/pip/_internal/metadata/__init__.py", "Python", 58, 0, 0, 0, 0, 0, 0, 0, 0, 0, 0, 0, 0, 0, 0, 47, 24, 129
"/home/franco/Documents/GitHub/Simulatore-cpu-x86-64/venv/lib/python3.12/site-packages/pip/_internal/metadata/_json.py", "Python", 67, 0, 0, 0, 0, 0, 0, 0, 0, 0, 0, 0, 0, 0, 0, 7, 11, 85
"/home/franco/Documents/GitHub/Simulatore-cpu-x86-64/venv/lib/python3.12/site-packages/pip/_internal/metadata/base.py", "Python", 378, 0, 0, 0, 0, 0, 0, 0, 0, 0, 0, 0, 0, 0, 0, 247, 78, 703
"/home/franco/Documents/GitHub/Simulatore-cpu-x86-64/venv/lib/python3.12/site-packages/pip/_internal/metadata/importlib/__init__.py", "Python", 4, 0, 0, 0, 0, 0, 0, 0, 0, 0, 0, 0, 0, 0, 0, 0, 3, 7
"/home/franco/Documents/GitHub/Simulatore-cpu-x86-64/venv/lib/python3.12/site-packages/pip/_internal/metadata/importlib/_compat.py", "Python", 22, 0, 0, 0, 0, 0, 0, 0, 0, 0, 0, 0, 0, 0, 0, 22, 12, 56
"/home/franco/Documents/GitHub/Simulatore-cpu-x86-64/venv/lib/python3.12/site-packages/pip/_internal/metadata/importlib/_dists.py", "Python", 174, 0, 0, 0, 0, 0, 0, 0, 0, 0, 0, 0, 0, 0, 0, 25, 29, 228
"/home/franco/Documents/GitHub/Simulatore-cpu-x86-64/venv/lib/python3.12/site-packages/pip/_internal/metadata/importlib/_envs.py", "Python", 123, 0, 0, 0, 0, 0, 0, 0, 0, 0, 0, 0, 0, 0, 0, 38, 29, 190
"/home/franco/Documents/GitHub/Simulatore-cpu-x86-64/venv/lib/python3.12/site-packages/pip/_internal/metadata/pkg_resources.py", "Python", 201, 0, 0, 0, 0, 0, 0, 0, 0, 0, 0, 0, 0, 0, 0, 30, 48, 279
"/home/franco/Documents/GitHub/Simulatore-cpu-x86-64/venv/lib/python3.12/site-packages/pip/_internal/models/__init__.py", "Python", 0, 0, 0, 0, 0, 0, 0, 0, 0, 0, 0, 0, 0, 0, 0, 2, 1, 3
"/home/franco/Documents/GitHub/Simulatore-cpu-x86-64/venv/lib/python3.12/site-packages/pip/_internal/models/candidate.py", "Python", 21, 0, 0, 0, 0, 0, 0, 0, 0, 0, 0, 0, 0, 0, 0, 1, 9, 31
"/home/franco/Documents/GitHub/Simulatore-cpu-x86-64/venv/lib/python3.12/site-packages/pip/_internal/models/direct_url.py", "Python", 183, 0, 0, 0, 0, 0, 0, 0, 0, 0, 0, 0, 0, 0, 0, 10, 43, 236
"/home/franco/Documents/GitHub/Simulatore-cpu-x86-64/venv/lib/python3.12/site-packages/pip/_internal/models/format_control.py", "Python", 62, 0, 0, 0, 0, 0, 0, 0, 0, 0, 0, 0, 0, 0, 0, 2, 15, 79
"/home/franco/Documents/GitHub/Simulatore-cpu-x86-64/venv/lib/python3.12/site-packages/pip/_internal/models/index.py", "Python", 16, 0, 0, 0, 0, 0, 0, 0, 0, 0, 0, 0, 0, 0, 0, 4, 9, 29
"/home/franco/Documents/GitHub/Simulatore-cpu-x86-64/venv/lib/python3.12/site-packages/pip/_internal/models/installation_report.py", "Python", 29, 0, 0, 0, 0, 0, 0, 0, 0, 0, 0, 0, 0, 0, 0, 21, 7, 57
"/home/franco/Documents/GitHub/Simulatore-cpu-x86-64/venv/lib/python3.12/site-packages/pip/_internal/models/link.py", "Python", 341, 0, 0, 0, 0, 0, 0, 0, 0, 0, 0, 0, 0, 0, 0, 145, 94, 580
"/home/franco/Documents/GitHub/Simulatore-cpu-x86-64/venv/lib/python3.12/site-packages/pip/_internal/models/scheme.py", "Python", 16, 0, 0, 0, 0, 0, 0, 0, 0, 0, 0, 0, 0, 0, 0, 9, 7, 32
"/home/franco/Documents/GitHub/Simulatore-cpu-x86-64/venv/lib/python3.12/site-packages/pip/_internal/models/search_scope.py", "Python", 83, 0, 0, 0, 0, 0, 0, 0, 0, 0, 0, 0, 0, 0, 0, 29, 21, 133
"/home/franco/Documents/GitHub/Simulatore-cpu-x86-64/venv/lib/python3.12/site-packages/pip/_internal/models/selection_prefs.py", "Python", 25, 0, 0, 0, 0, 0, 0, 0, 0, 0, 0, 0, 0, 0, 0, 20, 7, 52
"/home/franco/Documents/GitHub/Simulatore-cpu-x86-64/venv/lib/python3.12/site-packages/pip/_internal/models/target_python.py", "Python", 70, 0, 0, 0, 0, 0, 0, 0, 0, 0, 0, 0, 0, 0, 0, 34, 19, 123
"/home/franco/Documents/GitHub/Simulatore-cpu-x86-64/venv/lib/python3.12/site-packages/pip/_internal/models/wheel.py", "Python", 39, 0, 0, 0, 0, 0, 0, 0, 0, 0, 0, 0, 0, 0, 0, 42, 12, 93
"/home/franco/Documents/GitHub/Simulatore-cpu-x86-64/venv/lib/python3.12/site-packages/pip/_internal/network/__init__.py", "Python", 0, 0, 0, 0, 0, 0, 0, 0, 0, 0, 0, 0, 0, 0, 0, 2, 1, 3
"/home/franco/Documents/GitHub/Simulatore-cpu-x86-64/venv/lib/python3.12/site-packages/pip/_internal/network/auth.py", "Python", 352, 0, 0, 0, 0, 0, 0, 0, 0, 0, 0, 0, 0, 0, 0, 113, 97, 562
"/home/franco/Documents/GitHub/Simulatore-cpu-x86-64/venv/lib/python3.12/site-packages/pip/_internal/network/cache.py", "Python", 61, 0, 0, 0, 0, 0, 0, 0, 0, 0, 0, 0, 0, 0, 0, 26, 20, 107
"/home/franco/Documents/GitHub/Simulatore-cpu-x86-64/venv/lib/python3.12/site-packages/pip/_internal/network/download.py", "Python", 136, 0, 0, 0, 0, 0, 0, 0, 0, 0, 0, 0, 0, 0, 0, 17, 34, 187
"/home/franco/Documents/GitHub/Simulatore-cpu-x86-64/venv/lib/python3.12/site-packages/pip/_internal/network/lazy_wheel.py", "Python", 116, 0, 0, 0, 0, 0, 0, 0, 0, 0, 0, 0, 0, 0, 0, 65, 30, 211
"/home/franco/Documents/GitHub/Simulatore-cpu-x86-64/venv/lib/python3.12/site-packages/pip/_internal/network/session.py", "Python", 331, 0, 0, 0, 0, 0, 0, 0, 0, 0, 0, 0, 0, 0, 0, 110, 80, 521
"/home/franco/Documents/GitHub/Simulatore-cpu-x86-64/venv/lib/python3.12/site-packages/pip/_internal/network/utils.py", "Python", 38, 0, 0, 0, 0, 0, 0, 0, 0, 0, 0, 0, 0, 0, 0, 48, 11, 97
"/home/franco/Documents/GitHub/Simulatore-cpu-x86-64/venv/lib/python3.12/site-packages/pip/_internal/network/xmlrpc.py", "Python", 48, 0, 0, 0, 0, 0, 0, 0, 0, 0, 0, 0, 0, 0, 0, 5, 10, 63
"/home/franco/Documents/GitHub/Simulatore-cpu-x86-64/venv/lib/python3.12/site-packages/pip/_internal/operations/__init__.py", "Python", 0, 0, 0, 0, 0, 0, 0, 0, 0, 0, 0, 0, 0, 0, 0, 0, 1, 1
"/home/franco/Documents/GitHub/Simulatore-cpu-x86-64/venv/lib/python3.12/site-packages/pip/_internal/operations/build/__init__.py", "Python", 0, 0, 0, 0, 0, 0, 0, 0, 0, 0, 0, 0, 0, 0, 0, 0, 1, 1
"/home/franco/Documents/GitHub/Simulatore-cpu-x86-64/venv/lib/python3.12/site-packages/pip/_internal/operations/build/build_tracker.py", "Python", 88, 0, 0, 0, 0, 0, 0, 0, 0, 0, 0, 0, 0, 0, 0, 22, 30, 140
"/home/franco/Documents/GitHub/Simulatore-cpu-x86-64/venv/lib/python3.12/site-packages/pip/_internal/operations/build/metadata.py", "Python", 22, 0, 0, 0, 0, 0, 0, 0, 0, 0, 0, 0, 0, 0, 0, 9, 9, 40
"/home/franco/Documents/GitHub/Simulatore-cpu-x86-64/venv/lib/python3.12/site-packages/pip/_internal/operations/build/metadata_editable.py", "Python", 24, 0, 0, 0, 0, 0, 0, 0, 0, 0, 0, 0, 0, 0, 0, 9, 9, 42
"/home/franco/Documents/GitHub/Simulatore-cpu-x86-64/venv/lib/python3.12/site-packages/pip/_internal/operations/build/metadata_legacy.py", "Python", 52, 0, 0, 0, 0, 0, 0, 0, 0, 0, 0, 0, 0, 0, 0, 8, 15, 75
"/home/franco/Documents/GitHub/Simulatore-cpu-x86-64/venv/lib/python3.12/site-packages/pip/_internal/operations/build/wheel.py", "Python", 27, 0, 0, 0, 0, 0, 0, 0, 0, 0, 0, 0, 0, 0, 0, 4, 7, 38
"/home/franco/Documents/GitHub/Simulatore-cpu-x86-64/venv/lib/python3.12/site-packages/pip/_internal/operations/build/wheel_editable.py", "Python", 36, 0, 0, 0, 0, 0, 0, 0, 0, 0, 0, 0, 0, 0, 0, 4, 7, 47
"/home/franco/Documents/GitHub/Simulatore-cpu-x86-64/venv/lib/python3.12/site-packages/pip/_internal/operations/build/wheel_legacy.py", "Python", 80, 0, 0, 0, 0, 0, 0, 0, 0, 0, 0, 0, 0, 0, 0, 7, 16, 103
"/home/franco/Documents/GitHub/Simulatore-cpu-x86-64/venv/lib/python3.12/site-packages/pip/_internal/operations/check.py", "Python", 127, 0, 0, 0, 0, 0, 0, 0, 0, 0, 0, 0, 0, 0, 0, 22, 39, 188
"/home/franco/Documents/GitHub/Simulatore-cpu-x86-64/venv/lib/python3.12/site-packages/pip/_internal/operations/freeze.py", "Python", 210, 0, 0, 0, 0, 0, 0, 0, 0, 0, 0, 0, 0, 0, 0, 16, 30, 256
"/home/franco/Documents/GitHub/Simulatore-cpu-x86-64/venv/lib/python3.12/site-packages/pip/_internal/operations/install/__init__.py", "Python", 0, 0, 0, 0, 0, 0, 0, 0, 0, 0, 0, 0, 0, 0, 0, 2, 1, 3
"/home/franco/Documents/GitHub/Simulatore-cpu-x86-64/venv/lib/python3.12/site-packages/pip/_internal/operations/install/editable_legacy.py", "Python", 35, 0, 0, 0, 0, 0, 0, 0, 0, 0, 0, 0, 0, 0, 0, 5, 7, 47
"/home/franco/Documents/GitHub/Simulatore-cpu-x86-64/venv/lib/python3.12/site-packages/pip/_internal/operations/install/wheel.py", "Python", 478, 0, 0, 0, 0, 0, 0, 0, 0, 0, 0, 0, 0, 0, 0, 142, 115, 735
"/home/franco/Documents/GitHub/Simulatore-cpu-x86-64/venv/lib/python3.12/site-packages/pip/_internal/operations/prepare.py", "Python", 506, 0, 0, 0, 0, 0, 0, 0, 0, 0, 0, 0, 0, 0, 0, 137, 88, 731
"/home/franco/Documents/GitHub/Simulatore-cpu-x86-64/venv/lib/python3.12/site-packages/pip/_internal/pyproject.py", "Python", 87, 0, 0, 0, 0, 0, 0, 0, 0, 0, 0, 0, 0, 0, 0, 66, 27, 180
"/home/franco/Documents/GitHub/Simulatore-cpu-x86-64/venv/lib/python3.12/site-packages/pip/_internal/req/__init__.py", "Python", 69, 0, 0, 0, 0, 0, 0, 0, 0, 0, 0, 0, 0, 0, 0, 6, 18, 93
"/home/franco/Documents/GitHub/Simulatore-cpu-x86-64/venv/lib/python3.12/site-packages/pip/_internal/req/constructors.py", "Python", 415, 0, 0, 0, 0, 0, 0, 0, 0, 0, 0, 0, 0, 0, 0, 92, 70, 577
"/home/franco/Documents/GitHub/Simulatore-cpu-x86-64/venv/lib/python3.12/site-packages/pip/_internal/req/req_file.py", "Python", 363, 0, 0, 0, 0, 0, 0, 0, 0, 0, 0, 0, 0, 0, 0, 108, 84, 555
"/home/franco/Documents/GitHub/Simulatore-cpu-x86-64/venv/lib/python3.12/site-packages/pip/_internal/req/req_install.py", "Python", 673, 0, 0, 0, 0, 0, 0, 0, 0, 0, 0, 0, 0, 0, 0, 157, 94, 924
"/home/franco/Documents/GitHub/Simulatore-cpu-x86-64/venv/lib/python3.12/site-packages/pip/_internal/req/req_set.py", "Python", 92, 0, 0, 0, 0, 0, 0, 0, 0, 0, 0, 0, 0, 0, 0, 6, 22, 120
"/home/franco/Documents/GitHub/Simulatore-cpu-x86-64/venv/lib/python3.12/site-packages/pip/_internal/req/req_uninstall.py", "Python", 437, 0, 0, 0, 0, 0, 0, 0, 0, 0, 0, 0, 0, 0, 0, 119, 94, 650
"/home/franco/Documents/GitHub/Simulatore-cpu-x86-64/venv/lib/python3.12/site-packages/pip/_internal/resolution/__init__.py", "Python", 0, 0, 0, 0, 0, 0, 0, 0, 0, 0, 0, 0, 0, 0, 0, 0, 1, 1
"/home/franco/Documents/GitHub/Simulatore-cpu-x86-64/venv/lib/python3.12/site-packages/pip/_internal/resolution/base.py", "Python", 15, 0, 0, 0, 0, 0, 0, 0, 0, 0, 0, 0, 0, 0, 0, 0, 6, 21
"/home/franco/Documents/GitHub/Simulatore-cpu-x86-64/venv/lib/python3.12/site-packages/pip/_internal/resolution/legacy/__init__.py", "Python", 0, 0, 0, 0, 0, 0, 0, 0, 0, 0, 0, 0, 0, 0, 0, 0, 1, 1
"/home/franco/Documents/GitHub/Simulatore-cpu-x86-64/venv/lib/python3.12/site-packages/pip/_internal/resolution/legacy/resolver.py", "Python", 368, 0, 0, 0, 0, 0, 0, 0, 0, 0, 0, 0, 0, 0, 0, 165, 66, 599
"/home/franco/Documents/GitHub/Simulatore-cpu-x86-64/venv/lib/python3.12/site-packages/pip/_internal/resolution/resolvelib/__init__.py", "Python", 0, 0, 0, 0, 0, 0, 0, 0, 0, 0, 0, 0, 0, 0, 0, 0, 1, 1
"/home/franco/Documents/GitHub/Simulatore-cpu-x86-64/venv/lib/python3.12/site-packages/pip/_internal/resolution/resolvelib/base.py", "Python", 85, 0, 0, 0, 0, 0, 0, 0, 0, 0, 0, 0, 0, 0, 0, 26, 31, 142
"/home/franco/Documents/GitHub/Simulatore-cpu-x86-64/venv/lib/python3.12/site-packages/pip/_internal/resolution/resolvelib/candidates.py", "Python", 418, 0, 0, 0, 0, 0, 0, 0, 0, 0, 0, 0, 0, 0, 0, 89, 91, 598
"/home/franco/Documents/GitHub/Simulatore-cpu-x86-64/venv/lib/python3.12/site-packages/pip/_internal/resolution/resolvelib/factory.py", "Python", 620, 0, 0, 0, 0, 0, 0, 0, 0, 0, 0, 0, 0, 0, 0, 116, 77, 813
"/home/franco/Documents/GitHub/Simulatore-cpu-x86-64/venv/lib/python3.12/site-packages/pip/_internal/resolution/resolvelib/found_candidates.py", "Python", 80, 0, 0, 0, 0, 0, 0, 0, 0, 0, 0, 0, 0, 0, 0, 56, 20, 156
"/home/franco/Documents/GitHub/Simulatore-cpu-x86-64/venv/lib/python3.12/site-packages/pip/_internal/resolution/resolvelib/provider.py", "Python", 152, 0, 0, 0, 0, 0, 0, 0, 0, 0, 0, 0, 0, 0, 0, 75, 29, 256
"/home/franco/Documents/GitHub/Simulatore-cpu-x86-64/venv/lib/python3.12/site-packages/pip/_internal/resolution/resolvelib/reporter.py", "Python", 59, 0, 0, 0, 0, 0, 0, 0, 0, 0, 0, 0, 0, 0, 0, 2, 20, 81
"/home/franco/Documents/GitHub/Simulatore-cpu-x86-64/venv/lib/python3.12/site-packages/pip/_internal/resolution/resolvelib/requirements.py", "Python", 104, 0, 0, 0, 0, 0, 0, 0, 0, 0, 0, 0, 0, 0, 0, 18, 45, 167
"/home/franco/Documents/GitHub/Simulatore-cpu-x86-64/venv/lib/python3.12/site-packages/pip/_internal/resolution/resolvelib/resolver.py", "Python", 204, 0, 0, 0, 0, 0, 0, 0, 0, 0, 0, 0, 0, 0, 0, 77, 37, 318
"/home/franco/Documents/GitHub/Simulatore-cpu-x86-64/venv/lib/python3.12/site-packages/pip/_internal/self_outdated_check.py", "Python", 171, 0, 0, 0, 0, 0, 0, 0, 0, 0, 0, 0, 0, 0, 0, 33, 45, 249
"/home/franco/Documents/GitHub/Simulatore-cpu-x86-64/venv/lib/python3.12/site-packages/pip/_internal/utils/__init__.py", "Python", 0, 0, 0, 0, 0, 0, 0, 0, 0, 0, 0, 0, 0, 0, 0, 0, 1, 1
"/home/franco/Documents/GitHub/Simulatore-cpu-x86-64/venv/lib/python3.12/site-packages/pip/_internal/utils/_jaraco_text.py", "Python", 39, 0, 0, 0, 0, 0, 0, 0, 0, 0, 0, 0, 0, 0, 0, 57, 14, 110
"/home/franco/Documents/GitHub/Simulatore-cpu-x86-64/venv/lib/python3.12/site-packages/pip/_internal/utils/_log.py", "Python", 11, 0, 0, 0, 0, 0, 0, 0, 0, 0, 0, 0, 0, 0, 0, 18, 10, 39
"/home/franco/Documents/GitHub/Simulatore-cpu-x86-64/venv/lib/python3.12/site-packages/pip/_internal/utils/appdirs.py", "Python", 25, 0, 0, 0, 0, 0, 0, 0, 0, 0, 0, 0, 0, 0, 0, 12, 16, 53
"/home/franco/Documents/GitHub/Simulatore-cpu-x86-64/venv/lib/python3.12/site-packages/pip/_internal/utils/compat.py", "Python", 26, 0, 0, 0, 0, 0, 0, 0, 0, 0, 0, 0, 0, 0, 0, 22, 16, 64
"/home/franco/Documents/GitHub/Simulatore-cpu-x86-64/venv/lib/python3.12/site-packages/pip/_internal/utils/compatibility_tags.py", "Python", 108, 0, 0, 0, 0, 0, 0, 0, 0, 0, 0, 0, 0, 0, 0, 30, 28, 166
"/home/franco/Documents/GitHub/Simulatore-cpu-x86-64/venv/lib/python3.12/site-packages/pip/_internal/utils/datetime.py", "Python", 5, 0, 0, 0, 0, 0, 0, 0, 0, 0, 0, 0, 0, 0, 0, 2, 5, 12
"/home/franco/Documents/GitHub/Simulatore-cpu-x86-64/venv/lib/python3.12/site-packages/pip/_internal/utils/deprecation.py", "Python", 71, 0, 0, 0, 0, 0, 0, 0, 0, 0, 0, 0, 0, 0, 0, 28, 22, 121
"/home/franco/Documents/GitHub/Simulatore-cpu-x86-64/venv/lib/python3.12/site-packages/pip/_internal/utils/direct_url_helpers.py", "Python", 70, 0, 0, 0, 0, 0, 0, 0, 0, 0, 0, 0, 0, 0, 0, 10, 8, 88
"/home/franco/Documents/GitHub/Simulatore-cpu-x86-64/venv/lib/python3.12/site-packages/pip/_internal/utils/egg_link.py", "Python", 43, 0, 0, 0, 0, 0, 0, 0, 0, 0, 0, 0, 0, 0, 0, 28, 10, 81
"/home/franco/Documents/GitHub/Simulatore-cpu-x86-64/venv/lib/python3.12/site-packages/pip/_internal/utils/encoding.py", "Python", 28, 0, 0, 0, 0, 0, 0, 0, 0, 0, 0, 0, 0, 0, 0, 4, 5, 37
"/home/franco/Documents/GitHub/Simulatore-cpu-x86-64/venv/lib/python3.12/site-packages/pip/_internal/utils/entrypoints.py", "Python", 54, 0, 0, 0, 0, 0, 0, 0, 0, 0, 0, 0, 0, 0, 0, 18, 13, 85
"/home/franco/Documents/GitHub/Simulatore-cpu-x86-64/venv/lib/python3.12/site-packages/pip/_internal/utils/filesystem.py", "Python", 93, 0, 0, 0, 0, 0, 0, 0, 0, 0, 0, 0, 0, 0, 0, 32, 29, 154
"/home/franco/Documents/GitHub/Simulatore-cpu-x86-64/venv/lib/python3.12/site-packages/pip/_internal/utils/filetypes.py", "Python", 19, 0, 0, 0, 0, 0, 0, 0, 0, 0, 0, 0, 0, 0, 0, 3, 6, 28
"/home/franco/Documents/GitHub/Simulatore-cpu-x86-64/venv/lib/python3.12/site-packages/pip/_internal/utils/glibc.py", "Python", 40, 0, 0, 0, 0, 0, 0, 0, 0, 0, 0, 0, 0, 0, 0, 36, 13, 89
"/home/franco/Documents/GitHub/Simulatore-cpu-x86-64/venv/lib/python3.12/site-packages/pip/_internal/utils/hashes.py", "Python", 81, 0, 0, 0, 0, 0, 0, 0, 0, 0, 0, 0, 0, 0, 0, 41, 30, 152
"/home/franco/Documents/GitHub/Simulatore-cpu-x86-64/venv/lib/python3.12/site-packages/pip/_internal/utils/logging.py", "Python", 246, 0, 0, 0, 0, 0, 0, 0, 0, 0, 0, 0, 0, 0, 0, 51, 52, 349
"/home/franco/Documents/GitHub/Simulatore-cpu-x86-64/venv/lib/python3.12/site-packages/pip/_internal/utils/misc.py", "Python", 478, 0, 0, 0, 0, 0, 0, 0, 0, 0, 0, 0, 0, 0, 0, 170, 136, 784
"/home/franco/Documents/GitHub/Simulatore-cpu-x86-64/venv/lib/python3.12/site-packages/pip/_internal/utils/models.py", "Python", 23, 0, 0, 0, 0, 0, 0, 0, 0, 0, 0, 0, 0, 0, 0, 3, 14, 40
"/home/franco/Documents/GitHub/Simulatore-cpu-x86-64/venv/lib/python3.12/site-packages/pip/_internal/utils/packaging.py", "Python", 21, 0, 0, 0, 0, 0, 0, 0, 0, 0, 0, 0, 0, 0, 0, 26, 11, 58
"/home/franco/Documents/GitHub/Simulatore-cpu-x86-64/venv/lib/python3.12/site-packages/pip/_internal/utils/setuptools_build.py", "Python", 74, 0, 0, 0, 0, 0, 0, 0, 0, 0, 0, 0, 0, 0, 0, 53, 20, 147
"/home/franco/Documents/GitHub/Simulatore-cpu-x86-64/venv/lib/python3.12/site-packages/pip/_internal/utils/subprocess.py", "Python", 171, 0, 0, 0, 0, 0, 0, 0, 0, 0, 0, 0, 0, 0, 0, 66, 24, 261
"/home/franco/Documents/GitHub/Simulatore-cpu-x86-64/venv/lib/python3.12/site-packages/pip/_internal/utils/temp_dir.py", "Python", 175, 0, 0, 0, 0, 0, 0, 0, 0, 0, 0, 0, 0, 0, 0, 74, 48, 297
"/home/franco/Documents/GitHub/Simulatore-cpu-x86-64/venv/lib/python3.12/site-packages/pip/_internal/utils/unpacking.py", "Python", 187, 0, 0, 0, 0, 0, 0, 0, 0, 0, 0, 0, 0, 0, 0, 42, 29, 258
"/home/franco/Documents/GitHub/Simulatore-cpu-x86-64/venv/lib/python3.12/site-packages/pip/_internal/utils/urls.py", "Python", 38, 0, 0, 0, 0, 0, 0, 0, 0, 0, 0, 0, 0, 0, 0, 12, 13, 63
"/home/franco/Documents/GitHub/Simulatore-cpu-x86-64/venv/lib/python3.12/site-packages/pip/_internal/utils/virtualenv.py", "Python", 50, 0, 0, 0, 0, 0, 0, 0, 0, 0, 0, 0, 0, 0, 0, 36, 19, 105
"/home/franco/Documents/GitHub/Simulatore-cpu-x86-64/venv/lib/python3.12/site-packages/pip/_internal/utils/wheel.py", "Python", 68, 0, 0, 0, 0, 0, 0, 0, 0, 0, 0, 0, 0, 0, 0, 36, 31, 135
"/home/franco/Documents/GitHub/Simulatore-cpu-x86-64/venv/lib/python3.12/site-packages/pip/_internal/vcs/__init__.py", "Python", 11, 0, 0, 0, 0, 0, 0, 0, 0, 0, 0, 0, 0, 0, 0, 4, 1, 16
"/home/franco/Documents/GitHub/Simulatore-cpu-x86-64/venv/lib/python3.12/site-packages/pip/_internal/vcs/bazaar.py", "Python", 93, 0, 0, 0, 0, 0, 0, 0, 0, 0, 0, 0, 0, 0, 0, 4, 16, 113
"/home/franco/Documents/GitHub/Simulatore-cpu-x86-64/venv/lib/python3.12/site-packages/pip/_internal/vcs/git.py", "Python", 138, 0, 0, 0, 0, 0, 0, 0, 0, 0, 0, 0, 0, 0, 0, 372, 17, 527
"/home/franco/Documents/GitHub/Simulatore-cpu-x86-64/venv/lib/python3.12/site-packages/pip/_internal/vcs/mercurial.py", "Python", 134, 0, 0, 0, 0, 0, 0, 0, 0, 0, 0, 0, 0, 0, 0, 13, 17, 164
"/home/franco/Documents/GitHub/Simulatore-cpu-x86-64/venv/lib/python3.12/site-packages/pip/_internal/vcs/subversion.py", "Python", 209, 0, 0, 0, 0, 0, 0, 0, 0, 0, 0, 0, 0, 0, 0, 74, 42, 325
"/home/franco/Documents/GitHub/Simulatore-cpu-x86-64/venv/lib/python3.12/site-packages/pip/_internal/vcs/versioncontrol.py", "Python", 392, 0, 0, 0, 0, 0, 0, 0, 0, 0, 0, 0, 0, 0, 0, 224, 90, 706
"/home/franco/Documents/GitHub/Simulatore-cpu-x86-64/venv/lib/python3.12/site-packages/pip/_internal/wheel_builder.py", "Python", 269, 0, 0, 0, 0, 0, 0, 0, 0, 0, 0, 0, 0, 0, 0, 43, 43, 355
"/home/franco/Documents/GitHub/Simulatore-cpu-x86-64/venv/lib/python3.12/site-packages/pip/_vendor/__init__.py", "Python", 79, 0, 0, 0, 0, 0, 0, 0, 0, 0, 0, 0, 0, 0, 0, 33, 10, 122
"/home/franco/Documents/GitHub/Simulatore-cpu-x86-64/venv/lib/python3.12/site-packages/pip/_vendor/cachecontrol/__init__.py", "Python", 16, 0, 0, 0, 0, 0, 0, 0, 0, 0, 0, 0, 0, 0, 0, 7, 6, 29
"/home/franco/Documents/GitHub/Simulatore-cpu-x86-64/venv/lib/python3.12/site-packages/pip/_vendor/cachecontrol/_cmd.py", "Python", 43, 0, 0, 0, 0, 0, 0, 0, 0, 0, 0, 0, 0, 0, 0, 7, 21, 71
"/home/franco/Documents/GitHub/Simulatore-cpu-x86-64/venv/lib/python3.12/site-packages/pip/_vendor/cachecontrol/adapter.py", "Python", 105, 0, 0, 0, 0, 0, 0, 0, 0, 0, 0, 0, 0, 0, 0, 30, 27, 162
"/home/franco/Documents/GitHub/Simulatore-cpu-x86-64/venv/lib/python3.12/site-packages/pip/_vendor/cachecontrol/cache.py", "Python", 36, 0, 0, 0, 0, 0, 0, 0, 0, 0, 0, 0, 0, 0, 0, 21, 18, 75
"/home/franco/Documents/GitHub/Simulatore-cpu-x86-64/venv/lib/python3.12/site-packages/pip/_vendor/cachecontrol/caches/__init__.py", "Python", 3, 0, 0, 0, 0, 0, 0, 0, 0, 0, 0, 0, 0, 0, 0, 3, 3, 9
"/home/franco/Documents/GitHub/Simulatore-cpu-x86-64/venv/lib/python3.12/site-packages/pip/_vendor/cachecontrol/caches/file_cache.py", "Python", 102, 0, 0, 0, 0, 0, 0, 0, 0, 0, 0, 0, 0, 0, 0, 44, 36, 182
"/home/franco/Documents/GitHub/Simulatore-cpu-x86-64/venv/lib/python3.12/site-packages/pip/_vendor/cachecontrol/caches/redis_cache.py", "Python", 31, 0, 0, 0, 0, 0, 0, 0, 0, 0, 0, 0, 0, 0, 0, 6, 12, 49
"/home/franco/Documents/GitHub/Simulatore-cpu-x86-64/venv/lib/python3.12/site-packages/pip/_vendor/cachecontrol/controller.py", "Python", 321, 0, 0, 0, 0, 0, 0, 0, 0, 0, 0, 0, 0, 0, 0, 97, 77, 495
"/home/franco/Documents/GitHub/Simulatore-cpu-x86-64/venv/lib/python3.12/site-packages/pip/_vendor/cachecontrol/filewrapper.py", "Python", 54, 0, 0, 0, 0, 0, 0, 0, 0, 0, 0, 0, 0, 0, 0, 46, 20, 120
"/home/franco/Documents/GitHub/Simulatore-cpu-x86-64/venv/lib/python3.12/site-packages/pip/_vendor/cachecontrol/heuristics.py", "Python", 85, 0, 0, 0, 0, 0, 0, 0, 0, 0, 0, 0, 0, 0, 0, 35, 35, 155
"/home/franco/Documents/GitHub/Simulatore-cpu-x86-64/venv/lib/python3.12/site-packages/pip/_vendor/cachecontrol/serialize.py", "Python", 132, 0, 0, 0, 0, 0, 0, 0, 0, 0, 0, 0, 0, 0, 0, 43, 32, 207
"/home/franco/Documents/GitHub/Simulatore-cpu-x86-64/venv/lib/python3.12/site-packages/pip/_vendor/cachecontrol/wrapper.py", "Python", 33, 0, 0, 0, 0, 0, 0, 0, 0, 0, 0, 0, 0, 0, 0, 3, 8, 44
"/home/franco/Documents/GitHub/Simulatore-cpu-x86-64/venv/lib/python3.12/site-packages/pip/_vendor/certifi/__init__.py", "Python", 3, 0, 0, 0, 0, 0, 0, 0, 0, 0, 0, 0, 0, 0, 0, 0, 2, 5
"/home/franco/Documents/GitHub/Simulatore-cpu-x86-64/venv/lib/python3.12/site-packages/pip/_vendor/certifi/__main__.py", "Python", 9, 0, 0, 0, 0, 0, 0, 0, 0, 0, 0, 0, 0, 0, 0, 0, 4, 13
"/home/franco/Documents/GitHub/Simulatore-cpu-x86-64/venv/lib/python3.12/site-packages/pip/_vendor/certifi/core.py", "Python", 52, 0, 0, 0, 0, 0, 0, 0, 0, 0, 0, 0, 0, 0, 0, 44, 24, 120
"/home/franco/Documents/GitHub/Simulatore-cpu-x86-64/venv/lib/python3.12/site-packages/pip/_vendor/chardet/__init__.py", "Python", 64, 0, 0, 0, 0, 0, 0, 0, 0, 0, 0, 0, 0, 0, 0, 41, 11, 116
"/home/franco/Documents/GitHub/Simulatore-cpu-x86-64/venv/lib/python3.12/site-packages/pip/_vendor/chardet/big5freq.py", "Python", 340, 0, 0, 0, 0, 0, 0, 0, 0, 0, 0, 0, 0, 0, 0, 43, 4, 387
"/home/franco/Documents/GitHub/Simulatore-cpu-x86-64/venv/lib/python3.12/site-packages/pip/_vendor/chardet/big5prober.py", "Python", 16, 0, 0, 0, 0, 0, 0, 0, 0, 0, 0, 0, 0, 0, 0, 26, 6, 48
"/home/franco/Documents/GitHub/Simulatore-cpu-x86-64/venv/lib/python3.12/site-packages/pip/_vendor/chardet/chardistribution.py", "Python", 155, 0, 0, 0, 0, 0, 0, 0, 0, 0, 0, 0, 0, 0, 0, 73, 34, 262
"/home/franco/Documents/GitHub/Simulatore-cpu-x86-64/venv/lib/python3.12/site-packages/pip/_vendor/chardet/charsetgroupprober.py", "Python", 71, 0, 0, 0, 0, 0, 0, 0, 0, 0, 0, 0, 0, 0, 0, 26, 10, 107
"/home/franco/Documents/GitHub/Simulatore-cpu-x86-64/venv/lib/python3.12/site-packages/pip/_vendor/chardet/charsetprober.py", "Python", 62, 0, 0, 0, 0, 0, 0, 0, 0, 0, 0, 0, 0, 0, 0, 61, 25, 148
"/home/franco/Documents/GitHub/Simulatore-cpu-x86-64/venv/lib/python3.12/site-packages/pip/_vendor/chardet/cli/__init__.py", "Python", 0, 0, 0, 0, 0, 0, 0, 0, 0, 0, 0, 0, 0, 0, 0, 0, 1, 1
"/home/franco/Documents/GitHub/Simulatore-cpu-x86-64/venv/lib/python3.12/site-packages/pip/_vendor/chardet/cli/chardetect.py", "Python", 68, 0, 0, 0, 0, 0, 0, 0, 0, 0, 0, 0, 0, 0, 0, 34, 11, 113
"/home/franco/Documents/GitHub/Simulatore-cpu-x86-64/venv/lib/python3.12/site-packages/pip/_vendor/chardet/codingstatemachine.py", "Python", 30, 0, 0, 0, 0, 0, 0, 0, 0, 0, 0, 0, 0, 0, 0, 50, 11, 91
"/home/franco/Documents/GitHub/Simulatore-cpu-x86-64/venv/lib/python3.12/site-packages/pip/_vendor/chardet/codingstatemachinedict.py", "Python", 12, 0, 0, 0, 0, 0, 0, 0, 0, 0, 0, 0, 0, 0, 0, 4, 4, 20
"/home/franco/Documents/GitHub/Simulatore-cpu-x86-64/venv/lib/python3.12/site-packages/pip/_vendor/chardet/cp949prober.py", "Python", 16, 0, 0, 0, 0, 0, 0, 0, 0, 0, 0, 0, 0, 0, 0, 28, 6, 50
"/home/franco/Documents/GitHub/Simulatore-cpu-x86-64/venv/lib/python3.12/site-packages/pip/_vendor/chardet/enums.py", "Python", 37, 0, 0, 0, 0, 0, 0, 0, 0, 0, 0, 0, 0, 0, 0, 28, 21, 86
"/home/franco/Documents/GitHub/Simulatore-cpu-x86-64/venv/lib/python3.12/site-packages/pip/_vendor/chardet/escprober.py", "Python", 60, 0, 0, 0, 0, 0, 0, 0, 0, 0, 0, 0, 0, 0, 0, 31, 12, 103
"/home/franco/Documents/GitHub/Simulatore-cpu-x86-64/venv/lib/python3.12/site-packages/pip/_vendor/chardet/escsm.py", "Python", 210, 0, 0, 0, 0, 0, 0, 0, 0, 0, 0, 0, 0, 0, 0, 34, 18, 262
"/home/franco/Documents/GitHub/Simulatore-cpu-x86-64/venv/lib/python3.12/site-packages/pip/_vendor/chardet/eucjpprober.py", "Python", 61, 0, 0, 0, 0, 0, 0, 0, 0, 0, 0, 0, 0, 0, 0, 27, 15, 103
"/home/franco/Documents/GitHub/Simulatore-cpu-x86-64/venv/lib/python3.12/site-packages/pip/_vendor/chardet/euckrfreq.py", "Python", 151, 0, 0, 0, 0, 0, 0, 0, 0, 0, 0, 0, 0, 0, 0, 40, 6, 197
"/home/franco/Documents/GitHub/Simulatore-cpu-x86-64/venv/lib/python3.12/site-packages/pip/_vendor/chardet/euckrprober.py", "Python", 16, 0, 0, 0, 0, 0, 0, 0, 0, 0, 0, 0, 0, 0, 0, 26, 6, 48
"/home/franco/Documents/GitHub/Simulatore-cpu-x86-64/venv/lib/python3.12/site-packages/pip/_vendor/chardet/euctwfreq.py", "Python", 340, 0, 0, 0, 0, 0, 0, 0, 0, 0, 0, 0, 0, 0, 0, 43, 6, 389
"/home/franco/Documents/GitHub/Simulatore-cpu-x86-64/venv/lib/python3.12/site-packages/pip/_vendor/chardet/euctwprober.py", "Python", 16, 0, 0, 0, 0, 0, 0, 0, 0, 0, 0, 0, 0, 0, 0, 26, 6, 48
"/home/franco/Documents/GitHub/Simulatore-cpu-x86-64/venv/lib/python3.12/site-packages/pip/_vendor/chardet/gb2312freq.py", "Python", 239, 0, 0, 0, 0, 0, 0, 0, 0, 0, 0, 0, 0, 0, 0, 40, 6, 285
"/home/franco/Documents/GitHub/Simulatore-cpu-x86-64/venv/lib/python3.12/site-packages/pip/_vendor/chardet/gb2312prober.py", "Python", 16, 0, 0, 0, 0, 0, 0, 0, 0, 0, 0, 0, 0, 0, 0, 26, 6, 48
"/home/franco/Documents/GitHub/Simulatore-cpu-x86-64/venv/lib/python3.12/site-packages/pip/_vendor/chardet/hebrewprober.py", "Python", 103, 0, 0, 0, 0, 0, 0, 0, 0, 0, 0, 0, 0, 0, 0, 186, 28, 317
"/home/franco/Documents/GitHub/Simulatore-cpu-x86-64/venv/lib/python3.12/site-packages/pip/_vendor/chardet/jisfreq.py", "Python", 277, 0, 0, 0, 0, 0, 0, 0, 0, 0, 0, 0, 0, 0, 0, 43, 6, 326
"/home/franco/Documents/GitHub/Simulatore-cpu-x86-64/venv/lib/python3.12/site-packages/pip/_vendor/chardet/johabfreq.py", "Python", 2352, 0, 0, 0, 0, 0, 0, 0, 0, 0, 0, 0, 0, 0, 0, 28, 3, 2383
"/home/franco/Documents/GitHub/Simulatore-cpu-x86-64/venv/lib/python3.12/site-packages/pip/_vendor/chardet/johabprober.py", "Python", 16, 0, 0, 0, 0, 0, 0, 0, 0, 0, 0, 0, 0, 0, 0, 26, 6, 48
"/home/franco/Documents/GitHub/Simulatore-cpu-x86-64/venv/lib/python3.12/site-packages/pip/_vendor/chardet/jpcntx.py", "Python", 171, 0, 0, 0, 0, 0, 0, 0, 0, 0, 0, 0, 0, 0, 0, 46, 22, 239
"/home/franco/Documents/GitHub/Simulatore-cpu-x86-64/venv/lib/python3.12/site-packages/pip/_vendor/chardet/langbulgarianmodel.py", "Python", 4632, 0, 0, 0, 0, 0, 0, 0, 0, 0, 0, 0, 0, 0, 0, 10, 8, 4650
"/home/franco/Documents/GitHub/Simulatore-cpu-x86-64/venv/lib/python3.12/site-packages/pip/_vendor/chardet/langgreekmodel.py", "Python", 4380, 0, 0, 0, 0, 0, 0, 0, 0, 0, 0, 0, 0, 0, 0, 10, 8, 4398
"/home/franco/Documents/GitHub/Simulatore-cpu-x86-64/venv/lib/python3.12/site-packages/pip/_vendor/chardet/langhebrewmodel.py", "Python", 4365, 0, 0, 0, 0, 0, 0, 0, 0, 0, 0, 0, 0, 0, 0, 10, 6, 4381
"/home/franco/Documents/GitHub/Simulatore-cpu-x86-64/venv/lib/python3.12/site-packages/pip/_vendor/chardet/langhungarianmodel.py", "Python", 4632, 0, 0, 0, 0, 0, 0, 0, 0, 0, 0, 0, 0, 0, 0, 10, 8, 4650
"/home/franco/Documents/GitHub/Simulatore-cpu-x86-64/venv/lib/python3.12/site-packages/pip/_vendor/chardet/langrussianmodel.py", "Python", 5700, 0, 0, 0, 0, 0, 0, 0, 0, 0, 0, 0, 0, 0, 0, 10, 16, 5726
"/home/franco/Documents/GitHub/Simulatore-cpu-x86-64/venv/lib/python3.12/site-packages/pip/_vendor/chardet/langthaimodel.py", "Python", 4365, 0, 0, 0, 0, 0, 0, 0, 0, 0, 0, 0, 0, 0, 0, 10, 6, 4381
"/home/franco/Documents/GitHub/Simulatore-cpu-x86-64/venv/lib/python3.12/site-packages/pip/_vendor/chardet/langturkishmodel.py", "Python", 4365, 0, 0, 0, 0, 0, 0, 0, 0, 0, 0, 0, 0, 0, 0, 10, 6, 4381
"/home/franco/Documents/GitHub/Simulatore-cpu-x86-64/venv/lib/python3.12/site-packages/pip/_vendor/chardet/latin1prober.py", "Python", 96, 0, 0, 0, 0, 0, 0, 0, 0, 0, 0, 0, 0, 0, 0, 36, 16, 148
"/home/franco/Documents/GitHub/Simulatore-cpu-x86-64/venv/lib/python3.12/site-packages/pip/_vendor/chardet/macromanprober.py", "Python", 99, 0, 0, 0, 0, 0, 0, 0, 0, 0, 0, 0, 0, 0, 0, 45, 19, 163
"/home/franco/Documents/GitHub/Simulatore-cpu-x86-64/venv/lib/python3.12/site-packages/pip/_vendor/chardet/mbcharsetprober.py", "Python", 52, 0, 0, 0, 0, 0, 0, 0, 0, 0, 0, 0, 0, 0, 0, 31, 13, 96
"/home/franco/Documents/GitHub/Simulatore-cpu-x86-64/venv/lib/python3.12/site-packages/pip/_vendor/chardet/mbcsgroupprober.py", "Python", 26, 0, 0, 0, 0, 0, 0, 0, 0, 0, 0, 0, 0, 0, 0, 28, 4, 58
"/home/franco/Documents/GitHub/Simulatore-cpu-x86-64/venv/lib/python3.12/site-packages/pip/_vendor/chardet/mbcssm.py", "Python", 547, 0, 0, 0, 0, 0, 0, 0, 0, 0, 0, 0, 0, 0, 0, 68, 47, 662
"/home/franco/Documents/GitHub/Simulatore-cpu-x86-64/venv/lib/python3.12/site-packages/pip/_vendor/chardet/metadata/__init__.py", "Python", 0, 0, 0, 0, 0, 0, 0, 0, 0, 0, 0, 0, 0, 0, 0, 0, 1, 1
"/home/franco/Documents/GitHub/Simulatore-cpu-x86-64/venv/lib/python3.12/site-packages/pip/_vendor/chardet/metadata/languages.py", "Python", 285, 0, 0, 0, 0, 0, 0, 0, 0, 0, 0, 0, 0, 0, 0, 59, 9, 353
"/home/franco/Documents/GitHub/Simulatore-cpu-x86-64/venv/lib/python3.12/site-packages/pip/_vendor/chardet/resultdict.py", "Python", 9, 0, 0, 0, 0, 0, 0, 0, 0, 0, 0, 0, 0, 0, 0, 4, 4, 17
"/home/franco/Documents/GitHub/Simulatore-cpu-x86-64/venv/lib/python3.12/site-packages/pip/_vendor/chardet/sbcharsetprober.py", "Python", 108, 0, 0, 0, 0, 0, 0, 0, 0, 0, 0, 0, 0, 0, 0, 40, 15, 163
"/home/franco/Documents/GitHub/Simulatore-cpu-x86-64/venv/lib/python3.12/site-packages/pip/_vendor/chardet/sbcsgroupprober.py", "Python", 45, 0, 0, 0, 0, 0, 0, 0, 0, 0, 0, 0, 0, 0, 0, 39, 5, 89
"/home/franco/Documents/GitHub/Simulatore-cpu-x86-64/venv/lib/python3.12/site-packages/pip/_vendor/chardet/sjisprober.py", "Python", 65, 0, 0, 0, 0, 0, 0, 0, 0, 0, 0, 0, 0, 0, 0, 26, 15, 106
"/home/franco/Documents/GitHub/Simulatore-cpu-x86-64/venv/lib/python3.12/site-packages/pip/_vendor/chardet/universaldetector.py", "Python", 224, 0, 0, 0, 0, 0, 0, 0, 0, 0, 0, 0, 0, 0, 0, 112, 27, 363
"/home/franco/Documents/GitHub/Simulatore-cpu-x86-64/venv/lib/python3.12/site-packages/pip/_vendor/chardet/utf1632prober.py", "Python", 155, 0, 0, 0, 0, 0, 0, 0, 0, 0, 0, 0, 0, 0, 0, 50, 21, 226
"/home/franco/Documents/GitHub/Simulatore-cpu-x86-64/venv/lib/python3.12/site-packages/pip/_vendor/chardet/utf8prober.py", "Python", 44, 0, 0, 0, 0, 0, 0, 0, 0, 0, 0, 0, 0, 0, 0, 26, 13, 83
"/home/franco/Documents/GitHub/Simulatore-cpu-x86-64/venv/lib/python3.12/site-packages/pip/_vendor/chardet/version.py", "Python", 2, 0, 0, 0, 0, 0, 0, 0, 0, 0, 0, 0, 0, 0, 0, 6, 2, 10
"/home/franco/Documents/GitHub/Simulatore-cpu-x86-64/venv/lib/python3.12/site-packages/pip/_vendor/colorama/__init__.py", "Python", 4, 0, 0, 0, 0, 0, 0, 0, 0, 0, 0, 0, 0, 0, 0, 1, 3, 8
"/home/franco/Documents/GitHub/Simulatore-cpu-x86-64/venv/lib/python3.12/site-packages/pip/_vendor/colorama/ansi.py", "Python", 77, 0, 0, 0, 0, 0, 0, 0, 0, 0, 0, 0, 0, 0, 0, 6, 20, 103
"/home/franco/Documents/GitHub/Simulatore-cpu-x86-64/venv/lib/python3.12/site-packages/pip/_vendor/colorama/ansitowin32.py", "Python", 209, 0, 0, 0, 0, 0, 0, 0, 0, 0, 0, 0, 0, 0, 0, 25, 44, 278
"/home/franco/Documents/GitHub/Simulatore-cpu-x86-64/venv/lib/python3.12/site-packages/pip/_vendor/colorama/initialise.py", "Python", 83, 0, 0, 0, 0, 0, 0, 0, 0, 0, 0, 0, 0, 0, 0, 8, 31, 122
"/home/franco/Documents/GitHub/Simulatore-cpu-x86-64/venv/lib/python3.12/site-packages/pip/_vendor/colorama/tests/__init__.py", "Python", 0, 0, 0, 0, 0, 0, 0, 0, 0, 0, 0, 0, 0, 0, 0, 1, 1, 2
"/home/franco/Documents/GitHub/Simulatore-cpu-x86-64/venv/lib/python3.12/site-packages/pip/_vendor/colorama/tests/ansi_test.py", "Python", 55, 0, 0, 0, 0, 0, 0, 0, 0, 0, 0, 0, 0, 0, 0, 5, 17, 77
"/home/franco/Documents/GitHub/Simulatore-cpu-x86-64/venv/lib/python3.12/site-packages/pip/_vendor/colorama/tests/ansitowin32_test.py", "Python", 243, 0, 0, 0, 0, 0, 0, 0, 0, 0, 0, 0, 0, 0, 0, 8, 44, 295
"/home/franco/Documents/GitHub/Simulatore-cpu-x86-64/venv/lib/python3.12/site-packages/pip/_vendor/colorama/tests/initialise_test.py", "Python", 145, 0, 0, 0, 0, 0, 0, 0, 0, 0, 0, 0, 0, 0, 0, 10, 35, 190
"/home/franco/Documents/GitHub/Simulatore-cpu-x86-64/venv/lib/python3.12/site-packages/pip/_vendor/colorama/tests/isatty_test.py", "Python", 43, 0, 0, 0, 0, 0, 0, 0, 0, 0, 0, 0, 0, 0, 0, 1, 14, 58
"/home/franco/Documents/GitHub/Simulatore-cpu-x86-64/venv/lib/python3.12/site-packages/pip/_vendor/colorama/tests/utils.py", "Python", 41, 0, 0, 0, 0, 0, 0, 0, 0, 0, 0, 0, 0, 0, 0, 1, 8, 50
"/home/franco/Documents/GitHub/Simulatore-cpu-x86-64/venv/lib/python3.12/site-packages/pip/_vendor/colorama/tests/winterm_test.py", "Python", 99, 0, 0, 0, 0, 0, 0, 0, 0, 0, 0, 0, 0, 0, 0, 1, 32, 132
"/home/franco/Documents/GitHub/Simulatore-cpu-x86-64/venv/lib/python3.12/site-packages/pip/_vendor/colorama/win32.py", "Python", 145, 0, 0, 0, 0, 0, 0, 0, 0, 0, 0, 0, 0, 0, 0, 11, 25, 181
"/home/franco/Documents/GitHub/Simulatore-cpu-x86-64/venv/lib/python3.12/site-packages/pip/_vendor/colorama/winterm.py", "Python", 143, 0, 0, 0, 0, 0, 0, 0, 0, 0, 0, 0, 0, 0, 0, 29, 24, 196
"/home/franco/Documents/GitHub/Simulatore-cpu-x86-64/venv/lib/python3.12/site-packages/pip/_vendor/distlib/__init__.py", "Python", 16, 0, 0, 0, 0, 0, 0, 0, 0, 0, 0, 0, 0, 0, 0, 6, 12, 34
"/home/franco/Documents/GitHub/Simulatore-cpu-x86-64/venv/lib/python3.12/site-packages/pip/_vendor/distlib/compat.py", "Python", 808, 0, 0, 0, 0, 0, 0, 0, 0, 0, 0, 0, 0, 0, 0, 161, 170, 1139
"/home/franco/Documents/GitHub/Simulatore-cpu-x86-64/venv/lib/python3.12/site-packages/pip/_vendor/distlib/database.py", "Python", 784, 0, 0, 0, 0, 0, 0, 0, 0, 0, 0, 0, 0, 0, 0, 426, 150, 1360
"/home/franco/Documents/GitHub/Simulatore-cpu-x86-64/venv/lib/python3.12/site-packages/pip/_vendor/distlib/index.py", "Python", 285, 0, 0, 0, 0, 0, 0, 0, 0, 0, 0, 0, 0, 0, 0, 193, 31, 509
"/home/franco/Documents/GitHub/Simulatore-cpu-x86-64/venv/lib/python3.12/site-packages/pip/_vendor/distlib/locators.py", "Python", 824, 0, 0, 0, 0, 0, 0, 0, 0, 0, 0, 0, 0, 0, 0, 381, 99, 1304
"/home/franco/Documents/GitHub/Simulatore-cpu-x86-64/venv/lib/python3.12/site-packages/pip/_vendor/distlib/manifest.py", "Python", 199, 0, 0, 0, 0, 0, 0, 0, 0, 0, 0, 0, 0, 0, 0, 133, 53, 385
"/home/franco/Documents/GitHub/Simulatore-cpu-x86-64/venv/lib/python3.12/site-packages/pip/_vendor/distlib/markers.py", "Python", 112, 0, 0, 0, 0, 0, 0, 0, 0, 0, 0, 0, 0, 0, 0, 27, 29, 168
"/home/franco/Documents/GitHub/Simulatore-cpu-x86-64/venv/lib/python3.12/site-packages/pip/_vendor/distlib/metadata.py", "Python", 786, 0, 0, 0, 0, 0, 0, 0, 0, 0, 0, 0, 0, 0, 0, 135, 148, 1069
"/home/franco/Documents/GitHub/Simulatore-cpu-x86-64/venv/lib/python3.12/site-packages/pip/_vendor/distlib/resources.py", "Python", 243, 0, 0, 0, 0, 0, 0, 0, 0, 0, 0, 0, 0, 0, 0, 56, 60, 359
"/home/franco/Documents/GitHub/Simulatore-cpu-x86-64/venv/lib/python3.12/site-packages/pip/_vendor/distlib/scripts.py", "Python", 328, 0, 0, 0, 0, 0, 0, 0, 0, 0, 0, 0, 0, 0, 0, 81, 44, 453
"/home/franco/Documents/GitHub/Simulatore-cpu-x86-64/venv/lib/python3.12/site-packages/pip/_vendor/distlib/util.py", "Python", 1417, 0, 0, 0, 0, 0, 0, 0, 0, 0, 0, 0, 0, 0, 0, 334, 275, 2026
"/home/franco/Documents/GitHub/Simulatore-cpu-x86-64/venv/lib/python3.12/site-packages/pip/_vendor/distlib/version.py", "Python", 488, 0, 0, 0, 0, 0, 0, 0, 0, 0, 0, 0, 0, 0, 0, 137, 127, 752
"/home/franco/Documents/GitHub/Simulatore-cpu-x86-64/venv/lib/python3.12/site-packages/pip/_vendor/distlib/wheel.py", "Python", 848, 0, 0, 0, 0, 0, 0, 0, 0, 0, 0, 0, 0, 0, 0, 137, 115, 1100
"/home/franco/Documents/GitHub/Simulatore-cpu-x86-64/venv/lib/python3.12/site-packages/pip/_vendor/distro/__init__.py", "Python", 52, 0, 0, 0, 0, 0, 0, 0, 0, 0, 0, 0, 0, 0, 0, 0, 3, 55
"/home/franco/Documents/GitHub/Simulatore-cpu-x86-64/venv/lib/python3.12/site-packages/pip/_vendor/distro/__main__.py", "Python", 3, 0, 0, 0, 0, 0, 0, 0, 0, 0, 0, 0, 0, 0, 0, 0, 2, 5
"/home/franco/Documents/GitHub/Simulatore-cpu-x86-64/venv/lib/python3.12/site-packages/pip/_vendor/distro/distro.py", "Python", 509, 0, 0, 0, 0, 0, 0, 0, 0, 0, 0, 0, 0, 0, 0, 766, 125, 1400
"/home/franco/Documents/GitHub/Simulatore-cpu-x86-64/venv/lib/python3.12/site-packages/pip/_vendor/idna/__init__.py", "Python", 43, 0, 0, 0, 0, 0, 0, 0, 0, 0, 0, 0, 0, 0, 0, 0, 2, 45
"/home/franco/Documents/GitHub/Simulatore-cpu-x86-64/venv/lib/python3.12/site-packages/pip/_vendor/idna/codec.py", "Python", 84, 0, 0, 0, 0, 0, 0, 0, 0, 0, 0, 0, 0, 0, 0, 4, 25, 113
"/home/franco/Documents/GitHub/Simulatore-cpu-x86-64/venv/lib/python3.12/site-packages/pip/_vendor/idna/compat.py", "Python", 9, 0, 0, 0, 0, 0, 0, 0, 0, 0, 0, 0, 0, 0, 0, 0, 5, 14
"/home/franco/Documents/GitHub/Simulatore-cpu-x86-64/venv/lib/python3.12/site-packages/pip/_vendor/idna/core.py", "Python", 314, 0, 0, 0, 0, 0, 0, 0, 0, 0, 0, 0, 0, 0, 0, 13, 74, 401
"/home/franco/Documents/GitHub/Simulatore-cpu-x86-64/venv/lib/python3.12/site-packages/pip/_vendor/idna/idnadata.py", "Python", 4244, 0, 0, 0, 0, 0, 0, 0, 0, 0, 0, 0, 0, 0, 0, 1, 2, 4247
"/home/franco/Documents/GitHub/Simulatore-cpu-x86-64/venv/lib/python3.12/site-packages/pip/_vendor/idna/intranges.py", "Python", 30, 0, 0, 0, 0, 0, 0, 0, 0, 0, 0, 0, 0, 0, 0, 16, 9, 55
"/home/franco/Documents/GitHub/Simulatore-cpu-x86-64/venv/lib/python3.12/site-packages/pip/_vendor/idna/package_data.py", "Python", 1, 0, 0, 0, 0, 0, 0, 0, 0, 0, 0, 0, 0, 0, 0, 0, 2, 3
"/home/franco/Documents/GitHub/Simulatore-cpu-x86-64/venv/lib/python3.12/site-packages/pip/_vendor/idna/uts46data.py", "Python", 8510, 0, 0, 0, 0, 0, 0, 0, 0, 0, 0, 0, 0, 0, 0, 3, 88, 8601
"/home/franco/Documents/GitHub/Simulatore-cpu-x86-64/venv/lib/python3.12/site-packages/pip/_vendor/msgpack/__init__.py", "Python", 25, 0, 0, 0, 0, 0, 0, 0, 0, 0, 0, 0, 0, 0, 0, 18, 15, 58
"/home/franco/Documents/GitHub/Simulatore-cpu-x86-64/venv/lib/python3.12/site-packages/pip/_vendor/msgpack/exceptions.py", "Python", 17, 0, 0, 0, 0, 0, 0, 0, 0, 0, 0, 0, 0, 0, 0, 15, 17, 49
"/home/franco/Documents/GitHub/Simulatore-cpu-x86-64/venv/lib/python3.12/site-packages/pip/_vendor/msgpack/ext.py", "Python", 95, 0, 0, 0, 0, 0, 0, 0, 0, 0, 0, 0, 0, 0, 0, 76, 23, 194
"/home/franco/Documents/GitHub/Simulatore-cpu-x86-64/venv/lib/python3.12/site-packages/pip/_vendor/msgpack/fallback.py", "Python", 716, 0, 0, 0, 0, 0, 0, 0, 0, 0, 0, 0, 0, 0, 0, 203, 92, 1011
"/home/franco/Documents/GitHub/Simulatore-cpu-x86-64/venv/lib/python3.12/site-packages/pip/_vendor/packaging/__about__.py", "Python", 18, 0, 0, 0, 0, 0, 0, 0, 0, 0, 0, 0, 0, 0, 0, 3, 6, 27
"/home/franco/Documents/GitHub/Simulatore-cpu-x86-64/venv/lib/python3.12/site-packages/pip/_vendor/packaging/__init__.py", "Python", 20, 0, 0, 0, 0, 0, 0, 0, 0, 0, 0, 0, 0, 0, 0, 3, 3, 26
"/home/franco/Documents/GitHub/Simulatore-cpu-x86-64/venv/lib/python3.12/site-packages/pip/_vendor/packaging/_manylinux.py", "Python", 196, 0, 0, 0, 0, 0, 0, 0, 0, 0, 0, 0, 0, 0, 0, 68, 38, 302
"/home/franco/Documents/GitHub/Simulatore-cpu-x86-64/venv/lib/python3.12/site-packages/pip/_vendor/packaging/_musllinux.py", "Python", 85, 0, 0, 0, 0, 0, 0, 0, 0, 0, 0, 0, 0, 0, 0, 32, 20, 137
"/home/franco/Documents/GitHub/Simulatore-cpu-x86-64/venv/lib/python3.12/site-packages/pip/_vendor/packaging/_structures.py", "Python", 36, 0, 0, 0, 0, 0, 0, 0, 0, 0, 0, 0, 0, 0, 0, 3, 23, 62
"/home/franco/Documents/GitHub/Simulatore-cpu-x86-64/venv/lib/python3.12/site-packages/pip/_vendor/packaging/markers.py", "Python", 208, 0, 0, 0, 0, 0, 0, 0, 0, 0, 0, 0, 0, 0, 0, 25, 72, 305
"/home/franco/Documents/GitHub/Simulatore-cpu-x86-64/venv/lib/python3.12/site-packages/pip/_vendor/packaging/requirements.py", "Python", 97, 0, 0, 0, 0, 0, 0, 0, 0, 0, 0, 0, 0, 0, 0, 18, 32, 147
"/home/franco/Documents/GitHub/Simulatore-cpu-x86-64/venv/lib/python3.12/site-packages/pip/_vendor/packaging/specifiers.py", "Python", 203, 0, 0, 0, 0, 0, 0, 0, 0, 0, 0, 0, 0, 0, 0, 549, 51, 803
"/home/franco/Documents/GitHub/Simulatore-cpu-x86-64/venv/lib/python3.12/site-packages/pip/_vendor/packaging/tags.py", "Python", 308, 0, 0, 0, 0, 0, 0, 0, 0, 0, 0, 0, 0, 0, 0, 103, 77, 488
"/home/franco/Documents/GitHub/Simulatore-cpu-x86-64/venv/lib/python3.12/site-packages/pip/_vendor/packaging/utils.py", "Python", 81, 0, 0, 0, 0, 0, 0, 0, 0, 0, 0, 0, 0, 0, 0, 26, 30, 137
"/home/franco/Documents/GitHub/Simulatore-cpu-x86-64/venv/lib/python3.12/site-packages/pip/_vendor/packaging/version.py", "Python", 171, 0, 0, 0, 0, 0, 0, 0, 0, 0, 0, 0, 0, 0, 0, 277, 57, 505
"/home/franco/Documents/GitHub/Simulatore-cpu-x86-64/venv/lib/python3.12/site-packages/pip/_vendor/pkg_resources/__init__.py", "Python", 1866, 0, 0, 0, 0, 0, 0, 0, 0, 0, 0, 0, 0, 0, 0, 972, 524, 3362
"/home/franco/Documents/GitHub/Simulatore-cpu-x86-64/venv/lib/python3.12/site-packages/pip/_vendor/platformdirs/__init__.py", "Python", 337, 0, 0, 0, 0, 0, 0, 0, 0, 0, 0, 0, 0, 0, 0, 158, 72, 567
"/home/franco/Documents/GitHub/Simulatore-cpu-x86-64/venv/lib/python3.12/site-packages/pip/_vendor/platformdirs/__main__.py", "Python", 40, 0, 0, 0, 0, 0, 0, 0, 0, 0, 0, 0, 0, 0, 0, 2, 12, 54
"/home/franco/Documents/GitHub/Simulatore-cpu-x86-64/venv/lib/python3.12/site-packages/pip/_vendor/platformdirs/android.py", "Python", 124, 0, 0, 0, 0, 0, 0, 0, 0, 0, 0, 0, 0, 0, 0, 43, 44, 211
"/home/franco/Documents/GitHub/Simulatore-cpu-x86-64/venv/lib/python3.12/site-packages/pip/_vendor/platformdirs/api.py", "Python", 125, 0, 0, 0, 0, 0, 0, 0, 0, 0, 0, 0, 0, 0, 0, 62, 37, 224
"/home/franco/Documents/GitHub/Simulatore-cpu-x86-64/venv/lib/python3.12/site-packages/pip/_vendor/platformdirs/macos.py", "Python", 49, 0, 0, 0, 0, 0, 0, 0, 0, 0, 0, 0, 0, 0, 0, 22, 21, 92
"/home/franco/Documents/GitHub/Simulatore-cpu-x86-64/venv/lib/python3.12/site-packages/pip/_vendor/platformdirs/unix.py", "Python", 124, 0, 0, 0, 0, 0, 0, 0, 0, 0, 0, 0, 0, 0, 0, 62, 38, 224
"/home/franco/Documents/GitHub/Simulatore-cpu-x86-64/venv/lib/python3.12/site-packages/pip/_vendor/platformdirs/version.py", "Python", 2, 0, 0, 0, 0, 0, 0, 0, 0, 0, 0, 0, 0, 0, 0, 2, 1, 5
"/home/franco/Documents/GitHub/Simulatore-cpu-x86-64/venv/lib/python3.12/site-packages/pip/_vendor/platformdirs/windows.py", "Python", 162, 0, 0, 0, 0, 0, 0, 0, 0, 0, 0, 0, 0, 0, 0, 49, 45, 256
"/home/franco/Documents/GitHub/Simulatore-cpu-x86-64/venv/lib/python3.12/site-packages/pip/_vendor/pygments/__init__.py", "Python", 29, 0, 0, 0, 0, 0, 0, 0, 0, 0, 0, 0, 0, 0, 0, 45, 9, 83
"/home/franco/Documents/GitHub/Simulatore-cpu-x86-64/venv/lib/python3.12/site-packages/pip/_vendor/pygments/__main__.py", "Python", 6, 0, 0, 0, 0, 0, 0, 0, 0, 0, 0, 0, 0, 0, 0, 9, 3, 18
"/home/franco/Documents/GitHub/Simulatore-cpu-x86-64/venv/lib/python3.12/site-packages/pip/_vendor/pygments/cmdline.py", "Python", 544, 0, 0, 0, 0, 0, 0, 0, 0, 0, 0, 0, 0, 0, 0, 51, 74, 669
"/home/franco/Documents/GitHub/Simulatore-cpu-x86-64/venv/lib/python3.12/site-packages/pip/_vendor/pygments/console.py", "Python", 40, 0, 0, 0, 0, 0, 0, 0, 0, 0, 0, 0, 0, 0, 0, 17, 14, 71
"/home/franco/Documents/GitHub/Simulatore-cpu-x86-64/venv/lib/python3.12/site-packages/pip/_vendor/pygments/filter.py", "Python", 26, 0, 0, 0, 0, 0, 0, 0, 0, 0, 0, 0, 0, 0, 0, 33, 13, 72
"/home/franco/Documents/GitHub/Simulatore-cpu-x86-64/venv/lib/python3.12/site-packages/pip/_vendor/pygments/filters/__init__.py", "Python", 756, 0, 0, 0, 0, 0, 0, 0, 0, 0, 0, 0, 0, 0, 0, 133, 52, 941
"/home/franco/Documents/GitHub/Simulatore-cpu-x86-64/venv/lib/python3.12/site-packages/pip/_vendor/pygments/formatter.py", "Python", 28, 0, 0, 0, 0, 0, 0, 0, 0, 0, 0, 0, 0, 0, 0, 82, 15, 125
"/home/franco/Documents/GitHub/Simulatore-cpu-x86-64/venv/lib/python3.12/site-packages/pip/_vendor/pygments/formatters/__init__.py", "Python", 86, 0, 0, 0, 0, 0, 0, 0, 0, 0, 0, 0, 0, 0, 0, 49, 24, 159
"/home/franco/Documents/GitHub/Simulatore-cpu-x86-64/venv/lib/python3.12/site-packages/pip/_vendor/pygments/formatters/_mapping.py", "Python", 20, 0, 0, 0, 0, 0, 0, 0, 0, 0, 0, 0, 0, 0, 0, 2, 2, 24
"/home/franco/Documents/GitHub/Simulatore-cpu-x86-64/venv/lib/python3.12/site-packages/pip/_vendor/pygments/formatters/bbcode.py", "Python", 56, 0, 0, 0, 0, 0, 0, 0, 0, 0, 0, 0, 0, 0, 0, 38, 15, 109
"/home/franco/Documents/GitHub/Simulatore-cpu-x86-64/venv/lib/python3.12/site-packages/pip/_vendor/pygments/formatters/groff.py", "Python", 106, 0, 0, 0, 0, 0, 0, 0, 0, 0, 0, 0, 0, 0, 0, 30, 35, 171
"/home/franco/Documents/GitHub/Simulatore-cpu-x86-64/venv/lib/python3.12/site-packages/pip/_vendor/pygments/formatters/html.py", "Python", 369, 0, 0, 0, 0, 0, 0, 0, 0, 0, 0, 0, 0, 0, 0, 523, 98, 990
"/home/franco/Documents/GitHub/Simulatore-cpu-x86-64/venv/lib/python3.12/site-packages/pip/_vendor/pygments/formatters/img.py", "Python", 361, 0, 0, 0, 0, 0, 0, 0, 0, 0, 0, 0, 0, 0, 0, 225, 60, 646
"/home/franco/Documents/GitHub/Simulatore-cpu-x86-64/venv/lib/python3.12/site-packages/pip/_vendor/pygments/formatters/irc.py", "Python", 85, 0, 0, 0, 0, 0, 0, 0, 0, 0, 0, 0, 0, 0, 0, 52, 18, 155
"/home/franco/Documents/GitHub/Simulatore-cpu-x86-64/venv/lib/python3.12/site-packages/pip/_vendor/pygments/formatters/latex.py", "Python", 208, 0, 0, 0, 0, 0, 0, 0, 0, 0, 0, 0, 0, 0, 0, 263, 51, 522
"/home/franco/Documents/GitHub/Simulatore-cpu-x86-64/venv/lib/python3.12/site-packages/pip/_vendor/pygments/formatters/other.py", "Python", 32, 0, 0, 0, 0, 0, 0, 0, 0, 0, 0, 0, 0, 0, 0, 117, 13, 162
"/home/franco/Documents/GitHub/Simulatore-cpu-x86-64/venv/lib/python3.12/site-packages/pip/_vendor/pygments/formatters/pangomarkup.py", "Python", 50, 0, 0, 0, 0, 0, 0, 0, 0, 0, 0, 0, 0, 0, 0, 15, 19, 84
"/home/franco/Documents/GitHub/Simulatore-cpu-x86-64/venv/lib/python3.12/site-packages/pip/_vendor/pygments/formatters/rtf.py", "Python", 16, 0, 0, 0, 0, 0, 0, 0, 0, 0, 0, 0, 0, 0, 0, 123, 8, 147
"/home/franco/Documents/GitHub/Simulatore-cpu-x86-64/venv/lib/python3.12/site-packages/pip/_vendor/pygments/formatters/svg.py", "Python", 98, 0, 0, 0, 0, 0, 0, 0, 0, 0, 0, 0, 0, 0, 0, 75, 16, 189
"/home/franco/Documents/GitHub/Simulatore-cpu-x86-64/venv/lib/python3.12/site-packages/pip/_vendor/pygments/formatters/terminal.py", "Python", 51, 0, 0, 0, 0, 0, 0, 0, 0, 0, 0, 0, 0, 0, 0, 62, 15, 128
"/home/franco/Documents/GitHub/Simulatore-cpu-x86-64/venv/lib/python3.12/site-packages/pip/_vendor/pygments/formatters/terminal256.py", "Python", 190, 0, 0, 0, 0, 0, 0, 0, 0, 0, 0, 0, 0, 0, 0, 102, 47, 339
"/home/franco/Documents/GitHub/Simulatore-cpu-x86-64/venv/lib/python3.12/site-packages/pip/_vendor/pygments/lexer.py", "Python", 522, 0, 0, 0, 0, 0, 0, 0, 0, 0, 0, 0, 0, 0, 0, 313, 109, 944
"/home/franco/Documents/GitHub/Simulatore-cpu-x86-64/venv/lib/python3.12/site-packages/pip/_vendor/pygments/lexers/__init__.py", "Python", 196, 0, 0, 0, 0, 0, 0, 0, 0, 0, 0, 0, 0, 0, 0, 120, 47, 363
"/home/franco/Documents/GitHub/Simulatore-cpu-x86-64/venv/lib/python3.12/site-packages/pip/_vendor/pygments/lexers/_mapping.py", "Python", 556, 0, 0, 0, 0, 0, 0, 0, 0, 0, 0, 0, 0, 0, 0, 2, 2, 560
"/home/franco/Documents/GitHub/Simulatore-cpu-x86-64/venv/lib/python3.12/site-packages/pip/_vendor/pygments/lexers/python.py", "Python", 986, 0, 0, 0, 0, 0, 0, 0, 0, 0, 0, 0, 0, 0, 0, 155, 58, 1199
"/home/franco/Documents/GitHub/Simulatore-cpu-x86-64/venv/lib/python3.12/site-packages/pip/_vendor/pygments/modeline.py", "Python", 22, 0, 0, 0, 0, 0, 0, 0, 0, 0, 0, 0, 0, 0, 0, 12, 10, 44
"/home/franco/Documents/GitHub/Simulatore-cpu-x86-64/venv/lib/python3.12/site-packages/pip/_vendor/pygments/plugin.py", "Python", 34, 0, 0, 0, 0, 0, 0, 0, 0, 0, 0, 0, 0, 0, 0, 43, 12, 89
"/home/franco/Documents/GitHub/Simulatore-cpu-x86-64/venv/lib/python3.12/site-packages/pip/_vendor/pygments/regexopt.py", "Python", 52, 0, 0, 0, 0, 0, 0, 0, 0, 0, 0, 0, 0, 0, 0, 31, 9, 92
"/home/franco/Documents/GitHub/Simulatore-cpu-x86-64/venv/lib/python3.12/site-packages/pip/_vendor/pygments/scanner.py", "Python", 44, 0, 0, 0, 0, 0, 0, 0, 0, 0, 0, 0, 0, 0, 0, 49, 12, 105
"/home/franco/Documents/GitHub/Simulatore-cpu-x86-64/venv/lib/python3.12/site-packages/pip/_vendor/pygments/sphinxext.py", "Python", 157, 0, 0, 0, 0, 0, 0, 0, 0, 0, 0, 0, 0, 0, 0, 20, 41, 218
"/home/franco/Documents/GitHub/Simulatore-cpu-x86-64/venv/lib/python3.12/site-packages/pip/_vendor/pygments/style.py", "Python", 146, 0, 0, 0, 0, 0, 0, 0, 0, 0, 0, 0, 0, 0, 0, 26, 26, 198
"/home/franco/Documents/GitHub/Simulatore-cpu-x86-64/venv/lib/python3.12/site-packages/pip/_vendor/pygments/styles/__init__.py", "Python", 76, 0, 0, 0, 0, 0, 0, 0, 0, 0, 0, 0, 0, 0, 0, 20, 8, 104
"/home/franco/Documents/GitHub/Simulatore-cpu-x86-64/venv/lib/python3.12/site-packages/pip/_vendor/pygments/token.py", "Python", 141, 0, 0, 0, 0, 0, 0, 0, 0, 0, 0, 0, 0, 0, 0, 41, 32, 214
"/home/franco/Documents/GitHub/Simulatore-cpu-x86-64/venv/lib/python3.12/site-packages/pip/_vendor/pygments/unistring.py", "Python", 85, 0, 0, 0, 0, 0, 0, 0, 0, 0, 0, 0, 0, 0, 0, 18, 51, 154
"/home/franco/Documents/GitHub/Simulatore-cpu-x86-64/venv/lib/python3.12/site-packages/pip/_vendor/pygments/util.py", "Python", 185, 0, 0, 0, 0, 0, 0, 0, 0, 0, 0, 0, 0, 0, 0, 117, 29, 331
"/home/franco/Documents/GitHub/Simulatore-cpu-x86-64/venv/lib/python3.12/site-packages/pip/_vendor/pyparsing/__init__.py", "Python", 283, 0, 0, 0, 0, 0, 0, 0, 0, 0, 0, 0, 0, 0, 0, 25, 15, 323
"/home/franco/Documents/GitHub/Simulatore-cpu-x86-64/venv/lib/python3.12/site-packages/pip/_vendor/pyparsing/actions.py", "Python", 55, 0, 0, 0, 0, 0, 0, 0, 0, 0, 0, 0, 0, 0, 0, 131, 32, 218
"/home/franco/Documents/GitHub/Simulatore-cpu-x86-64/venv/lib/python3.12/site-packages/pip/_vendor/pyparsing/common.py", "Python", 153, 0, 0, 0, 0, 0, 0, 0, 0, 0, 0, 0, 0, 0, 0, 244, 36, 433
"/home/franco/Documents/GitHub/Simulatore-cpu-x86-64/venv/lib/python3.12/site-packages/pip/_vendor/pyparsing/core.py", "Python", 1552, 0, 0, 0, 0, 0, 0, 0, 0, 0, 0, 0, 0, 0, 0, 4128, 436, 6116
"/home/franco/Documents/GitHub/Simulatore-cpu-x86-64/venv/lib/python3.12/site-packages/pip/_vendor/pyparsing/diagram/__init__.py", "Python", 424, 0, 0, 0, 0, 0, 0, 0, 0, 0, 0, 0, 0, 0, 0, 152, 81, 657
"/home/franco/Documents/GitHub/Simulatore-cpu-x86-64/venv/lib/python3.12/site-packages/pip/_vendor/pyparsing/exceptions.py", "Python", 145, 0, 0, 0, 0, 0, 0, 0, 0, 0, 0, 0, 0, 0, 0, 111, 44, 300
"/home/franco/Documents/GitHub/Simulatore-cpu-x86-64/venv/lib/python3.12/site-packages/pip/_vendor/pyparsing/helpers.py", "Python", 519, 0, 0, 0, 0, 0, 0, 0, 0, 0, 0, 0, 0, 0, 0, 477, 105, 1101
"/home/franco/Documents/GitHub/Simulatore-cpu-x86-64/venv/lib/python3.12/site-packages/pip/_vendor/pyparsing/results.py", "Python", 346, 0, 0, 0, 0, 0, 0, 0, 0, 0, 0, 0, 0, 0, 0, 380, 71, 797
"/home/franco/Documents/GitHub/Simulatore-cpu-x86-64/venv/lib/python3.12/site-packages/pip/_vendor/pyparsing/testing.py", "Python", 222, 0, 0, 0, 0, 0, 0, 0, 0, 0, 0, 0, 0, 0, 0, 75, 35, 332
"/home/franco/Documents/GitHub/Simulatore-cpu-x86-64/venv/lib/python3.12/site-packages/pip/_vendor/pyparsing/unicode.py", "Python", 259, 0, 0, 0, 0, 0, 0, 0, 0, 0, 0, 0, 0, 0, 0, 57, 46, 362
"/home/franco/Documents/GitHub/Simulatore-cpu-x86-64/venv/lib/python3.12/site-packages/pip/_vendor/pyparsing/util.py", "Python", 179, 0, 0, 0, 0, 0, 0, 0, 0, 0, 0, 0, 0, 0, 0, 49, 57, 285
"/home/franco/Documents/GitHub/Simulatore-cpu-x86-64/venv/lib/python3.12/site-packages/pip/_vendor/pyproject_hooks/__init__.py", "Python", 19, 0, 0, 0, 0, 0, 0, 0, 0, 0, 0, 0, 0, 0, 0, 2, 3, 24
"/home/franco/Documents/GitHub/Simulatore-cpu-x86-64/venv/lib/python3.12/site-packages/pip/_vendor/pyproject_hooks/_compat.py", "Python", 6, 0, 0, 0, 0, 0, 0, 0, 0, 0, 0, 0, 0, 0, 0, 0, 3, 9
"/home/franco/Documents/GitHub/Simulatore-cpu-x86-64/venv/lib/python3.12/site-packages/pip/_vendor/pyproject_hooks/_impl.py", "Python", 164, 0, 0, 0, 0, 0, 0, 0, 0, 0, 0, 0, 0, 0, 0, 124, 43, 331
"/home/franco/Documents/GitHub/Simulatore-cpu-x86-64/venv/lib/python3.12/site-packages/pip/_vendor/pyproject_hooks/_in_process/__init__.py", "Python", 10, 0, 0, 0, 0, 0, 0, 0, 0, 0, 0, 0, 0, 0, 0, 6, 3, 19
"/home/franco/Documents/GitHub/Simulatore-cpu-x86-64/venv/lib/python3.12/site-packages/pip/_vendor/pyproject_hooks/_in_process/_in_process.py", "Python", 215, 0, 0, 0, 0, 0, 0, 0, 0, 0, 0, 0, 0, 0, 0, 76, 63, 354
"/home/franco/Documents/GitHub/Simulatore-cpu-x86-64/venv/lib/python3.12/site-packages/pip/_vendor/requests/__init__.py", "Python", 100, 0, 0, 0, 0, 0, 0, 0, 0, 0, 0, 0, 0, 0, 0, 55, 28, 183
"/home/franco/Documents/GitHub/Simulatore-cpu-x86-64/venv/lib/python3.12/site-packages/pip/_vendor/requests/__version__.py", "Python", 10, 0, 0, 0, 0, 0, 0, 0, 0, 0, 0, 0, 0, 0, 0, 3, 2, 15
"/home/franco/Documents/GitHub/Simulatore-cpu-x86-64/venv/lib/python3.12/site-packages/pip/_vendor/requests/_internal_utils.py", "Python", 25, 0, 0, 0, 0, 0, 0, 0, 0, 0, 0, 0, 0, 0, 0, 17, 9, 51
"/home/franco/Documents/GitHub/Simulatore-cpu-x86-64/venv/lib/python3.12/site-packages/pip/_vendor/requests/adapters.py", "Python", 300, 0, 0, 0, 0, 0, 0, 0, 0, 0, 0, 0, 0, 0, 0, 167, 72, 539
"/home/franco/Documents/GitHub/Simulatore-cpu-x86-64/venv/lib/python3.12/site-packages/pip/_vendor/requests/api.py", "Python", 53, 0, 0, 0, 0, 0, 0, 0, 0, 0, 0, 0, 0, 0, 0, 92, 13, 158
"/home/franco/Documents/GitHub/Simulatore-cpu-x86-64/venv/lib/python3.12/site-packages/pip/_vendor/requests/auth.py", "Python", 205, 0, 0, 0, 0, 0, 0, 0, 0, 0, 0, 0, 0, 0, 0, 47, 64, 316
"/home/franco/Documents/GitHub/Simulatore-cpu-x86-64/venv/lib/python3.12/site-packages/pip/_vendor/requests/certs.py", "Python", 8, 0, 0, 0, 0, 0, 0, 0, 0, 0, 0, 0, 0, 0, 0, 12, 5, 25
"/home/franco/Documents/GitHub/Simulatore-cpu-x86-64/venv/lib/python3.12/site-packages/pip/_vendor/requests/compat.py", "Python", 37, 0, 0, 0, 0, 0, 0, 0, 0, 0, 0, 0, 0, 0, 0, 20, 11, 68
"/home/franco/Documents/GitHub/Simulatore-cpu-x86-64/venv/lib/python3.12/site-packages/pip/_vendor/requests/cookies.py", "Python", 292, 0, 0, 0, 0, 0, 0, 0, 0, 0, 0, 0, 0, 0, 0, 188, 82, 562
"/home/franco/Documents/GitHub/Simulatore-cpu-x86-64/venv/lib/python3.12/site-packages/pip/_vendor/requests/exceptions.py", "Python", 37, 0, 0, 0, 0, 0, 0, 0, 0, 0, 0, 0, 0, 0, 0, 49, 56, 142
"/home/franco/Documents/GitHub/Simulatore-cpu-x86-64/venv/lib/python3.12/site-packages/pip/_vendor/requests/help.py", "Python", 98, 0, 0, 0, 0, 0, 0, 0, 0, 0, 0, 0, 0, 0, 0, 13, 21, 132
"/home/franco/Documents/GitHub/Simulatore-cpu-x86-64/venv/lib/python3.12/site-packages/pip/_vendor/requests/hooks.py", "Python", 14, 0, 0, 0, 0, 0, 0, 0, 0, 0, 0, 0, 0, 0, 0, 13, 7, 34
"/home/franco/Documents/GitHub/Simulatore-cpu-x86-64/venv/lib/python3.12/site-packages/pip/_vendor/requests/models.py", "Python", 591, 0, 0, 0, 0, 0, 0, 0, 0, 0, 0, 0, 0, 0, 0, 290, 154, 1035
"/home/franco/Documents/GitHub/Simulatore-cpu-x86-64/venv/lib/python3.12/site-packages/pip/_vendor/requests/packages.py", "Python", 8, 0, 0, 0, 0, 0, 0, 0, 0, 0, 0, 0, 0, 0, 0, 5, 4, 17
"/home/franco/Documents/GitHub/Simulatore-cpu-x86-64/venv/lib/python3.12/site-packages/pip/_vendor/requests/sessions.py", "Python", 366, 0, 0, 0, 0, 0, 0, 0, 0, 0, 0, 0, 0, 0, 0, 369, 99, 834
"/home/franco/Documents/GitHub/Simulatore-cpu-x86-64/venv/lib/python3.12/site-packages/pip/_vendor/requests/status_codes.py", "Python", 15, 0, 0, 0, 0, 0, 0, 0, 0, 0, 0, 0, 0, 0, 0, 111, 3, 129
"/home/franco/Documents/GitHub/Simulatore-cpu-x86-64/venv/lib/python3.12/site-packages/pip/_vendor/requests/structures.py", "Python", 40, 0, 0, 0, 0, 0, 0, 0, 0, 0, 0, 0, 0, 0, 0, 38, 22, 100
"/home/franco/Documents/GitHub/Simulatore-cpu-x86-64/venv/lib/python3.12/site-packages/pip/_vendor/requests/utils.py", "Python", 500, 0, 0, 0, 0, 0, 0, 0, 0, 0, 0, 0, 0, 0, 0, 443, 146, 1089
"/home/franco/Documents/GitHub/Simulatore-cpu-x86-64/venv/lib/python3.12/site-packages/pip/_vendor/resolvelib/__init__.py", "Python", 23, 0, 0, 0, 0, 0, 0, 0, 0, 0, 0, 0, 0, 0, 0, 0, 4, 27
"/home/franco/Documents/GitHub/Simulatore-cpu-x86-64/venv/lib/python3.12/site-packages/pip/_vendor/resolvelib/compat/__init__.py", "Python", 0, 0, 0, 0, 0, 0, 0, 0, 0, 0, 0, 0, 0, 0, 0, 0, 1, 1
"/home/franco/Documents/GitHub/Simulatore-cpu-x86-64/venv/lib/python3.12/site-packages/pip/_vendor/resolvelib/compat/collections_abc.py", "Python", 5, 0, 0, 0, 0, 0, 0, 0, 0, 0, 0, 0, 0, 0, 0, 0, 2, 7
"/home/franco/Documents/GitHub/Simulatore-cpu-x86-64/venv/lib/python3.12/site-packages/pip/_vendor/resolvelib/providers.py", "Python", 25, 0, 0, 0, 0, 0, 0, 0, 0, 0, 0, 0, 0, 0, 0, 98, 11, 134
"/home/franco/Documents/GitHub/Simulatore-cpu-x86-64/venv/lib/python3.12/site-packages/pip/_vendor/resolvelib/reporters.py", "Python", 9, 0, 0, 0, 0, 0, 0, 0, 0, 0, 0, 0, 0, 0, 0, 26, 9, 44
"/home/franco/Documents/GitHub/Simulatore-cpu-x86-64/venv/lib/python3.12/site-packages/pip/_vendor/resolvelib/resolvers.py", "Python", 335, 0, 0, 0, 0, 0, 0, 0, 0, 0, 0, 0, 0, 0, 0, 132, 81, 548
"/home/franco/Documents/GitHub/Simulatore-cpu-x86-64/venv/lib/python3.12/site-packages/pip/_vendor/resolvelib/structs.py", "Python", 109, 0, 0, 0, 0, 0, 0, 0, 0, 0, 0, 0, 0, 0, 0, 21, 41, 171
"/home/franco/Documents/GitHub/Simulatore-cpu-x86-64/venv/lib/python3.12/site-packages/pip/_vendor/rich/__init__.py", "Python", 68, 0, 0, 0, 0, 0, 0, 0, 0, 0, 0, 0, 0, 0, 0, 90, 20, 178
"/home/franco/Documents/GitHub/Simulatore-cpu-x86-64/venv/lib/python3.12/site-packages/pip/_vendor/rich/__main__.py", "Python", 230, 0, 0, 0, 0, 0, 0, 0, 0, 0, 0, 0, 0, 0, 0, 10, 35, 275
"/home/franco/Documents/GitHub/Simulatore-cpu-x86-64/venv/lib/python3.12/site-packages/pip/_vendor/rich/_cell_widths.py", "Python", 449, 0, 0, 0, 0, 0, 0, 0, 0, 0, 0, 0, 0, 0, 0, 1, 2, 452
"/home/franco/Documents/GitHub/Simulatore-cpu-x86-64/venv/lib/python3.12/site-packages/pip/_vendor/rich/_emoji_codes.py", "Python", 3610, 0, 0, 0, 0, 0, 0, 0, 0, 0, 0, 0, 0, 0, 0, 0, 1, 3611
"/home/franco/Documents/GitHub/Simulatore-cpu-x86-64/venv/lib/python3.12/site-packages/pip/_vendor/rich/_emoji_replace.py", "Python", 24, 0, 0, 0, 0, 0, 0, 0, 0, 0, 0, 0, 0, 0, 0, 1, 8, 33
"/home/franco/Documents/GitHub/Simulatore-cpu-x86-64/venv/lib/python3.12/site-packages/pip/_vendor/rich/_export_format.py", "Python", 74, 0, 0, 0, 0, 0, 0, 0, 0, 0, 0, 0, 0, 0, 0, 0, 3, 77
"/home/franco/Documents/GitHub/Simulatore-cpu-x86-64/venv/lib/python3.12/site-packages/pip/_vendor/rich/_extension.py", "Python", 6, 0, 0, 0, 0, 0, 0, 0, 0, 0, 0, 0, 0, 0, 0, 1, 4, 11
"/home/franco/Documents/GitHub/Simulatore-cpu-x86-64/venv/lib/python3.12/site-packages/pip/_vendor/rich/_fileno.py", "Python", 10, 0, 0, 0, 0, 0, 0, 0, 0, 0, 0, 0, 0, 0, 0, 11, 4, 25
"/home/franco/Documents/GitHub/Simulatore-cpu-x86-64/venv/lib/python3.12/site-packages/pip/_vendor/rich/_inspect.py", "Python", 189, 0, 0, 0, 0, 0, 0, 0, 0, 0, 0, 0, 0, 0, 0, 46, 36, 271
"/home/franco/Documents/GitHub/Simulatore-cpu-x86-64/venv/lib/python3.12/site-packages/pip/_vendor/rich/_log_render.py", "Python", 81, 0, 0, 0, 0, 0, 0, 0, 0, 0, 0, 0, 0, 0, 0, 0, 14, 95
"/home/franco/Documents/GitHub/Simulatore-cpu-x86-64/venv/lib/python3.12/site-packages/pip/_vendor/rich/_loop.py", "Python", 33, 0, 0, 0, 0, 0, 0, 0, 0, 0, 0, 0, 0, 0, 0, 3, 8, 44
"/home/franco/Documents/GitHub/Simulatore-cpu-x86-64/venv/lib/python3.12/site-packages/pip/_vendor/rich/_null_file.py", "Python", 47, 0, 0, 0, 0, 0, 0, 0, 0, 0, 0, 0, 0, 0, 0, 0, 23, 70
"/home/franco/Documents/GitHub/Simulatore-cpu-x86-64/venv/lib/python3.12/site-packages/pip/_vendor/rich/_palettes.py", "Python", 301, 0, 0, 0, 0, 0, 0, 0, 0, 0, 0, 0, 0, 0, 0, 3, 6, 310
"/home/franco/Documents/GitHub/Simulatore-cpu-x86-64/venv/lib/python3.12/site-packages/pip/_vendor/rich/_pick.py", "Python", 7, 0, 0, 0, 0, 0, 0, 0, 0, 0, 0, 0, 0, 0, 0, 8, 3, 18
"/home/franco/Documents/GitHub/Simulatore-cpu-x86-64/venv/lib/python3.12/site-packages/pip/_vendor/rich/_ratio.py", "Python", 92, 0, 0, 0, 0, 0, 0, 0, 0, 0, 0, 0, 0, 0, 0, 49, 20, 161
"/home/franco/Documents/GitHub/Simulatore-cpu-x86-64/venv/lib/python3.12/site-packages/pip/_vendor/rich/_spinners.py", "Python", 461, 0, 0, 0, 0, 0, 0, 0, 0, 0, 0, 0, 0, 0, 0, 20, 2, 483
"/home/franco/Documents/GitHub/Simulatore-cpu-x86-64/venv/lib/python3.12/site-packages/pip/_vendor/rich/_stack.py", "Python", 8, 0, 0, 0, 0, 0, 0, 0, 0, 0, 0, 0, 0, 0, 0, 3, 6, 17
"/home/franco/Documents/GitHub/Simulatore-cpu-x86-64/venv/lib/python3.12/site-packages/pip/_vendor/rich/_timer.py", "Python", 10, 0, 0, 0, 0, 0, 0, 0, 0, 0, 0, 0, 0, 0, 0, 5, 5, 20
"/home/franco/Documents/GitHub/Simulatore-cpu-x86-64/venv/lib/python3.12/site-packages/pip/_vendor/rich/_win32_console.py", "Python", 391, 0, 0, 0, 0, 0, 0, 0, 0, 0, 0, 0, 0, 0, 0, 173, 99, 663
"/home/franco/Documents/GitHub/Simulatore-cpu-x86-64/venv/lib/python3.12/site-packages/pip/_vendor/rich/_windows.py", "Python", 48, 0, 0, 0, 0, 0, 0, 0, 0, 0, 0, 0, 0, 0, 0, 9, 16, 73
"/home/franco/Documents/GitHub/Simulatore-cpu-x86-64/venv/lib/python3.12/site-packages/pip/_vendor/rich/_windows_renderer.py", "Python", 47, 0, 0, 0, 0, 0, 0, 0, 0, 0, 0, 0, 0, 0, 0, 6, 4, 57
"/home/franco/Documents/GitHub/Simulatore-cpu-x86-64/venv/lib/python3.12/site-packages/pip/_vendor/rich/_wrap.py", "Python", 46, 0, 0, 0, 0, 0, 0, 0, 0, 0, 0, 0, 0, 0, 0, 0, 11, 57
"/home/franco/Documents/GitHub/Simulatore-cpu-x86-64/venv/lib/python3.12/site-packages/pip/_vendor/rich/abc.py", "Python", 15, 0, 0, 0, 0, 0, 0, 0, 0, 0, 0, 0, 0, 0, 0, 10, 9, 34
"/home/franco/Documents/GitHub/Simulatore-cpu-x86-64/venv/lib/python3.12/site-packages/pip/_vendor/rich/align.py", "Python", 248, 0, 0, 0, 0, 0, 0, 0, 0, 0, 0, 0, 0, 0, 0, 30, 34, 312
"/home/franco/Documents/GitHub/Simulatore-cpu-x86-64/venv/lib/python3.12/site-packages/pip/_vendor/rich/ansi.py", "Python", 40, 0, 0, 0, 0, 0, 0, 0, 0, 0, 0, 0, 0, 0, 0, 193, 8, 241
"/home/franco/Documents/GitHub/Simulatore-cpu-x86-64/venv/lib/python3.12/site-packages/pip/_vendor/rich/bar.py", "Python", 62, 0, 0, 0, 0, 0, 0, 0, 0, 0, 0, 0, 0, 0, 0, 15, 18, 95
"/home/franco/Documents/GitHub/Simulatore-cpu-x86-64/venv/lib/python3.12/site-packages/pip/_vendor/rich/box.py", "Python", 211, 0, 0, 0, 0, 0, 0, 0, 0, 0, 0, 0, 0, 0, 0, 253, 54, 518
"/home/franco/Documents/GitHub/Simulatore-cpu-x86-64/venv/lib/python3.12/site-packages/pip/_vendor/rich/cells.py", "Python", 88, 0, 0, 0, 0, 0, 0, 0, 0, 0, 0, 0, 0, 0, 0, 42, 25, 155
"/home/franco/Documents/GitHub/Simulatore-cpu-x86-64/venv/lib/python3.12/site-packages/pip/_vendor/rich/color.py", "Python", 538, 0, 0, 0, 0, 0, 0, 0, 0, 0, 0, 0, 0, 0, 0, 57, 28, 623
"/home/franco/Documents/GitHub/Simulatore-cpu-x86-64/venv/lib/python3.12/site-packages/pip/_vendor/rich/color_triplet.py", "Python", 17, 0, 0, 0, 0, 0, 0, 0, 0, 0, 0, 0, 0, 0, 0, 15, 7, 39
"/home/franco/Documents/GitHub/Simulatore-cpu-x86-64/venv/lib/python3.12/site-packages/pip/_vendor/rich/columns.py", "Python", 150, 0, 0, 0, 0, 0, 0, 0, 0, 0, 0, 0, 0, 0, 0, 19, 19, 188
"/home/franco/Documents/GitHub/Simulatore-cpu-x86-64/venv/lib/python3.12/site-packages/pip/_vendor/rich/console.py", "Python", 1616, 0, 0, 0, 0, 0, 0, 0, 0, 0, 0, 0, 0, 0, 0, 761, 257, 2634
"/home/franco/Documents/GitHub/Simulatore-cpu-x86-64/venv/lib/python3.12/site-packages/pip/_vendor/rich/constrain.py", "Python", 24, 0, 0, 0, 0, 0, 0, 0, 0, 0, 0, 0, 0, 0, 0, 6, 8, 38
"/home/franco/Documents/GitHub/Simulatore-cpu-x86-64/venv/lib/python3.12/site-packages/pip/_vendor/rich/containers.py", "Python", 128, 0, 0, 0, 0, 0, 0, 0, 0, 0, 0, 0, 0, 0, 0, 13, 27, 168
"/home/franco/Documents/GitHub/Simulatore-cpu-x86-64/venv/lib/python3.12/site-packages/pip/_vendor/rich/control.py", "Python", 132, 0, 0, 0, 0, 0, 0, 0, 0, 0, 0, 0, 0, 0, 0, 62, 32, 226
"/home/franco/Documents/GitHub/Simulatore-cpu-x86-64/venv/lib/python3.12/site-packages/pip/_vendor/rich/default_styles.py", "Python", 181, 0, 0, 0, 0, 0, 0, 0, 0, 0, 0, 0, 0, 0, 0, 0, 10, 191
"/home/franco/Documents/GitHub/Simulatore-cpu-x86-64/venv/lib/python3.12/site-packages/pip/_vendor/rich/diagnose.py", "Python", 29, 0, 0, 0, 0, 0, 0, 0, 0, 0, 0, 0, 0, 0, 0, 1, 8, 38
"/home/franco/Documents/GitHub/Simulatore-cpu-x86-64/venv/lib/python3.12/site-packages/pip/_vendor/rich/emoji.py", "Python", 56, 0, 0, 0, 0, 0, 0, 0, 0, 0, 0, 0, 0, 0, 0, 18, 23, 97
"/home/franco/Documents/GitHub/Simulatore-cpu-x86-64/venv/lib/python3.12/site-packages/pip/_vendor/rich/errors.py", "Python", 9, 0, 0, 0, 0, 0, 0, 0, 0, 0, 0, 0, 0, 0, 0, 9, 17, 35
"/home/franco/Documents/GitHub/Simulatore-cpu-x86-64/venv/lib/python3.12/site-packages/pip/_vendor/rich/file_proxy.py", "Python", 45, 0, 0, 0, 0, 0, 0, 0, 0, 0, 0, 0, 0, 0, 0, 2, 11, 58
"/home/franco/Documents/GitHub/Simulatore-cpu-x86-64/venv/lib/python3.12/site-packages/pip/_vendor/rich/filesize.py", "Python", 43, 0, 0, 0, 0, 0, 0, 0, 0, 0, 0, 0, 0, 0, 0, 37, 10, 90
"/home/franco/Documents/GitHub/Simulatore-cpu-x86-64/venv/lib/python3.12/site-packages/pip/_vendor/rich/highlighter.py", "Python", 120, 0, 0, 0, 0, 0, 0, 0, 0, 0, 0, 0, 0, 0, 0, 77, 36, 233
"/home/franco/Documents/GitHub/Simulatore-cpu-x86-64/venv/lib/python3.12/site-packages/pip/_vendor/rich/json.py", "Python", 94, 0, 0, 0, 0, 0, 0, 0, 0, 0, 0, 0, 0, 0, 0, 32, 15, 141
"/home/franco/Documents/GitHub/Simulatore-cpu-x86-64/venv/lib/python3.12/site-packages/pip/_vendor/rich/jupyter.py", "Python", 72, 0, 0, 0, 0, 0, 0, 0, 0, 0, 0, 0, 0, 0, 0, 7, 23, 102
"/home/franco/Documents/GitHub/Simulatore-cpu-x86-64/venv/lib/python3.12/site-packages/pip/_vendor/rich/layout.py", "Python", 291, 0, 0, 0, 0, 0, 0, 0, 0, 0, 0, 0, 0, 0, 0, 80, 73, 444
"/home/franco/Documents/GitHub/Simulatore-cpu-x86-64/venv/lib/python3.12/site-packages/pip/_vendor/rich/live.py", "Python", 287, 0, 0, 0, 0, 0, 0, 0, 0, 0, 0, 0, 0, 0, 0, 44, 45, 376
"/home/franco/Documents/GitHub/Simulatore-cpu-x86-64/venv/lib/python3.12/site-packages/pip/_vendor/rich/live_render.py", "Python", 78, 0, 0, 0, 0, 0, 0, 0, 0, 0, 0, 0, 0, 0, 0, 21, 15, 114
"/home/franco/Documents/GitHub/Simulatore-cpu-x86-64/venv/lib/python3.12/site-packages/pip/_vendor/rich/logging.py", "Python", 202, 0, 0, 0, 0, 0, 0, 0, 0, 0, 0, 0, 0, 0, 0, 63, 25, 290
"/home/franco/Documents/GitHub/Simulatore-cpu-x86-64/venv/lib/python3.12/site-packages/pip/_vendor/rich/markup.py", "Python", 172, 0, 0, 0, 0, 0, 0, 0, 0, 0, 0, 0, 0, 0, 0, 35, 40, 247
"/home/franco/Documents/GitHub/Simulatore-cpu-x86-64/venv/lib/python3.12/site-packages/pip/_vendor/rich/measure.py", "Python", 80, 0, 0, 0, 0, 0, 0, 0, 0, 0, 0, 0, 0, 0, 0, 58, 14, 152
"/home/franco/Documents/GitHub/Simulatore-cpu-x86-64/venv/lib/python3.12/site-packages/pip/_vendor/rich/padding.py", "Python", 103, 0, 0, 0, 0, 0, 0, 0, 0, 0, 0, 0, 0, 0, 0, 22, 17, 142
"/home/franco/Documents/GitHub/Simulatore-cpu-x86-64/venv/lib/python3.12/site-packages/pip/_vendor/rich/pager.py", "Python", 16, 0, 0, 0, 0, 0, 0, 0, 0, 0, 0, 0, 0, 0, 0, 8, 11, 35
"/home/franco/Documents/GitHub/Simulatore-cpu-x86-64/venv/lib/python3.12/site-packages/pip/_vendor/rich/palette.py", "Python", 74, 0, 0, 0, 0, 0, 0, 0, 0, 0, 0, 0, 0, 0, 0, 11, 16, 101
"/home/franco/Documents/GitHub/Simulatore-cpu-x86-64/venv/lib/python3.12/site-packages/pip/_vendor/rich/panel.py", "Python", 249, 0, 0, 0, 0, 0, 0, 0, 0, 0, 0, 0, 0, 0, 0, 32, 28, 309
"/home/franco/Documents/GitHub/Simulatore-cpu-x86-64/venv/lib/python3.12/site-packages/pip/_vendor/rich/pretty.py", "Python", 745, 0, 0, 0, 0, 0, 0, 0, 0, 0, 0, 0, 0, 0, 0, 149, 101, 995
"/home/franco/Documents/GitHub/Simulatore-cpu-x86-64/venv/lib/python3.12/site-packages/pip/_vendor/rich/progress.py", "Python", 1126, 0, 0, 0, 0, 0, 0, 0, 0, 0, 0, 0, 0, 0, 0, 366, 211, 1703
"/home/franco/Documents/GitHub/Simulatore-cpu-x86-64/venv/lib/python3.12/site-packages/pip/_vendor/rich/progress_bar.py", "Python", 162, 0, 0, 0, 0, 0, 0, 0, 0, 0, 0, 0, 0, 0, 0, 38, 25, 225
"/home/franco/Documents/GitHub/Simulatore-cpu-x86-64/venv/lib/python3.12/site-packages/pip/_vendor/rich/prompt.py", "Python", 202, 0, 0, 0, 0, 0, 0, 0, 0, 0, 0, 0, 0, 0, 0, 120, 55, 377
"/home/franco/Documents/GitHub/Simulatore-cpu-x86-64/venv/lib/python3.12/site-packages/pip/_vendor/rich/protocol.py", "Python", 24, 0, 0, 0, 0, 0, 0, 0, 0, 0, 0, 0, 0, 0, 0, 10, 9, 43
"/home/franco/Documents/GitHub/Simulatore-cpu-x86-64/venv/lib/python3.12/site-packages/pip/_vendor/rich/region.py", "Python", 6, 0, 0, 0, 0, 0, 0, 0, 0, 0, 0, 0, 0, 0, 0, 1, 4, 11
"/home/franco/Documents/GitHub/Simulatore-cpu-x86-64/venv/lib/python3.12/site-packages/pip/_vendor/rich/repr.py", "Python", 112, 0, 0, 0, 0, 0, 0, 0, 0, 0, 0, 0, 0, 0, 0, 4, 34, 150
"/home/franco/Documents/GitHub/Simulatore-cpu-x86-64/venv/lib/python3.12/site-packages/pip/_vendor/rich/rule.py", "Python", 101, 0, 0, 0, 0, 0, 0, 0, 0, 0, 0, 0, 0, 0, 0, 9, 21, 131
"/home/franco/Documents/GitHub/Simulatore-cpu-x86-64/venv/lib/python3.12/site-packages/pip/_vendor/rich/scope.py", "Python", 60, 0, 0, 0, 0, 0, 0, 0, 0, 0, 0, 0, 0, 0, 0, 15, 12, 87
"/home/franco/Documents/GitHub/Simulatore-cpu-x86-64/venv/lib/python3.12/site-packages/pip/_vendor/rich/screen.py", "Python", 39, 0, 0, 0, 0, 0, 0, 0, 0, 0, 0, 0, 0, 0, 0, 6, 10, 55
"/home/franco/Documents/GitHub/Simulatore-cpu-x86-64/venv/lib/python3.12/site-packages/pip/_vendor/rich/segment.py", "Python", 466, 0, 0, 0, 0, 0, 0, 0, 0, 0, 0, 0, 0, 0, 0, 200, 74, 740
"/home/franco/Documents/GitHub/Simulatore-cpu-x86-64/venv/lib/python3.12/site-packages/pip/_vendor/rich/spinner.py", "Python", 94, 0, 0, 0, 0, 0, 0, 0, 0, 0, 0, 0, 0, 0, 0, 26, 18, 138
"/home/franco/Documents/GitHub/Simulatore-cpu-x86-64/venv/lib/python3.12/site-packages/pip/_vendor/rich/status.py", "Python", 94, 0, 0, 0, 0, 0, 0, 0, 0, 0, 0, 0, 0, 0, 0, 21, 18, 133
"/home/franco/Documents/GitHub/Simulatore-cpu-x86-64/venv/lib/python3.12/site-packages/pip/_vendor/rich/style.py", "Python", 573, 0, 0, 0, 0, 0, 0, 0, 0, 0, 0, 0, 0, 0, 0, 155, 69, 797
"/home/franco/Documents/GitHub/Simulatore-cpu-x86-64/venv/lib/python3.12/site-packages/pip/_vendor/rich/styled.py", "Python", 26, 0, 0, 0, 0, 0, 0, 0, 0, 0, 0, 0, 0, 0, 0, 6, 11, 43
"/home/franco/Documents/GitHub/Simulatore-cpu-x86-64/venv/lib/python3.12/site-packages/pip/_vendor/rich/syntax.py", "Python", 710, 0, 0, 0, 0, 0, 0, 0, 0, 0, 0, 0, 0, 0, 0, 150, 89, 949
"/home/franco/Documents/GitHub/Simulatore-cpu-x86-64/venv/lib/python3.12/site-packages/pip/_vendor/rich/table.py", "Python", 740, 0, 0, 0, 0, 0, 0, 0, 0, 0, 0, 0, 0, 0, 0, 151, 112, 1003
"/home/franco/Documents/GitHub/Simulatore-cpu-x86-64/venv/lib/python3.12/site-packages/pip/_vendor/rich/terminal_theme.py", "Python", 135, 0, 0, 0, 0, 0, 0, 0, 0, 0, 0, 0, 0, 0, 0, 9, 10, 154
"/home/franco/Documents/GitHub/Simulatore-cpu-x86-64/venv/lib/python3.12/site-packages/pip/_vendor/rich/text.py", "Python", 859, 0, 0, 0, 0, 0, 0, 0, 0, 0, 0, 0, 0, 0, 0, 319, 130, 1308
"/home/franco/Documents/GitHub/Simulatore-cpu-x86-64/venv/lib/python3.12/site-packages/pip/_vendor/rich/theme.py", "Python", 58, 0, 0, 0, 0, 0, 0, 0, 0, 0, 0, 0, 0, 0, 0, 40, 18, 116
"/home/franco/Documents/GitHub/Simulatore-cpu-x86-64/venv/lib/python3.12/site-packages/pip/_vendor/rich/themes.py", "Python", 3, 0, 0, 0, 0, 0, 0, 0, 0, 0, 0, 0, 0, 0, 0, 0, 3, 6
"/home/franco/Documents/GitHub/Simulatore-cpu-x86-64/venv/lib/python3.12/site-packages/pip/_vendor/rich/traceback.py", "Python", 573, 0, 0, 0, 0, 0, 0, 0, 0, 0, 0, 0, 0, 0, 0, 112, 72, 757
"/home/franco/Documents/GitHub/Simulatore-cpu-x86-64/venv/lib/python3.12/site-packages/pip/_vendor/rich/tree.py", "Python", 191, 0, 0, 0, 0, 0, 0, 0, 0, 0, 0, 0, 0, 0, 0, 28, 33, 252
"/home/franco/Documents/GitHub/Simulatore-cpu-x86-64/venv/lib/python3.12/site-packages/pip/_vendor/six.py", "Python", 697, 0, 0, 0, 0, 0, 0, 0, 0, 0, 0, 0, 0, 0, 0, 121, 181, 999
"/home/franco/Documents/GitHub/Simulatore-cpu-x86-64/venv/lib/python3.12/site-packages/pip/_vendor/tenacity/__init__.py", "Python", 422, 0, 0, 0, 0, 0, 0, 0, 0, 0, 0, 0, 0, 0, 0, 86, 101, 609
"/home/franco/Documents/GitHub/Simulatore-cpu-x86-64/venv/lib/python3.12/site-packages/pip/_vendor/tenacity/_asyncio.py", "Python", 61, 0, 0, 0, 0, 0, 0, 0, 0, 0, 0, 0, 0, 0, 0, 18, 16, 95
"/home/franco/Documents/GitHub/Simulatore-cpu-x86-64/venv/lib/python3.12/site-packages/pip/_vendor/tenacity/_utils.py", "Python", 40, 0, 0, 0, 0, 0, 0, 0, 0, 0, 0, 0, 0, 0, 0, 23, 14, 77
"/home/franco/Documents/GitHub/Simulatore-cpu-x86-64/venv/lib/python3.12/site-packages/pip/_vendor/tenacity/after.py", "Python", 23, 0, 0, 0, 0, 0, 0, 0, 0, 0, 0, 0, 0, 0, 0, 18, 11, 52
"/home/franco/Documents/GitHub/Simulatore-cpu-x86-64/venv/lib/python3.12/site-packages/pip/_vendor/tenacity/before.py", "Python", 18, 0, 0, 0, 0, 0, 0, 0, 0, 0, 0, 0, 0, 0, 0, 18, 11, 47
"/home/franco/Documents/GitHub/Simulatore-cpu-x86-64/venv/lib/python3.12/site-packages/pip/_vendor/tenacity/before_sleep.py", "Python", 37, 0, 0, 0, 0, 0, 0, 0, 0, 0, 0, 0, 0, 0, 0, 18, 17, 72
"/home/franco/Documents/GitHub/Simulatore-cpu-x86-64/venv/lib/python3.12/site-packages/pip/_vendor/tenacity/nap.py", "Python", 11, 0, 0, 0, 0, 0, 0, 0, 0, 0, 0, 0, 0, 0, 0, 24, 9, 44
"/home/franco/Documents/GitHub/Simulatore-cpu-x86-64/venv/lib/python3.12/site-packages/pip/_vendor/tenacity/retry.py", "Python", 161, 0, 0, 0, 0, 0, 0, 0, 0, 0, 0, 0, 0, 0, 0, 36, 76, 273
"/home/franco/Documents/GitHub/Simulatore-cpu-x86-64/venv/lib/python3.12/site-packages/pip/_vendor/tenacity/stop.py", "Python", 46, 0, 0, 0, 0, 0, 0, 0, 0, 0, 0, 0, 0, 0, 0, 22, 36, 104
"/home/franco/Documents/GitHub/Simulatore-cpu-x86-64/venv/lib/python3.12/site-packages/pip/_vendor/tenacity/tornadoweb.py", "Python", 37, 0, 0, 0, 0, 0, 0, 0, 0, 0, 0, 0, 0, 0, 0, 13, 10, 60
"/home/franco/Documents/GitHub/Simulatore-cpu-x86-64/venv/lib/python3.12/site-packages/pip/_vendor/tenacity/wait.py", "Python", 99, 0, 0, 0, 0, 0, 0, 0, 0, 0, 0, 0, 0, 0, 0, 85, 45, 229
"/home/franco/Documents/GitHub/Simulatore-cpu-x86-64/venv/lib/python3.12/site-packages/pip/_vendor/tomli/__init__.py", "Python", 4, 0, 0, 0, 0, 0, 0, 0, 0, 0, 0, 0, 0, 0, 0, 4, 4, 12
"/home/franco/Documents/GitHub/Simulatore-cpu-x86-64/venv/lib/python3.12/site-packages/pip/_vendor/tomli/_parser.py", "Python", 522, 0, 0, 0, 0, 0, 0, 0, 0, 0, 0, 0, 0, 0, 0, 59, 111, 692
"/home/franco/Documents/GitHub/Simulatore-cpu-x86-64/venv/lib/python3.12/site-packages/pip/_vendor/tomli/_re.py", "Python", 32, 0, 0, 0, 0, 0, 0, 0, 0, 0, 0, 0, 0, 0, 0, 70, 6, 108
"/home/franco/Documents/GitHub/Simulatore-cpu-x86-64/venv/lib/python3.12/site-packages/pip/_vendor/tomli/_types.py", "Python", 4, 0, 0, 0, 0, 0, 0, 0, 0, 0, 0, 0, 0, 0, 0, 4, 3, 11
"/home/franco/Documents/GitHub/Simulatore-cpu-x86-64/venv/lib/python3.12/site-packages/pip/_vendor/truststore/__init__.py", "Python", 7, 0, 0, 0, 0, 0, 0, 0, 0, 0, 0, 0, 0, 0, 0, 1, 6, 14
"/home/franco/Documents/GitHub/Simulatore-cpu-x86-64/venv/lib/python3.12/site-packages/pip/_vendor/truststore/_api.py", "Python", 222, 0, 0, 0, 0, 0, 0, 0, 0, 0, 0, 0, 0, 0, 0, 24, 57, 303
"/home/franco/Documents/GitHub/Simulatore-cpu-x86-64/venv/lib/python3.12/site-packages/pip/_vendor/truststore/_macos.py", "Python", 369, 0, 0, 0, 0, 0, 0, 0, 0, 0, 0, 0, 0, 0, 0, 50, 83, 502
"/home/franco/Documents/GitHub/Simulatore-cpu-x86-64/venv/lib/python3.12/site-packages/pip/_vendor/truststore/_openssl.py", "Python", 36, 0, 0, 0, 0, 0, 0, 0, 0, 0, 0, 0, 0, 0, 0, 21, 10, 67
"/home/franco/Documents/GitHub/Simulatore-cpu-x86-64/venv/lib/python3.12/site-packages/pip/_vendor/truststore/_ssl_constants.py", "Python", 17, 0, 0, 0, 0, 0, 0, 0, 0, 0, 0, 0, 0, 0, 0, 7, 8, 32
"/home/franco/Documents/GitHub/Simulatore-cpu-x86-64/venv/lib/python3.12/site-packages/pip/_vendor/truststore/_windows.py", "Python", 450, 0, 0, 0, 0, 0, 0, 0, 0, 0, 0, 0, 0, 0, 0, 23, 82, 555
"/home/franco/Documents/GitHub/Simulatore-cpu-x86-64/venv/lib/python3.12/site-packages/pip/_vendor/typing_extensions.py", "Python", 1722, 0, 0, 0, 0, 0, 0, 0, 0, 0, 0, 0, 0, 0, 0, 1001, 350, 3073
"/home/franco/Documents/GitHub/Simulatore-cpu-x86-64/venv/lib/python3.12/site-packages/pip/_vendor/urllib3/__init__.py", "Python", 61, 0, 0, 0, 0, 0, 0, 0, 0, 0, 0, 0, 0, 0, 0, 27, 15, 103
"/home/franco/Documents/GitHub/Simulatore-cpu-x86-64/venv/lib/python3.12/site-packages/pip/_vendor/urllib3/_collections.py", "Python", 210, 0, 0, 0, 0, 0, 0, 0, 0, 0, 0, 0, 0, 0, 0, 87, 59, 356
"/home/franco/Documents/GitHub/Simulatore-cpu-x86-64/venv/lib/python3.12/site-packages/pip/_vendor/urllib3/_version.py", "Python", 1, 0, 0, 0, 0, 0, 0, 0, 0, 0, 0, 0, 0, 0, 0, 1, 1, 3
"/home/franco/Documents/GitHub/Simulatore-cpu-x86-64/venv/lib/python3.12/site-packages/pip/_vendor/urllib3/connection.py", "Python", 366, 0, 0, 0, 0, 0, 0, 0, 0, 0, 0, 0, 0, 0, 0, 120, 87, 573
"/home/franco/Documents/GitHub/Simulatore-cpu-x86-64/venv/lib/python3.12/site-packages/pip/_vendor/urllib3/connectionpool.py", "Python", 620, 0, 0, 0, 0, 0, 0, 0, 0, 0, 0, 0, 0, 0, 0, 383, 135, 1138
"/home/franco/Documents/GitHub/Simulatore-cpu-x86-64/venv/lib/python3.12/site-packages/pip/_vendor/urllib3/contrib/__init__.py", "Python", 0, 0, 0, 0, 0, 0, 0, 0, 0, 0, 0, 0, 0, 0, 0, 0, 1, 1
"/home/franco/Documents/GitHub/Simulatore-cpu-x86-64/venv/lib/python3.12/site-packages/pip/_vendor/urllib3/contrib/_appengine_environ.py", "Python", 15, 0, 0, 0, 0, 0, 0, 0, 0, 0, 0, 0, 0, 0, 0, 10, 12, 37
"/home/franco/Documents/GitHub/Simulatore-cpu-x86-64/venv/lib/python3.12/site-packages/pip/_vendor/urllib3/contrib/_securetransport/__init__.py", "Python", 0, 0, 0, 0, 0, 0, 0, 0, 0, 0, 0, 0, 0, 0, 0, 0, 1, 1
"/home/franco/Documents/GitHub/Simulatore-cpu-x86-64/venv/lib/python3.12/site-packages/pip/_vendor/urllib3/contrib/_securetransport/bindings.py", "Python", 380, 0, 0, 0, 0, 0, 0, 0, 0, 0, 0, 0, 0, 0, 0, 48, 92, 520
"/home/franco/Documents/GitHub/Simulatore-cpu-x86-64/venv/lib/python3.12/site-packages/pip/_vendor/urllib3/contrib/_securetransport/low_level.py", "Python", 218, 0, 0, 0, 0, 0, 0, 0, 0, 0, 0, 0, 0, 0, 0, 122, 58, 398
"/home/franco/Documents/GitHub/Simulatore-cpu-x86-64/venv/lib/python3.12/site-packages/pip/_vendor/urllib3/contrib/appengine.py", "Python", 201, 0, 0, 0, 0, 0, 0, 0, 0, 0, 0, 0, 0, 0, 0, 68, 46, 315
"/home/franco/Documents/GitHub/Simulatore-cpu-x86-64/venv/lib/python3.12/site-packages/pip/_vendor/urllib3/contrib/ntlmpool.py", "Python", 92, 0, 0, 0, 0, 0, 0, 0, 0, 0, 0, 0, 0, 0, 0, 20, 19, 131
"/home/franco/Documents/GitHub/Simulatore-cpu-x86-64/venv/lib/python3.12/site-packages/pip/_vendor/urllib3/contrib/pyopenssl.py", "Python", 323, 0, 0, 0, 0, 0, 0, 0, 0, 0, 0, 0, 0, 0, 0, 106, 90, 519
"/home/franco/Documents/GitHub/Simulatore-cpu-x86-64/venv/lib/python3.12/site-packages/pip/_vendor/urllib3/contrib/securetransport.py", "Python", 543, 0, 0, 0, 0, 0, 0, 0, 0, 0, 0, 0, 0, 0, 0, 252, 127, 922
"/home/franco/Documents/GitHub/Simulatore-cpu-x86-64/venv/lib/python3.12/site-packages/pip/_vendor/urllib3/contrib/socks.py", "Python", 129, 0, 0, 0, 0, 0, 0, 0, 0, 0, 0, 0, 0, 0, 0, 56, 32, 217
"/home/franco/Documents/GitHub/Simulatore-cpu-x86-64/venv/lib/python3.12/site-packages/pip/_vendor/urllib3/exceptions.py", "Python", 128, 0, 0, 0, 0, 0, 0, 0, 0, 0, 0, 0, 0, 0, 0, 69, 127, 324
"/home/franco/Documents/GitHub/Simulatore-cpu-x86-64/venv/lib/python3.12/site-packages/pip/_vendor/urllib3/fields.py", "Python", 122, 0, 0, 0, 0, 0, 0, 0, 0, 0, 0, 0, 0, 0, 0, 111, 42, 275
"/home/franco/Documents/GitHub/Simulatore-cpu-x86-64/venv/lib/python3.12/site-packages/pip/_vendor/urllib3/filepost.py", "Python", 46, 0, 0, 0, 0, 0, 0, 0, 0, 0, 0, 0, 0, 0, 0, 31, 22, 99
"/home/franco/Documents/GitHub/Simulatore-cpu-x86-64/venv/lib/python3.12/site-packages/pip/_vendor/urllib3/packages/__init__.py", "Python", 0, 0, 0, 0, 0, 0, 0, 0, 0, 0, 0, 0, 0, 0, 0, 0, 1, 1
"/home/franco/Documents/GitHub/Simulatore-cpu-x86-64/venv/lib/python3.12/site-packages/pip/_vendor/urllib3/packages/backports/__init__.py", "Python", 0, 0, 0, 0, 0, 0, 0, 0, 0, 0, 0, 0, 0, 0, 0, 0, 1, 1
"/home/franco/Documents/GitHub/Simulatore-cpu-x86-64/venv/lib/python3.12/site-packages/pip/_vendor/urllib3/packages/backports/makefile.py", "Python", 38, 0, 0, 0, 0, 0, 0, 0, 0, 0, 0, 0, 0, 0, 0, 11, 3, 52
"/home/franco/Documents/GitHub/Simulatore-cpu-x86-64/venv/lib/python3.12/site-packages/pip/_vendor/urllib3/packages/backports/weakref_finalize.py", "Python", 97, 0, 0, 0, 0, 0, 0, 0, 0, 0, 0, 0, 0, 0, 0, 39, 20, 156
"/home/franco/Documents/GitHub/Simulatore-cpu-x86-64/venv/lib/python3.12/site-packages/pip/_vendor/urllib3/packages/six.py", "Python", 735, 0, 0, 0, 0, 0, 0, 0, 0, 0, 0, 0, 0, 0, 0, 133, 209, 1077
"/home/franco/Documents/GitHub/Simulatore-cpu-x86-64/venv/lib/python3.12/site-packages/pip/_vendor/urllib3/poolmanager.py", "Python", 277, 0, 0, 0, 0, 0, 0, 0, 0, 0, 0, 0, 0, 0, 0, 200, 80, 557
"/home/franco/Documents/GitHub/Simulatore-cpu-x86-64/venv/lib/python3.12/site-packages/pip/_vendor/urllib3/request.py", "Python", 85, 0, 0, 0, 0, 0, 0, 0, 0, 0, 0, 0, 0, 0, 0, 80, 27, 192
"/home/franco/Documents/GitHub/Simulatore-cpu-x86-64/venv/lib/python3.12/site-packages/pip/_vendor/urllib3/response.py", "Python", 534, 0, 0, 0, 0, 0, 0, 0, 0, 0, 0, 0, 0, 0, 0, 233, 113, 880
"/home/franco/Documents/GitHub/Simulatore-cpu-x86-64/venv/lib/python3.12/site-packages/pip/_vendor/urllib3/util/__init__.py", "Python", 46, 0, 0, 0, 0, 0, 0, 0, 0, 0, 0, 0, 0, 0, 0, 1, 3, 50
"/home/franco/Documents/GitHub/Simulatore-cpu-x86-64/venv/lib/python3.12/site-packages/pip/_vendor/urllib3/util/connection.py", "Python", 79, 0, 0, 0, 0, 0, 0, 0, 0, 0, 0, 0, 0, 0, 0, 42, 29, 150
"/home/franco/Documents/GitHub/Simulatore-cpu-x86-64/venv/lib/python3.12/site-packages/pip/_vendor/urllib3/util/proxy.py", "Python", 30, 0, 0, 0, 0, 0, 0, 0, 0, 0, 0, 0, 0, 0, 0, 18, 10, 58
"/home/franco/Documents/GitHub/Simulatore-cpu-x86-64/venv/lib/python3.12/site-packages/pip/_vendor/urllib3/util/queue.py", "Python", 14, 0, 0, 0, 0, 0, 0, 0, 0, 0, 0, 0, 0, 0, 0, 1, 8, 23
"/home/franco/Documents/GitHub/Simulatore-cpu-x86-64/venv/lib/python3.12/site-packages/pip/_vendor/urllib3/util/request.py", "Python", 65, 0, 0, 0, 0, 0, 0, 0, 0, 0, 0, 0, 0, 0, 0, 54, 19, 138
"/home/franco/Documents/GitHub/Simulatore-cpu-x86-64/venv/lib/python3.12/site-packages/pip/_vendor/urllib3/util/response.py", "Python", 44, 0, 0, 0, 0, 0, 0, 0, 0, 0, 0, 0, 0, 0, 0, 45, 19, 108
"/home/franco/Documents/GitHub/Simulatore-cpu-x86-64/venv/lib/python3.12/site-packages/pip/_vendor/urllib3/util/retry.py", "Python", 346, 0, 0, 0, 0, 0, 0, 0, 0, 0, 0, 0, 0, 0, 0, 203, 74, 623
"/home/franco/Documents/GitHub/Simulatore-cpu-x86-64/venv/lib/python3.12/site-packages/pip/_vendor/urllib3/util/ssl_.py", "Python", 272, 0, 0, 0, 0, 0, 0, 0, 0, 0, 0, 0, 0, 0, 0, 149, 75, 496
"/home/franco/Documents/GitHub/Simulatore-cpu-x86-64/venv/lib/python3.12/site-packages/pip/_vendor/urllib3/util/ssl_match_hostname.py", "Python", 85, 0, 0, 0, 0, 0, 0, 0, 0, 0, 0, 0, 0, 0, 0, 54, 21, 160
"/home/franco/Documents/GitHub/Simulatore-cpu-x86-64/venv/lib/python3.12/site-packages/pip/_vendor/urllib3/util/ssltransport.py", "Python", 155, 0, 0, 0, 0, 0, 0, 0, 0, 0, 0, 0, 0, 0, 0, 29, 38, 222
"/home/franco/Documents/GitHub/Simulatore-cpu-x86-64/venv/lib/python3.12/site-packages/pip/_vendor/urllib3/util/timeout.py", "Python", 93, 0, 0, 0, 0, 0, 0, 0, 0, 0, 0, 0, 0, 0, 0, 152, 27, 272
"/home/franco/Documents/GitHub/Simulatore-cpu-x86-64/venv/lib/python3.12/site-packages/pip/_vendor/urllib3/util/url.py", "Python", 263, 0, 0, 0, 0, 0, 0, 0, 0, 0, 0, 0, 0, 0, 0, 107, 66, 436
"/home/franco/Documents/GitHub/Simulatore-cpu-x86-64/venv/lib/python3.12/site-packages/pip/_vendor/urllib3/util/wait.py", "Python", 83, 0, 0, 0, 0, 0, 0, 0, 0, 0, 0, 0, 0, 0, 0, 44, 26, 153
"/home/franco/Documents/GitHub/Simulatore-cpu-x86-64/venv/lib/python3.12/site-packages/pip/_vendor/webencodings/__init__.py", "Python", 118, 0, 0, 0, 0, 0, 0, 0, 0, 0, 0, 0, 0, 0, 0, 183, 42, 343
"/home/franco/Documents/GitHub/Simulatore-cpu-x86-64/venv/lib/python3.12/site-packages/pip/_vendor/webencodings/labels.py", "Python", 216, 0, 0, 0, 0, 0, 0, 0, 0, 0, 0, 0, 0, 0, 0, 13, 3, 232
"/home/franco/Documents/GitHub/Simulatore-cpu-x86-64/venv/lib/python3.12/site-packages/pip/_vendor/webencodings/mklabels.py", "Python", 26, 0, 0, 0, 0, 0, 0, 0, 0, 0, 0, 0, 0, 0, 0, 24, 10, 60
"/home/franco/Documents/GitHub/Simulatore-cpu-x86-64/venv/lib/python3.12/site-packages/pip/_vendor/webencodings/tests.py", "Python", 116, 0, 0, 0, 0, 0, 0, 0, 0, 0, 0, 0, 0, 0, 0, 13, 25, 154
"/home/franco/Documents/GitHub/Simulatore-cpu-x86-64/venv/lib/python3.12/site-packages/pip/_vendor/webencodings/x_user_defined.py", "Python", 285, 0, 0, 0, 0, 0, 0, 0, 0, 0, 0, 0, 0, 0, 0, 18, 23, 326
"/home/franco/Documents/GitHub/Simulatore-cpu-x86-64/venv/lib/python3.12/site-packages/pybind11/__init__.py", "Python", 14, 0, 0, 0, 0, 0, 0, 0, 0, 0, 0, 0, 0, 0, 0, 0, 6, 20
"/home/franco/Documents/GitHub/Simulatore-cpu-x86-64/venv/lib/python3.12/site-packages/pybind11/__main__.py", "Python", 74, 0, 0, 0, 0, 0, 0, 0, 0, 0, 0, 0, 0, 0, 0, 9, 15, 98
"/home/franco/Documents/GitHub/Simulatore-cpu-x86-64/venv/lib/python3.12/site-packages/pybind11/_version.py", "Python", 8, 0, 0, 0, 0, 0, 0, 0, 0, 0, 0, 0, 0, 0, 0, 0, 5, 13
"/home/franco/Documents/GitHub/Simulatore-cpu-x86-64/venv/lib/python3.12/site-packages/pybind11/commands.py", "Python", 19, 0, 0, 0, 0, 0, 0, 0, 0, 0, 0, 0, 0, 0, 0, 10, 11, 40
"/home/franco/Documents/GitHub/Simulatore-cpu-x86-64/venv/lib/python3.12/site-packages/pybind11/include/pybind11/attr.h", "C++", 0, 0, 439, 0, 0, 0, 0, 0, 0, 0, 0, 0, 0, 0, 0, 151, 133, 723
"/home/franco/Documents/GitHub/Simulatore-cpu-x86-64/venv/lib/python3.12/site-packages/pybind11/include/pybind11/buffer_info.h", "C++", 0, 0, 154, 0, 0, 0, 0, 0, 0, 0, 0, 0, 0, 0, 0, 25, 30, 209
"/home/franco/Documents/GitHub/Simulatore-cpu-x86-64/venv/lib/python3.12/site-packages/pybind11/include/pybind11/cast.h", "C++", 0, 0, 1855, 0, 0, 0, 0, 0, 0, 0, 0, 0, 0, 0, 0, 248, 259, 2362
"/home/franco/Documents/GitHub/Simulatore-cpu-x86-64/venv/lib/python3.12/site-packages/pybind11/include/pybind11/chrono.h", "C++", 0, 0, 165, 0, 0, 0, 0, 0, 0, 0, 0, 0, 0, 0, 0, 31, 33, 229
"/home/franco/Documents/GitHub/Simulatore-cpu-x86-64/venv/lib/python3.12/site-packages/pybind11/include/pybind11/common.h", "C++", 0, 0, 2, 0, 0, 0, 0, 0, 0, 0, 0, 0, 0, 0, 0, 0, 1, 3
"/home/franco/Documents/GitHub/Simulatore-cpu-x86-64/venv/lib/python3.12/site-packages/pybind11/include/pybind11/complex.h", "C++", 0, 0, 51, 0, 0, 0, 0, 0, 0, 0, 0, 0, 0, 0, 0, 9, 15, 75
"/home/franco/Documents/GitHub/Simulatore-cpu-x86-64/venv/lib/python3.12/site-packages/pybind11/include/pybind11/conduit/pybind11_conduit_v1.h", "C++", 0, 0, 38, 0, 0, 0, 0, 0, 0, 0, 0, 0, 0, 0, 0, 71, 8, 117
"/home/franco/Documents/GitHub/Simulatore-cpu-x86-64/venv/lib/python3.12/site-packages/pybind11/include/pybind11/conduit/pybind11_platform_abi_id.h", "C++", 0, 0, 66, 0, 0, 0, 0, 0, 0, 0, 0, 0, 0, 0, 0, 12, 10, 88
"/home/franco/Documents/GitHub/Simulatore-cpu-x86-64/venv/lib/python3.12/site-packages/pybind11/include/pybind11/conduit/wrap_include_python_h.h", "C++", 0, 0, 38, 0, 0, 0, 0, 0, 0, 0, 0, 0, 0, 0, 0, 23, 12, 73
"/home/franco/Documents/GitHub/Simulatore-cpu-x86-64/venv/lib/python3.12/site-packages/pybind11/include/pybind11/critical_section.h", "C++", 0, 0, 43, 0, 0, 0, 0, 0, 0, 0, 0, 0, 0, 0, 0, 5, 9, 57
"/home/franco/Documents/GitHub/Simulatore-cpu-x86-64/venv/lib/python3.12/site-packages/pybind11/include/pybind11/detail/class.h", "C++", 0, 0, 571, 0, 0, 0, 0, 0, 0, 0, 0, 0, 0, 0, 0, 128, 125, 824
"/home/franco/Documents/GitHub/Simulatore-cpu-x86-64/venv/lib/python3.12/site-packages/pybind11/include/pybind11/detail/common.h", "C++", 0, 0, 863, 0, 0, 0, 0, 0, 0, 0, 0, 0, 0, 0, 0, 347, 139, 1349
"/home/franco/Documents/GitHub/Simulatore-cpu-x86-64/venv/lib/python3.12/site-packages/pybind11/include/pybind11/detail/cpp_conduit.h", "C++", 0, 0, 62, 0, 0, 0, 0, 0, 0, 0, 0, 0, 0, 0, 0, 2, 12, 76
"/home/franco/Documents/GitHub/Simulatore-cpu-x86-64/venv/lib/python3.12/site-packages/pybind11/include/pybind11/detail/descr.h", "C++", 0, 0, 171, 0, 0, 0, 0, 0, 0, 0, 0, 0, 0, 0, 0, 19, 37, 227
"/home/franco/Documents/GitHub/Simulatore-cpu-x86-64/venv/lib/python3.12/site-packages/pybind11/include/pybind11/detail/dynamic_raw_ptr_cast_if_possible.h", "C++", 0, 0, 27, 0, 0, 0, 0, 0, 0, 0, 0, 0, 0, 0, 0, 3, 10, 40
"/home/franco/Documents/GitHub/Simulatore-cpu-x86-64/venv/lib/python3.12/site-packages/pybind11/include/pybind11/detail/exception_translation.h", "C++", 0, 0, 35, 0, 0, 0, 0, 0, 0, 0, 0, 0, 0, 0, 0, 27, 10, 72
"/home/franco/Documents/GitHub/Simulatore-cpu-x86-64/venv/lib/python3.12/site-packages/pybind11/include/pybind11/detail/function_record_pyobject.h", "C++", 0, 0, 128, 0, 0, 0, 0, 0, 0, 0, 0, 0, 0, 0, 0, 34, 30, 192
"/home/franco/Documents/GitHub/Simulatore-cpu-x86-64/venv/lib/python3.12/site-packages/pybind11/include/pybind11/detail/init.h", "C++", 0, 0, 402, 0, 0, 0, 0, 0, 0, 0, 0, 0, 0, 0, 0, 85, 52, 539
"/home/franco/Documents/GitHub/Simulatore-cpu-x86-64/venv/lib/python3.12/site-packages/pybind11/include/pybind11/detail/internals.h", "C++", 0, 0, 596, 0, 0, 0, 0, 0, 0, 0, 0, 0, 0, 0, 0, 127, 77, 800
"/home/franco/Documents/GitHub/Simulatore-cpu-x86-64/venv/lib/python3.12/site-packages/pybind11/include/pybind11/detail/native_enum_data.h", "C++", 0, 0, 178, 0, 0, 0, 0, 0, 0, 0, 0, 0, 0, 0, 0, 7, 25, 210
"/home/franco/Documents/GitHub/Simulatore-cpu-x86-64/venv/lib/python3.12/site-packages/pybind11/include/pybind11/detail/pybind11_namespace_macros.h", "C++", 0, 0, 55, 0, 0, 0, 0, 0, 0, 0, 0, 0, 0, 0, 0, 17, 11, 83
"/home/franco/Documents/GitHub/Simulatore-cpu-x86-64/venv/lib/python3.12/site-packages/pybind11/include/pybind11/detail/struct_smart_holder.h", "C++", 0, 0, 262, 0, 0, 0, 0, 0, 0, 0, 0, 0, 0, 0, 0, 74, 43, 379
"/home/franco/Documents/GitHub/Simulatore-cpu-x86-64/venv/lib/python3.12/site-packages/pybind11/include/pybind11/detail/type_caster_base.h", "C++", 0, 0, 1158, 0, 0, 0, 0, 0, 0, 0, 0, 0, 0, 0, 0, 267, 167, 1592
"/home/franco/Documents/GitHub/Simulatore-cpu-x86-64/venv/lib/python3.12/site-packages/pybind11/include/pybind11/detail/typeid.h", "C++", 0, 0, 44, 0, 0, 0, 0, 0, 0, 0, 0, 0, 0, 0, 0, 10, 12, 66
"/home/franco/Documents/GitHub/Simulatore-cpu-x86-64/venv/lib/python3.12/site-packages/pybind11/include/pybind11/detail/using_smart_holder.h", "C++", 0, 0, 11, 0, 0, 0, 0, 0, 0, 0, 0, 0, 0, 0, 0, 3, 9, 23
"/home/franco/Documents/GitHub/Simulatore-cpu-x86-64/venv/lib/python3.12/site-packages/pybind11/include/pybind11/detail/value_and_holder.h", "C++", 0, 0, 62, 0, 0, 0, 0, 0, 0, 0, 0, 0, 0, 0, 0, 16, 13, 91
"/home/franco/Documents/GitHub/Simulatore-cpu-x86-64/venv/lib/python3.12/site-packages/pybind11/include/pybind11/eigen.h", "C++", 0, 0, 2, 0, 0, 0, 0, 0, 0, 0, 0, 0, 0, 0, 0, 8, 3, 13
"/home/franco/Documents/GitHub/Simulatore-cpu-x86-64/venv/lib/python3.12/site-packages/pybind11/include/pybind11/eigen/common.h", "C++", 0, 0, 4, 0, 0, 0, 0, 0, 0, 0, 0, 0, 0, 0, 0, 3, 3, 10
"/home/franco/Documents/GitHub/Simulatore-cpu-x86-64/venv/lib/python3.12/site-packages/pybind11/include/pybind11/eigen/matrix.h", "C++", 0, 0, 516, 0, 0, 0, 0, 0, 0, 0, 0, 0, 0, 0, 0, 122, 86, 724
"/home/franco/Documents/GitHub/Simulatore-cpu-x86-64/venv/lib/python3.12/site-packages/pybind11/include/pybind11/eigen/tensor.h", "C++", 0, 0, 398, 0, 0, 0, 0, 0, 0, 0, 0, 0, 0, 0, 0, 23, 101, 522
"/home/franco/Documents/GitHub/Simulatore-cpu-x86-64/venv/lib/python3.12/site-packages/pybind11/include/pybind11/embed.h", "C++", 0, 0, 158, 0, 0, 0, 0, 0, 0, 0, 0, 0, 0, 0, 0, 127, 36, 321
"/home/franco/Documents/GitHub/Simulatore-cpu-x86-64/venv/lib/python3.12/site-packages/pybind11/include/pybind11/eval.h", "C++", 0, 0, 116, 0, 0, 0, 0, 0, 0, 0, 0, 0, 0, 0, 0, 20, 26, 162
"/home/franco/Documents/GitHub/Simulatore-cpu-x86-64/venv/lib/python3.12/site-packages/pybind11/include/pybind11/functional.h", "C++", 0, 0, 104, 0, 0, 0, 0, 0, 0, 0, 0, 0, 0, 0, 0, 24, 20, 148
"/home/franco/Documents/GitHub/Simulatore-cpu-x86-64/venv/lib/python3.12/site-packages/pybind11/include/pybind11/gil.h", "C++", 0, 0, 114, 0, 0, 0, 0, 0, 0, 0, 0, 0, 0, 0, 0, 51, 35, 200
"/home/franco/Documents/GitHub/Simulatore-cpu-x86-64/venv/lib/python3.12/site-packages/pybind11/include/pybind11/gil_safe_call_once.h", "C++", 0, 0, 46, 0, 0, 0, 0, 0, 0, 0, 0, 0, 0, 0, 0, 46, 11, 103
"/home/franco/Documents/GitHub/Simulatore-cpu-x86-64/venv/lib/python3.12/site-packages/pybind11/include/pybind11/gil_simple.h", "C++", 0, 0, 24, 0, 0, 0, 0, 0, 0, 0, 0, 0, 0, 0, 0, 4, 10, 38
"/home/franco/Documents/GitHub/Simulatore-cpu-x86-64/venv/lib/python3.12/site-packages/pybind11/include/pybind11/iostream.h", "C++", 0, 0, 138, 0, 0, 0, 0, 0, 0, 0, 0, 0, 0, 0, 0, 97, 31, 266
"/home/franco/Documents/GitHub/Simulatore-cpu-x86-64/venv/lib/python3.12/site-packages/pybind11/include/pybind11/native_enum.h", "C++", 0, 0, 50, 0, 0, 0, 0, 0, 0, 0, 0, 0, 0, 0, 0, 7, 11, 68
"/home/franco/Documents/GitHub/Simulatore-cpu-x86-64/venv/lib/python3.12/site-packages/pybind11/include/pybind11/numpy.h", "C++", 0, 0, 1732, 0, 0, 0, 0, 0, 0, 0, 0, 0, 0, 0, 0, 274, 307, 2313
"/home/franco/Documents/GitHub/Simulatore-cpu-x86-64/venv/lib/python3.12/site-packages/pybind11/include/pybind11/operators.h", "C++", 0, 0, 167, 0, 0, 0, 0, 0, 0, 0, 0, 0, 0, 0, 0, 18, 18, 203
"/home/franco/Documents/GitHub/Simulatore-cpu-x86-64/venv/lib/python3.12/site-packages/pybind11/include/pybind11/options.h", "C++", 0, 0, 54, 0, 0, 0, 0, 0, 0, 0, 0, 0, 0, 0, 0, 16, 23, 93
"/home/franco/Documents/GitHub/Simulatore-cpu-x86-64/venv/lib/python3.12/site-packages/pybind11/include/pybind11/pybind11.h", "C++", 0, 0, 2722, 0, 0, 0, 0, 0, 0, 0, 0, 0, 0, 0, 0, 540, 384, 3646
"/home/franco/Documents/GitHub/Simulatore-cpu-x86-64/venv/lib/python3.12/site-packages/pybind11/include/pybind11/pytypes.h", "C++", 0, 0, 1950, 0, 0, 0, 0, 0, 0, 0, 0, 0, 0, 0, 0, 430, 301, 2681
"/home/franco/Documents/GitHub/Simulatore-cpu-x86-64/venv/lib/python3.12/site-packages/pybind11/include/pybind11/stl.h", "C++", 0, 0, 489, 0, 0, 0, 0, 0, 0, 0, 0, 0, 0, 0, 0, 97, 81, 667
"/home/franco/Documents/GitHub/Simulatore-cpu-x86-64/venv/lib/python3.12/site-packages/pybind11/include/pybind11/stl/filesystem.h", "C++", 0, 0, 89, 0, 0, 0, 0, 0, 0, 0, 0, 0, 0, 0, 0, 10, 16, 115
"/home/franco/Documents/GitHub/Simulatore-cpu-x86-64/venv/lib/python3.12/site-packages/pybind11/include/pybind11/stl_bind.h", "C++", 0, 0, 670, 0, 0, 0, 0, 0, 0, 0, 0, 0, 0, 0, 0, 68, 121, 859
"/home/franco/Documents/GitHub/Simulatore-cpu-x86-64/venv/lib/python3.12/site-packages/pybind11/include/pybind11/subinterpreter.h", "C++", 0, 0, 184, 0, 0, 0, 0, 0, 0, 0, 0, 0, 0, 0, 0, 64, 52, 300
"/home/franco/Documents/GitHub/Simulatore-cpu-x86-64/venv/lib/python3.12/site-packages/pybind11/include/pybind11/trampoline_self_life_support.h", "C++", 0, 0, 41, 0, 0, 0, 0, 0, 0, 0, 0, 0, 0, 0, 0, 11, 14, 66
"/home/franco/Documents/GitHub/Simulatore-cpu-x86-64/venv/lib/python3.12/site-packages/pybind11/include/pybind11/type_caster_pyobject_ptr.h", "C++", 0, 0, 48, 0, 0, 0, 0, 0, 0, 0, 0, 0, 0, 0, 0, 2, 12, 62
"/home/franco/Documents/GitHub/Simulatore-cpu-x86-64/venv/lib/python3.12/site-packages/pybind11/include/pybind11/typing.h", "C++", 0, 0, 227, 0, 0, 0, 0, 0, 0, 0, 0, 0, 0, 0, 0, 21, 51, 299
"/home/franco/Documents/GitHub/Simulatore-cpu-x86-64/venv/lib/python3.12/site-packages/pybind11/include/pybind11/warnings.h", "C++", 0, 0, 54, 0, 0, 0, 0, 0, 0, 0, 0, 0, 0, 0, 0, 9, 13, 76
"/home/franco/Documents/GitHub/Simulatore-cpu-x86-64/venv/lib/python3.12/site-packages/pybind11/setup_helpers.py", "Python", 249, 0, 0, 0, 0, 0, 0, 0, 0, 0, 0, 0, 0, 0, 0, 170, 82, 501
"/home/franco/Documents/GitHub/Simulatore-cpu-x86-64/venv/lib/python3.12/site-packages/pybind11/share/__init__.py", "Python", 0, 0, 0, 0, 0, 0, 0, 0, 0, 0, 0, 0, 0, 0, 0, 0, 1, 1
"/home/franco/Documents/GitHub/Simulatore-cpu-x86-64/venv/lib/python3.12/site-packages/pybind11/share/cmake/pybind11/FindPythonLibsNew.cmake", "CMake", 0, 0, 0, 0, 0, 291, 0, 0, 0, 0, 0, 0, 0, 0, 0, 0, 30, 321
"/home/franco/Documents/GitHub/Simulatore-cpu-x86-64/venv/lib/python3.12/site-packages/pybind11/share/cmake/pybind11/pybind11Common.cmake", "CMake", 0, 0, 0, 0, 0, 389, 0, 0, 0, 0, 0, 0, 0, 0, 0, 0, 59, 448
"/home/franco/Documents/GitHub/Simulatore-cpu-x86-64/venv/lib/python3.12/site-packages/pybind11/share/cmake/pybind11/pybind11Config.cmake", "CMake", 0, 0, 0, 0, 0, 195, 0, 0, 0, 0, 0, 0, 0, 0, 0, 0, 70, 265
"/home/franco/Documents/GitHub/Simulatore-cpu-x86-64/venv/lib/python3.12/site-packages/pybind11/share/cmake/pybind11/pybind11ConfigVersion.cmake", "CMake", 0, 0, 0, 0, 0, 28, 0, 0, 0, 0, 0, 0, 0, 0, 0, 0, 5, 33
"/home/franco/Documents/GitHub/Simulatore-cpu-x86-64/venv/lib/python3.12/site-packages/pybind11/share/cmake/pybind11/pybind11GuessPythonExtSuffix.cmake", "CMake", 0, 0, 0, 0, 0, 78, 0, 0, 0, 0, 0, 0, 0, 0, 0, 0, 9, 87
"/home/franco/Documents/GitHub/Simulatore-cpu-x86-64/venv/lib/python3.12/site-packages/pybind11/share/cmake/pybind11/pybind11NewTools.cmake", "CMake", 0, 0, 0, 0, 0, 311, 0, 0, 0, 0, 0, 0, 0, 0, 0, 0, 43, 354
"/home/franco/Documents/GitHub/Simulatore-cpu-x86-64/venv/lib/python3.12/site-packages/pybind11/share/cmake/pybind11/pybind11Targets.cmake", "CMake", 0, 0, 0, 0, 0, 95, 0, 0, 0, 0, 0, 0, 0, 0, 0, 0, 13, 108
"/home/franco/Documents/GitHub/Simulatore-cpu-x86-64/venv/lib/python3.12/site-packages/pybind11/share/cmake/pybind11/pybind11Tools.cmake", "CMake", 0, 0, 0, 0, 0, 188, 0, 0, 0, 0, 0, 0, 0, 0, 0, 0, 30, 218
"/home/franco/Documents/GitHub/Simulatore-cpu-x86-64/venv/lib/python3.12/site-packages/pybind11/share/pkgconfig/__init__.py", "Python", 0, 0, 0, 0, 0, 0, 0, 0, 0, 0, 0, 0, 0, 0, 0, 0, 1, 1
"/home/franco/Documents/GitHub/Simulatore-cpu-x86-64/venv/lib/python3.12/site-packages/pybind11_stubgen/__init__.py", "Python", 331, 0, 0, 0, 0, 0, 0, 0, 0, 0, 0, 0, 0, 0, 0, 0, 44, 375
"/home/franco/Documents/GitHub/Simulatore-cpu-x86-64/venv/lib/python3.12/site-packages/pybind11_stubgen/__main__.py", "Python", 3, 0, 0, 0, 0, 0, 0, 0, 0, 0, 0, 0, 0, 0, 0, 0, 2, 5
"/home/franco/Documents/GitHub/Simulatore-cpu-x86-64/venv/lib/python3.12/site-packages/pybind11_stubgen/parser/__init__.py", "Python", 0, 0, 0, 0, 0, 0, 0, 0, 0, 0, 0, 0, 0, 0, 0, 0, 1, 1
"/home/franco/Documents/GitHub/Simulatore-cpu-x86-64/venv/lib/python3.12/site-packages/pybind11_stubgen/parser/errors.py", "Python", 23, 0, 0, 0, 0, 0, 0, 0, 0, 0, 0, 0, 0, 0, 0, 0, 13, 36
"/home/franco/Documents/GitHub/Simulatore-cpu-x86-64/venv/lib/python3.12/site-packages/pybind11_stubgen/parser/interface.py", "Python", 95, 0, 0, 0, 0, 0, 0, 0, 0, 0, 0, 0, 0, 0, 0, 0, 24, 119
"/home/franco/Documents/GitHub/Simulatore-cpu-x86-64/venv/lib/python3.12/site-packages/pybind11_stubgen/parser/mixins/__init__.py", "Python", 0, 0, 0, 0, 0, 0, 0, 0, 0, 0, 0, 0, 0, 0, 0, 0, 1, 1
"/home/franco/Documents/GitHub/Simulatore-cpu-x86-64/venv/lib/python3.12/site-packages/pybind11_stubgen/parser/mixins/error_handlers.py", "Python", 134, 0, 0, 0, 0, 0, 0, 0, 0, 0, 0, 0, 0, 0, 0, 0, 43, 177
"/home/franco/Documents/GitHub/Simulatore-cpu-x86-64/venv/lib/python3.12/site-packages/pybind11_stubgen/parser/mixins/filter.py", "Python", 125, 0, 0, 0, 0, 0, 0, 0, 0, 0, 0, 0, 0, 0, 0, 2, 24, 151
"/home/franco/Documents/GitHub/Simulatore-cpu-x86-64/venv/lib/python3.12/site-packages/pybind11_stubgen/parser/mixins/fix.py", "Python", 870, 0, 0, 0, 0, 0, 0, 0, 0, 0, 0, 0, 0, 0, 0, 41, 151, 1062
"/home/franco/Documents/GitHub/Simulatore-cpu-x86-64/venv/lib/python3.12/site-packages/pybind11_stubgen/parser/mixins/parse.py", "Python", 751, 0, 0, 0, 0, 0, 0, 0, 0, 0, 0, 0, 0, 0, 0, 16, 98, 865
"/home/franco/Documents/GitHub/Simulatore-cpu-x86-64/venv/lib/python3.12/site-packages/pybind11_stubgen/printer.py", "Python", 260, 0, 0, 0, 0, 0, 0, 0, 0, 0, 0, 0, 0, 0, 0, 5, 56, 321
"/home/franco/Documents/GitHub/Simulatore-cpu-x86-64/venv/lib/python3.12/site-packages/pybind11_stubgen/structs.py", "Python", 149, 0, 0, 0, 0, 0, 0, 0, 0, 0, 0, 0, 0, 0, 0, 1, 53, 203
"/home/franco/Documents/GitHub/Simulatore-cpu-x86-64/venv/lib/python3.12/site-packages/pybind11_stubgen/typing_ext.py", "Python", 19, 0, 0, 0, 0, 0, 0, 0, 0, 0, 0, 0, 0, 0, 0, 0, 7, 26
"/home/franco/Documents/GitHub/Simulatore-cpu-x86-64/venv/lib/python3.12/site-packages/pybind11_stubgen/writer.py", "Python", 24, 0, 0, 0, 0, 0, 0, 0, 0, 0, 0, 0, 0, 0, 0, 1, 7, 32
"/home/franco/Documents/GitHub/Simulatore-cpu-x86-64/venv/lib64/python3.12/site-packages/customtkinter/__init__.py", "Python", 53, 0, 0, 0, 0, 0, 0, 0, 0, 0, 0, 0, 0, 0, 0, 12, 24, 89
"/home/franco/Documents/GitHub/Simulatore-cpu-x86-64/venv/lib64/python3.12/site-packages/customtkinter/assets/themes/blue.json", "JSON", 0, 0, 0, 0, 0, 0, 0, 0, 155, 0, 0, 0, 0, 0, 0, 0, 1, 156
"/home/franco/Documents/GitHub/Simulatore-cpu-x86-64/venv/lib64/python3.12/site-packages/customtkinter/assets/themes/dark-blue.json", "JSON", 0, 0, 0, 0, 0, 0, 0, 0, 155, 0, 0, 0, 0, 0, 0, 0, 1, 156
"/home/franco/Documents/GitHub/Simulatore-cpu-x86-64/venv/lib64/python3.12/site-packages/customtkinter/assets/themes/green.json", "JSON", 0, 0, 0, 0, 0, 0, 0, 0, 155, 0, 0, 0, 0, 0, 0, 0, 1, 156
"/home/franco/Documents/GitHub/Simulatore-cpu-x86-64/venv/lib64/python3.12/site-packages/customtkinter/windows/__init__.py", "Python", 3, 0, 0, 0, 0, 0, 0, 0, 0, 0, 0, 0, 0, 0, 0, 0, 1, 4
"/home/franco/Documents/GitHub/Simulatore-cpu-x86-64/venv/lib64/python3.12/site-packages/customtkinter/windows/ctk_input_dialog.py", "Python", 94, 0, 0, 0, 0, 0, 0, 0, 0, 0, 0, 0, 0, 0, 0, 4, 20, 118
"/home/franco/Documents/GitHub/Simulatore-cpu-x86-64/venv/lib64/python3.12/site-packages/customtkinter/windows/ctk_tk.py", "Python", 223, 0, 0, 0, 0, 0, 0, 0, 0, 0, 0, 0, 0, 0, 0, 37, 74, 334
"/home/franco/Documents/GitHub/Simulatore-cpu-x86-64/venv/lib64/python3.12/site-packages/customtkinter/windows/ctk_toplevel.py", "Python", 213, 0, 0, 0, 0, 0, 0, 0, 0, 0, 0, 0, 0, 0, 0, 31, 64, 308
"/home/franco/Documents/GitHub/Simulatore-cpu-x86-64/venv/lib64/python3.12/site-packages/customtkinter/windows/widgets/__init__.py", "Python", 16, 0, 0, 0, 0, 0, 0, 0, 0, 0, 0, 0, 0, 0, 0, 0, 1, 17
"/home/franco/Documents/GitHub/Simulatore-cpu-x86-64/venv/lib64/python3.12/site-packages/customtkinter/windows/widgets/appearance_mode/__init__.py", "Python", 3, 0, 0, 0, 0, 0, 0, 0, 0, 0, 0, 0, 0, 0, 0, 0, 2, 5
"/home/franco/Documents/GitHub/Simulatore-cpu-x86-64/venv/lib64/python3.12/site-packages/customtkinter/windows/widgets/appearance_mode/appearance_mode_base_class.py", "Python", 37, 0, 0, 0, 0, 0, 0, 0, 0, 0, 0, 0, 0, 0, 0, 15, 10, 62
"/home/franco/Documents/GitHub/Simulatore-cpu-x86-64/venv/lib64/python3.12/site-packages/customtkinter/windows/widgets/appearance_mode/appearance_mode_tracker.py", "Python", 95, 0, 0, 0, 0, 0, 0, 0, 0, 0, 0, 0, 0, 0, 0, 1, 27, 123
"/home/franco/Documents/GitHub/Simulatore-cpu-x86-64/venv/lib64/python3.12/site-packages/customtkinter/windows/widgets/core_rendering/__init__.py", "Python", 8, 0, 0, 0, 0, 0, 0, 0, 0, 0, 0, 0, 0, 0, 0, 1, 4, 13
"/home/franco/Documents/GitHub/Simulatore-cpu-x86-64/venv/lib64/python3.12/site-packages/customtkinter/windows/widgets/core_rendering/ctk_canvas.py", "Python", 74, 0, 0, 0, 0, 0, 0, 0, 0, 0, 0, 0, 0, 0, 0, 22, 22, 118
"/home/franco/Documents/GitHub/Simulatore-cpu-x86-64/venv/lib64/python3.12/site-packages/customtkinter/windows/widgets/core_rendering/draw_engine.py", "Python", 956, 0, 0, 0, 0, 0, 0, 0, 0, 0, 0, 0, 0, 0, 0, 82, 198, 1236
"/home/franco/Documents/GitHub/Simulatore-cpu-x86-64/venv/lib64/python3.12/site-packages/customtkinter/windows/widgets/core_widget_classes/__init__.py", "Python", 2, 0, 0, 0, 0, 0, 0, 0, 0, 0, 0, 0, 0, 0, 0, 0, 1, 3
"/home/franco/Documents/GitHub/Simulatore-cpu-x86-64/venv/lib64/python3.12/site-packages/customtkinter/windows/widgets/core_widget_classes/ctk_base_class.py", "Python", 186, 0, 0, 0, 0, 0, 0, 0, 0, 0, 0, 0, 0, 0, 0, 74, 67, 327
"/home/franco/Documents/GitHub/Simulatore-cpu-x86-64/venv/lib64/python3.12/site-packages/customtkinter/windows/widgets/core_widget_classes/dropdown_menu.py", "Python", 148, 0, 0, 0, 0, 0, 0, 0, 0, 0, 0, 0, 0, 0, 0, 7, 44, 199
"/home/franco/Documents/GitHub/Simulatore-cpu-x86-64/venv/lib64/python3.12/site-packages/customtkinter/windows/widgets/ctk_button.py", "Python", 444, 0, 0, 0, 0, 0, 0, 0, 0, 0, 0, 0, 0, 0, 0, 40, 111, 595
"/home/franco/Documents/GitHub/Simulatore-cpu-x86-64/venv/lib64/python3.12/site-packages/customtkinter/windows/widgets/ctk_checkbox.py", "Python", 369, 0, 0, 0, 0, 0, 0, 0, 0, 0, 0, 0, 0, 0, 0, 19, 82, 470
"/home/franco/Documents/GitHub/Simulatore-cpu-x86-64/venv/lib64/python3.12/site-packages/customtkinter/windows/widgets/ctk_combobox.py", "Python", 326, 0, 0, 0, 0, 0, 0, 0, 0, 0, 0, 0, 0, 0, 0, 20, 79, 425
"/home/franco/Documents/GitHub/Simulatore-cpu-x86-64/venv/lib64/python3.12/site-packages/customtkinter/windows/widgets/ctk_entry.py", "Python", 286, 0, 0, 0, 0, 0, 0, 0, 0, 0, 0, 0, 0, 0, 0, 17, 82, 385
"/home/franco/Documents/GitHub/Simulatore-cpu-x86-64/venv/lib64/python3.12/site-packages/customtkinter/windows/widgets/ctk_frame.py", "Python", 137, 0, 0, 0, 0, 0, 0, 0, 0, 0, 0, 0, 0, 0, 0, 20, 40, 197
"/home/franco/Documents/GitHub/Simulatore-cpu-x86-64/venv/lib64/python3.12/site-packages/customtkinter/windows/widgets/ctk_label.py", "Python", 214, 0, 0, 0, 0, 0, 0, 0, 0, 0, 0, 0, 0, 0, 0, 20, 58, 292
"/home/franco/Documents/GitHub/Simulatore-cpu-x86-64/venv/lib64/python3.12/site-packages/customtkinter/windows/widgets/ctk_optionmenu.py", "Python", 321, 0, 0, 0, 0, 0, 0, 0, 0, 0, 0, 0, 0, 0, 0, 20, 86, 427
"/home/franco/Documents/GitHub/Simulatore-cpu-x86-64/venv/lib64/python3.12/site-packages/customtkinter/windows/widgets/ctk_progressbar.py", "Python", 238, 0, 0, 0, 0, 0, 0, 0, 0, 0, 0, 0, 0, 0, 0, 17, 58, 313
"/home/franco/Documents/GitHub/Simulatore-cpu-x86-64/venv/lib64/python3.12/site-packages/customtkinter/windows/widgets/ctk_radiobutton.py", "Python", 334, 0, 0, 0, 0, 0, 0, 0, 0, 0, 0, 0, 0, 0, 0, 18, 79, 431
"/home/franco/Documents/GitHub/Simulatore-cpu-x86-64/venv/lib64/python3.12/site-packages/customtkinter/windows/widgets/ctk_scrollable_frame.py", "Python", 250, 0, 0, 0, 0, 0, 0, 0, 0, 0, 0, 0, 0, 0, 0, 1, 66, 317
"/home/franco/Documents/GitHub/Simulatore-cpu-x86-64/venv/lib64/python3.12/site-packages/customtkinter/windows/widgets/ctk_scrollbar.py", "Python", 216, 0, 0, 0, 0, 0, 0, 0, 0, 0, 0, 0, 0, 0, 0, 15, 51, 282
"/home/franco/Documents/GitHub/Simulatore-cpu-x86-64/venv/lib64/python3.12/site-packages/customtkinter/windows/widgets/ctk_segmented_button.py", "Python", 346, 0, 0, 0, 0, 0, 0, 0, 0, 0, 0, 0, 0, 0, 0, 10, 92, 448
"/home/franco/Documents/GitHub/Simulatore-cpu-x86-64/venv/lib64/python3.12/site-packages/customtkinter/windows/widgets/ctk_slider.py", "Python", 323, 0, 0, 0, 0, 0, 0, 0, 0, 0, 0, 0, 0, 0, 0, 13, 78, 414
"/home/franco/Documents/GitHub/Simulatore-cpu-x86-64/venv/lib64/python3.12/site-packages/customtkinter/windows/widgets/ctk_switch.py", "Python", 377, 0, 0, 0, 0, 0, 0, 0, 0, 0, 0, 0, 0, 0, 0, 19, 88, 484
"/home/franco/Documents/GitHub/Simulatore-cpu-x86-64/venv/lib64/python3.12/site-packages/customtkinter/windows/widgets/ctk_tabview.py", "Python", 329, 0, 0, 0, 0, 0, 0, 0, 0, 0, 0, 0, 0, 0, 0, 32, 73, 434
"/home/franco/Documents/GitHub/Simulatore-cpu-x86-64/venv/lib64/python3.12/site-packages/customtkinter/windows/widgets/ctk_textbox.py", "Python", 363, 0, 0, 0, 0, 0, 0, 0, 0, 0, 0, 0, 0, 0, 0, 24, 114, 501
"/home/franco/Documents/GitHub/Simulatore-cpu-x86-64/venv/lib64/python3.12/site-packages/customtkinter/windows/widgets/font/__init__.py", "Python", 15, 0, 0, 0, 0, 0, 0, 0, 0, 0, 0, 0, 0, 0, 0, 4, 6, 25
"/home/franco/Documents/GitHub/Simulatore-cpu-x86-64/venv/lib64/python3.12/site-packages/customtkinter/windows/widgets/font/ctk_font.py", "Python", 57, 0, 0, 0, 0, 0, 0, 0, 0, 0, 0, 0, 0, 0, 0, 18, 20, 95
"/home/franco/Documents/GitHub/Simulatore-cpu-x86-64/venv/lib64/python3.12/site-packages/customtkinter/windows/widgets/font/font_manager.py", "Python", 47, 0, 0, 0, 0, 0, 0, 0, 0, 0, 0, 0, 0, 0, 0, 6, 14, 67
"/home/franco/Documents/GitHub/Simulatore-cpu-x86-64/venv/lib64/python3.12/site-packages/customtkinter/windows/widgets/image/__init__.py", "Python", 1, 0, 0, 0, 0, 0, 0, 0, 0, 0, 0, 0, 0, 0, 0, 0, 1, 2
"/home/franco/Documents/GitHub/Simulatore-cpu-x86-64/venv/lib64/python3.12/site-packages/customtkinter/windows/widgets/image/ctk_image.py", "Python", 83, 0, 0, 0, 0, 0, 0, 0, 0, 0, 0, 0, 0, 0, 0, 15, 25, 123
"/home/franco/Documents/GitHub/Simulatore-cpu-x86-64/venv/lib64/python3.12/site-packages/customtkinter/windows/widgets/scaling/__init__.py", "Python", 5, 0, 0, 0, 0, 0, 0, 0, 0, 0, 0, 0, 0, 0, 0, 0, 3, 8
"/home/franco/Documents/GitHub/Simulatore-cpu-x86-64/venv/lib64/python3.12/site-packages/customtkinter/windows/widgets/scaling/scaling_base_class.py", "Python", 102, 0, 0, 0, 0, 0, 0, 0, 0, 0, 0, 0, 0, 0, 0, 24, 34, 160
"/home/franco/Documents/GitHub/Simulatore-cpu-x86-64/venv/lib64/python3.12/site-packages/customtkinter/windows/widgets/scaling/scaling_tracker.py", "Python", 141, 0, 0, 0, 0, 0, 0, 0, 0, 0, 0, 0, 0, 0, 0, 24, 42, 207
"/home/franco/Documents/GitHub/Simulatore-cpu-x86-64/venv/lib64/python3.12/site-packages/customtkinter/windows/widgets/theme/__init__.py", "Python", 7, 0, 0, 0, 0, 0, 0, 0, 0, 0, 0, 0, 0, 0, 0, 1, 2, 10
"/home/franco/Documents/GitHub/Simulatore-cpu-x86-64/venv/lib64/python3.12/site-packages/customtkinter/windows/widgets/theme/theme_manager.py", "Python", 42, 0, 0, 0, 0, 0, 0, 0, 0, 0, 0, 0, 0, 0, 0, 4, 10, 56
"/home/franco/Documents/GitHub/Simulatore-cpu-x86-64/venv/lib64/python3.12/site-packages/customtkinter/windows/widgets/utility/__init__.py", "Python", 1, 0, 0, 0, 0, 0, 0, 0, 0, 0, 0, 0, 0, 0, 0, 0, 1, 2
"/home/franco/Documents/GitHub/Simulatore-cpu-x86-64/venv/lib64/python3.12/site-packages/customtkinter/windows/widgets/utility/utility_functions.py", "Python", 14, 0, 0, 0, 0, 0, 0, 0, 0, 0, 0, 0, 0, 0, 0, 2, 7, 23
"/home/franco/Documents/GitHub/Simulatore-cpu-x86-64/venv/lib64/python3.12/site-packages/darkdetect/__init__.py", "Python", 32, 0, 0, 0, 0, 0, 0, 0, 0, 0, 0, 0, 0, 0, 0, 7, 6, 45
"/home/franco/Documents/GitHub/Simulatore-cpu-x86-64/venv/lib64/python3.12/site-packages/darkdetect/__main__.py", "Python", 2, 0, 0, 0, 0, 0, 0, 0, 0, 0, 0, 0, 0, 0, 0, 5, 3, 10
"/home/franco/Documents/GitHub/Simulatore-cpu-x86-64/venv/lib64/python3.12/site-packages/darkdetect/_dummy.py", "Python", 9, 0, 0, 0, 0, 0, 0, 0, 0, 0, 0, 0, 0, 0, 0, 5, 6, 20
"/home/franco/Documents/GitHub/Simulatore-cpu-x86-64/venv/lib64/python3.12/site-packages/darkdetect/_linux_detect.py", "Python", 31, 0, 0, 0, 0, 0, 0, 0, 0, 0, 0, 0, 0, 0, 0, 9, 6, 46
"/home/franco/Documents/GitHub/Simulatore-cpu-x86-64/venv/lib64/python3.12/site-packages/darkdetect/_mac_detect.py", "Python", 86, 0, 0, 0, 0, 0, 0, 0, 0, 0, 0, 0, 0, 0, 0, 11, 28, 125
"/home/franco/Documents/GitHub/Simulatore-cpu-x86-64/venv/lib64/python3.12/site-packages/darkdetect/_windows_detect.py", "Python", 82, 0, 0, 0, 0, 0, 0, 0, 0, 0, 0, 0, 0, 0, 0, 29, 12, 123
"/home/franco/Documents/GitHub/Simulatore-cpu-x86-64/venv/lib64/python3.12/site-packages/packaging/__init__.py", "Python", 8, 0, 0, 0, 0, 0, 0, 0, 0, 0, 0, 0, 0, 0, 0, 3, 5, 16
"/home/franco/Documents/GitHub/Simulatore-cpu-x86-64/venv/lib64/python3.12/site-packages/packaging/_elffile.py", "Python", 72, 0, 0, 0, 0, 0, 0, 0, 0, 0, 0, 0, 0, 0, 0, 18, 20, 110
"/home/franco/Documents/GitHub/Simulatore-cpu-x86-64/venv/lib64/python3.12/site-packages/packaging/_manylinux.py", "Python", 155, 0, 0, 0, 0, 0, 0, 0, 0, 0, 0, 0, 0, 0, 0, 72, 36, 263
"/home/franco/Documents/GitHub/Simulatore-cpu-x86-64/venv/lib64/python3.12/site-packages/packaging/_musllinux.py", "Python", 45, 0, 0, 0, 0, 0, 0, 0, 0, 0, 0, 0, 0, 0, 0, 25, 16, 86
"/home/franco/Documents/GitHub/Simulatore-cpu-x86-64/venv/lib64/python3.12/site-packages/packaging/_parser.py", "Python", 223, 0, 0, 0, 0, 0, 0, 0, 0, 0, 0, 0, 0, 0, 0, 51, 80, 354
"/home/franco/Documents/GitHub/Simulatore-cpu-x86-64/venv/lib64/python3.12/site-packages/packaging/_structures.py", "Python", 36, 0, 0, 0, 0, 0, 0, 0, 0, 0, 0, 0, 0, 0, 0, 3, 23, 62
"/home/franco/Documents/GitHub/Simulatore-cpu-x86-64/venv/lib64/python3.12/site-packages/packaging/_tokenizer.py", "Python", 116, 0, 0, 0, 0, 0, 0, 0, 0, 0, 0, 0, 0, 0, 0, 66, 14, 196
"/home/franco/Documents/GitHub/Simulatore-cpu-x86-64/venv/lib64/python3.12/site-packages/packaging/licenses/__init__.py", "Python", 78, 0, 0, 0, 0, 0, 0, 0, 0, 0, 0, 0, 0, 0, 0, 46, 22, 146
"/home/franco/Documents/GitHub/Simulatore-cpu-x86-64/venv/lib64/python3.12/site-packages/packaging/licenses/_spdx.py", "Python", 751, 0, 0, 0, 0, 0, 0, 0, 0, 0, 0, 0, 0, 0, 0, 0, 9, 760
"/home/franco/Documents/GitHub/Simulatore-cpu-x86-64/venv/lib64/python3.12/site-packages/packaging/markers.py", "Python", 194, 0, 0, 0, 0, 0, 0, 0, 0, 0, 0, 0, 0, 0, 0, 109, 60, 363
"/home/franco/Documents/GitHub/Simulatore-cpu-x86-64/venv/lib64/python3.12/site-packages/packaging/metadata.py", "Python", 502, 0, 0, 0, 0, 0, 0, 0, 0, 0, 0, 0, 0, 0, 0, 266, 95, 863
"/home/franco/Documents/GitHub/Simulatore-cpu-x86-64/venv/lib64/python3.12/site-packages/packaging/requirements.py", "Python", 56, 0, 0, 0, 0, 0, 0, 0, 0, 0, 0, 0, 0, 0, 0, 16, 20, 92
"/home/franco/Documents/GitHub/Simulatore-cpu-x86-64/venv/lib64/python3.12/site-packages/packaging/specifiers.py", "Python", 336, 0, 0, 0, 0, 0, 0, 0, 0, 0, 0, 0, 0, 0, 0, 620, 64, 1020
"/home/franco/Documents/GitHub/Simulatore-cpu-x86-64/venv/lib64/python3.12/site-packages/packaging/tags.py", "Python", 387, 0, 0, 0, 0, 0, 0, 0, 0, 0, 0, 0, 0, 0, 0, 174, 96, 657
"/home/franco/Documents/GitHub/Simulatore-cpu-x86-64/venv/lib64/python3.12/site-packages/packaging/utils.py", "Python", 93, 0, 0, 0, 0, 0, 0, 0, 0, 0, 0, 0, 0, 0, 0, 38, 33, 164
"/home/franco/Documents/GitHub/Simulatore-cpu-x86-64/venv/lib64/python3.12/site-packages/packaging/version.py", "Python", 220, 0, 0, 0, 0, 0, 0, 0, 0, 0, 0, 0, 0, 0, 0, 310, 53, 583
"/home/franco/Documents/GitHub/Simulatore-cpu-x86-64/venv/lib64/python3.12/site-packages/pip/__init__.py", "Python", 5, 0, 0, 0, 0, 0, 0, 0, 0, 0, 0, 0, 0, 0, 0, 4, 5, 14
"/home/franco/Documents/GitHub/Simulatore-cpu-x86-64/venv/lib64/python3.12/site-packages/pip/__main__.py", "Python", 10, 0, 0, 0, 0, 0, 0, 0, 0, 0, 0, 0, 0, 0, 0, 10, 5, 25
"/home/franco/Documents/GitHub/Simulatore-cpu-x86-64/venv/lib64/python3.12/site-packages/pip/__pip-runner__.py", "Python", 25, 0, 0, 0, 0, 0, 0, 0, 0, 0, 0, 0, 0, 0, 0, 9, 17, 51
"/home/franco/Documents/GitHub/Simulatore-cpu-x86-64/venv/lib64/python3.12/site-packages/pip/_internal/__init__.py", "Python", 6, 0, 0, 0, 0, 0, 0, 0, 0, 0, 0, 0, 0, 0, 0, 7, 6, 19
"/home/franco/Documents/GitHub/Simulatore-cpu-x86-64/venv/lib64/python3.12/site-packages/pip/_internal/build_env.py", "Python", 215, 0, 0, 0, 0, 0, 0, 0, 0, 0, 0, 0, 0, 0, 0, 57, 40, 312
"/home/franco/Documents/GitHub/Simulatore-cpu-x86-64/venv/lib64/python3.12/site-packages/pip/_internal/cache.py", "Python", 189, 0, 0, 0, 0, 0, 0, 0, 0, 0, 0, 0, 0, 0, 0, 56, 46, 291
"/home/franco/Documents/GitHub/Simulatore-cpu-x86-64/venv/lib64/python3.12/site-packages/pip/_internal/cli/__init__.py", "Python", 0, 0, 0, 0, 0, 0, 0, 0, 0, 0, 0, 0, 0, 0, 0, 3, 2, 5
"/home/franco/Documents/GitHub/Simulatore-cpu-x86-64/venv/lib64/python3.12/site-packages/pip/_internal/cli/autocompletion.py", "Python", 119, 0, 0, 0, 0, 0, 0, 0, 0, 0, 0, 0, 0, 0, 0, 37, 17, 173
"/home/franco/Documents/GitHub/Simulatore-cpu-x86-64/venv/lib64/python3.12/site-packages/pip/_internal/cli/base_command.py", "Python", 170, 0, 0, 0, 0, 0, 0, 0, 0, 0, 0, 0, 0, 0, 0, 27, 40, 237
"/home/franco/Documents/GitHub/Simulatore-cpu-x86-64/venv/lib64/python3.12/site-packages/pip/_internal/cli/cmdoptions.py", "Python", 834, 0, 0, 0, 0, 0, 0, 0, 0, 0, 0, 0, 0, 0, 0, 93, 148, 1075
"/home/franco/Documents/GitHub/Simulatore-cpu-x86-64/venv/lib64/python3.12/site-packages/pip/_internal/cli/command_context.py", "Python", 20, 0, 0, 0, 0, 0, 0, 0, 0, 0, 0, 0, 0, 0, 0, 0, 8, 28
"/home/franco/Documents/GitHub/Simulatore-cpu-x86-64/venv/lib64/python3.12/site-packages/pip/_internal/cli/main.py", "Python", 32, 0, 0, 0, 0, 0, 0, 0, 0, 0, 0, 0, 0, 0, 0, 32, 16, 80
"/home/franco/Documents/GitHub/Simulatore-cpu-x86-64/venv/lib64/python3.12/site-packages/pip/_internal/cli/main_parser.py", "Python", 79, 0, 0, 0, 0, 0, 0, 0, 0, 0, 0, 0, 0, 0, 0, 27, 29, 135
"/home/franco/Documents/GitHub/Simulatore-cpu-x86-64/venv/lib64/python3.12/site-packages/pip/_internal/cli/parser.py", "Python", 196, 0, 0, 0, 0, 0, 0, 0, 0, 0, 0, 0, 0, 0, 0, 49, 50, 295
"/home/franco/Documents/GitHub/Simulatore-cpu-x86-64/venv/lib64/python3.12/site-packages/pip/_internal/cli/progress_bars.py", "Python", 55, 0, 0, 0, 0, 0, 0, 0, 0, 0, 0, 0, 0, 0, 0, 4, 10, 69
"/home/franco/Documents/GitHub/Simulatore-cpu-x86-64/venv/lib64/python3.12/site-packages/pip/_internal/cli/req_command.py", "Python", 364, 0, 0, 0, 0, 0, 0, 0, 0, 0, 0, 0, 0, 0, 0, 78, 64, 506
"/home/franco/Documents/GitHub/Simulatore-cpu-x86-64/venv/lib64/python3.12/site-packages/pip/_internal/cli/spinners.py", "Python", 114, 0, 0, 0, 0, 0, 0, 0, 0, 0, 0, 0, 0, 0, 0, 18, 28, 160
"/home/franco/Documents/GitHub/Simulatore-cpu-x86-64/venv/lib64/python3.12/site-packages/pip/_internal/cli/status_codes.py", "Python", 6, 0, 0, 0, 0, 0, 0, 0, 0, 0, 0, 0, 0, 0, 0, 0, 1, 7
"/home/franco/Documents/GitHub/Simulatore-cpu-x86-64/venv/lib64/python3.12/site-packages/pip/_internal/commands/__init__.py", "Python", 106, 0, 0, 0, 0, 0, 0, 0, 0, 0, 0, 0, 0, 0, 0, 14, 13, 133
"/home/franco/Documents/GitHub/Simulatore-cpu-x86-64/venv/lib64/python3.12/site-packages/pip/_internal/commands/cache.py", "Python", 145, 0, 0, 0, 0, 0, 0, 0, 0, 0, 0, 0, 0, 0, 0, 41, 40, 226
"/home/franco/Documents/GitHub/Simulatore-cpu-x86-64/venv/lib64/python3.12/site-packages/pip/_internal/commands/check.py", "Python", 44, 0, 0, 0, 0, 0, 0, 0, 0, 0, 0, 0, 0, 0, 0, 1, 10, 55
"/home/franco/Documents/GitHub/Simulatore-cpu-x86-64/venv/lib64/python3.12/site-packages/pip/_internal/commands/completion.py", "Python", 113, 0, 0, 0, 0, 0, 0, 0, 0, 0, 0, 0, 0, 0, 0, 15, 3, 131
"/home/franco/Documents/GitHub/Simulatore-cpu-x86-64/venv/lib64/python3.12/site-packages/pip/_internal/commands/configuration.py", "Python", 202, 0, 0, 0, 0, 0, 0, 0, 0, 0, 0, 0, 0, 0, 0, 39, 40, 281
"/home/franco/Documents/GitHub/Simulatore-cpu-x86-64/venv/lib64/python3.12/site-packages/pip/_internal/commands/debug.py", "Python", 143, 0, 0, 0, 0, 0, 0, 0, 0, 0, 0, 0, 0, 0, 0, 15, 44, 202
"/home/franco/Documents/GitHub/Simulatore-cpu-x86-64/venv/lib64/python3.12/site-packages/pip/_internal/commands/download.py", "Python", 108, 0, 0, 0, 0, 0, 0, 0, 0, 0, 0, 0, 0, 0, 0, 13, 27, 148
"/home/franco/Documents/GitHub/Simulatore-cpu-x86-64/venv/lib64/python3.12/site-packages/pip/_internal/commands/freeze.py", "Python", 88, 0, 0, 0, 0, 0, 0, 0, 0, 0, 0, 0, 0, 0, 0, 5, 17, 110
"/home/franco/Documents/GitHub/Simulatore-cpu-x86-64/venv/lib64/python3.12/site-packages/pip/_internal/commands/hash.py", "Python", 42, 0, 0, 0, 0, 0, 0, 0, 0, 0, 0, 0, 0, 0, 0, 7, 11, 60
"/home/franco/Documents/GitHub/Simulatore-cpu-x86-64/venv/lib64/python3.12/site-packages/pip/_internal/commands/help.py", "Python", 28, 0, 0, 0, 0, 0, 0, 0, 0, 0, 0, 0, 0, 0, 0, 2, 12, 42
"/home/franco/Documents/GitHub/Simulatore-cpu-x86-64/venv/lib64/python3.12/site-packages/pip/_internal/commands/index.py", "Python", 102, 0, 0, 0, 0, 0, 0, 0, 0, 0, 0, 0, 0, 0, 0, 10, 28, 140
"/home/franco/Documents/GitHub/Simulatore-cpu-x86-64/venv/lib64/python3.12/site-packages/pip/_internal/commands/inspect.py", "Python", 74, 0, 0, 0, 0, 0, 0, 0, 0, 0, 0, 0, 0, 0, 0, 9, 10, 93
"/home/franco/Documents/GitHub/Simulatore-cpu-x86-64/venv/lib64/python3.12/site-packages/pip/_internal/commands/install.py", "Python", 627, 0, 0, 0, 0, 0, 0, 0, 0, 0, 0, 0, 0, 0, 0, 59, 89, 775
"/home/franco/Documents/GitHub/Simulatore-cpu-x86-64/venv/lib64/python3.12/site-packages/pip/_internal/commands/list.py", "Python", 285, 0, 0, 0, 0, 0, 0, 0, 0, 0, 0, 0, 0, 0, 0, 30, 56, 371
"/home/franco/Documents/GitHub/Simulatore-cpu-x86-64/venv/lib64/python3.12/site-packages/pip/_internal/commands/search.py", "Python", 136, 0, 0, 0, 0, 0, 0, 0, 0, 0, 0, 0, 0, 0, 0, 8, 31, 175
"/home/franco/Documents/GitHub/Simulatore-cpu-x86-64/venv/lib64/python3.12/site-packages/pip/_internal/commands/show.py", "Python", 149, 0, 0, 0, 0, 0, 0, 0, 0, 0, 0, 0, 0, 0, 0, 14, 27, 190
"/home/franco/Documents/GitHub/Simulatore-cpu-x86-64/venv/lib64/python3.12/site-packages/pip/_internal/commands/uninstall.py", "Python", 92, 0, 0, 0, 0, 0, 0, 0, 0, 0, 0, 0, 0, 0, 0, 9, 13, 114
"/home/franco/Documents/GitHub/Simulatore-cpu-x86-64/venv/lib64/python3.12/site-packages/pip/_internal/commands/wheel.py", "Python", 143, 0, 0, 0, 0, 0, 0, 0, 0, 0, 0, 0, 0, 0, 0, 13, 28, 184
"/home/franco/Documents/GitHub/Simulatore-cpu-x86-64/venv/lib64/python3.12/site-packages/pip/_internal/configuration.py", "Python", 233, 0, 0, 0, 0, 0, 0, 0, 0, 0, 0, 0, 0, 0, 0, 85, 66, 384
"/home/franco/Documents/GitHub/Simulatore-cpu-x86-64/venv/lib64/python3.12/site-packages/pip/_internal/distributions/__init__.py", "Python", 12, 0, 0, 0, 0, 0, 0, 0, 0, 0, 0, 0, 0, 0, 0, 5, 5, 22
"/home/franco/Documents/GitHub/Simulatore-cpu-x86-64/venv/lib64/python3.12/site-packages/pip/_internal/distributions/base.py", "Python", 23, 0, 0, 0, 0, 0, 0, 0, 0, 0, 0, 0, 0, 0, 0, 21, 8, 52
"/home/franco/Documents/GitHub/Simulatore-cpu-x86-64/venv/lib64/python3.12/site-packages/pip/_internal/distributions/installed.py", "Python", 18, 0, 0, 0, 0, 0, 0, 0, 0, 0, 0, 0, 0, 0, 0, 5, 7, 30
"/home/franco/Documents/GitHub/Simulatore-cpu-x86-64/venv/lib64/python3.12/site-packages/pip/_internal/distributions/sdist.py", "Python", 117, 0, 0, 0, 0, 0, 0, 0, 0, 0, 0, 0, 0, 0, 0, 24, 16, 157
"/home/franco/Documents/GitHub/Simulatore-cpu-x86-64/venv/lib64/python3.12/site-packages/pip/_internal/distributions/wheel.py", "Python", 25, 0, 0, 0, 0, 0, 0, 0, 0, 0, 0, 0, 0, 0, 0, 8, 8, 41
"/home/franco/Documents/GitHub/Simulatore-cpu-x86-64/venv/lib64/python3.12/site-packages/pip/_internal/exceptions.py", "Python", 383, 0, 0, 0, 0, 0, 0, 0, 0, 0, 0, 0, 0, 0, 0, 211, 135, 729
"/home/franco/Documents/GitHub/Simulatore-cpu-x86-64/venv/lib64/python3.12/site-packages/pip/_internal/index/__init__.py", "Python", 0, 0, 0, 0, 0, 0, 0, 0, 0, 0, 0, 0, 0, 0, 0, 2, 1, 3
"/home/franco/Documents/GitHub/Simulatore-cpu-x86-64/venv/lib64/python3.12/site-packages/pip/_internal/index/collector.py", "Python", 332, 0, 0, 0, 0, 0, 0, 0, 0, 0, 0, 0, 0, 0, 0, 96, 80, 508
"/home/franco/Documents/GitHub/Simulatore-cpu-x86-64/venv/lib64/python3.12/site-packages/pip/_internal/index/package_finder.py", "Python", 657, 0, 0, 0, 0, 0, 0, 0, 0, 0, 0, 0, 0, 0, 0, 248, 123, 1028
"/home/franco/Documents/GitHub/Simulatore-cpu-x86-64/venv/lib64/python3.12/site-packages/pip/_internal/index/sources.py", "Python", 197, 0, 0, 0, 0, 0, 0, 0, 0, 0, 0, 0, 0, 0, 0, 37, 52, 286
"/home/franco/Documents/GitHub/Simulatore-cpu-x86-64/venv/lib64/python3.12/site-packages/pip/_internal/locations/__init__.py", "Python", 303, 0, 0, 0, 0, 0, 0, 0, 0, 0, 0, 0, 0, 0, 0, 88, 77, 468
"/home/franco/Documents/GitHub/Simulatore-cpu-x86-64/venv/lib64/python3.12/site-packages/pip/_internal/locations/_distutils.py", "Python", 107, 0, 0, 0, 0, 0, 0, 0, 0, 0, 0, 0, 0, 0, 0, 42, 24, 173
"/home/franco/Documents/GitHub/Simulatore-cpu-x86-64/venv/lib64/python3.12/site-packages/pip/_internal/locations/_sysconfig.py", "Python", 119, 0, 0, 0, 0, 0, 0, 0, 0, 0, 0, 0, 0, 0, 0, 63, 32, 214
"/home/franco/Documents/GitHub/Simulatore-cpu-x86-64/venv/lib64/python3.12/site-packages/pip/_internal/locations/base.py", "Python", 45, 0, 0, 0, 0, 0, 0, 0, 0, 0, 0, 0, 0, 0, 0, 20, 17, 82
"/home/franco/Documents/GitHub/Simulatore-cpu-x86-64/venv/lib64/python3.12/site-packages/pip/_internal/main.py", "Python", 4, 0, 0, 0, 0, 0, 0, 0, 0, 0, 0, 0, 0, 0, 0, 5, 4, 13
"/home/franco/Documents/GitHub/Simulatore-cpu-x86-64/venv/lib64/python3.12/site-packages/pip/_internal/metadata/__init__.py", "Python", 58, 0, 0, 0, 0, 0, 0, 0, 0, 0, 0, 0, 0, 0, 0, 47, 24, 129
"/home/franco/Documents/GitHub/Simulatore-cpu-x86-64/venv/lib64/python3.12/site-packages/pip/_internal/metadata/_json.py", "Python", 67, 0, 0, 0, 0, 0, 0, 0, 0, 0, 0, 0, 0, 0, 0, 7, 11, 85
"/home/franco/Documents/GitHub/Simulatore-cpu-x86-64/venv/lib64/python3.12/site-packages/pip/_internal/metadata/base.py", "Python", 378, 0, 0, 0, 0, 0, 0, 0, 0, 0, 0, 0, 0, 0, 0, 247, 78, 703
"/home/franco/Documents/GitHub/Simulatore-cpu-x86-64/venv/lib64/python3.12/site-packages/pip/_internal/metadata/importlib/__init__.py", "Python", 4, 0, 0, 0, 0, 0, 0, 0, 0, 0, 0, 0, 0, 0, 0, 0, 3, 7
"/home/franco/Documents/GitHub/Simulatore-cpu-x86-64/venv/lib64/python3.12/site-packages/pip/_internal/metadata/importlib/_compat.py", "Python", 22, 0, 0, 0, 0, 0, 0, 0, 0, 0, 0, 0, 0, 0, 0, 22, 12, 56
"/home/franco/Documents/GitHub/Simulatore-cpu-x86-64/venv/lib64/python3.12/site-packages/pip/_internal/metadata/importlib/_dists.py", "Python", 174, 0, 0, 0, 0, 0, 0, 0, 0, 0, 0, 0, 0, 0, 0, 25, 29, 228
"/home/franco/Documents/GitHub/Simulatore-cpu-x86-64/venv/lib64/python3.12/site-packages/pip/_internal/metadata/importlib/_envs.py", "Python", 123, 0, 0, 0, 0, 0, 0, 0, 0, 0, 0, 0, 0, 0, 0, 38, 29, 190
"/home/franco/Documents/GitHub/Simulatore-cpu-x86-64/venv/lib64/python3.12/site-packages/pip/_internal/metadata/pkg_resources.py", "Python", 201, 0, 0, 0, 0, 0, 0, 0, 0, 0, 0, 0, 0, 0, 0, 30, 48, 279
"/home/franco/Documents/GitHub/Simulatore-cpu-x86-64/venv/lib64/python3.12/site-packages/pip/_internal/models/__init__.py", "Python", 0, 0, 0, 0, 0, 0, 0, 0, 0, 0, 0, 0, 0, 0, 0, 2, 1, 3
"/home/franco/Documents/GitHub/Simulatore-cpu-x86-64/venv/lib64/python3.12/site-packages/pip/_internal/models/candidate.py", "Python", 21, 0, 0, 0, 0, 0, 0, 0, 0, 0, 0, 0, 0, 0, 0, 1, 9, 31
"/home/franco/Documents/GitHub/Simulatore-cpu-x86-64/venv/lib64/python3.12/site-packages/pip/_internal/models/direct_url.py", "Python", 183, 0, 0, 0, 0, 0, 0, 0, 0, 0, 0, 0, 0, 0, 0, 10, 43, 236
"/home/franco/Documents/GitHub/Simulatore-cpu-x86-64/venv/lib64/python3.12/site-packages/pip/_internal/models/format_control.py", "Python", 62, 0, 0, 0, 0, 0, 0, 0, 0, 0, 0, 0, 0, 0, 0, 2, 15, 79
"/home/franco/Documents/GitHub/Simulatore-cpu-x86-64/venv/lib64/python3.12/site-packages/pip/_internal/models/index.py", "Python", 16, 0, 0, 0, 0, 0, 0, 0, 0, 0, 0, 0, 0, 0, 0, 4, 9, 29
"/home/franco/Documents/GitHub/Simulatore-cpu-x86-64/venv/lib64/python3.12/site-packages/pip/_internal/models/installation_report.py", "Python", 29, 0, 0, 0, 0, 0, 0, 0, 0, 0, 0, 0, 0, 0, 0, 21, 7, 57
"/home/franco/Documents/GitHub/Simulatore-cpu-x86-64/venv/lib64/python3.12/site-packages/pip/_internal/models/link.py", "Python", 341, 0, 0, 0, 0, 0, 0, 0, 0, 0, 0, 0, 0, 0, 0, 145, 94, 580
"/home/franco/Documents/GitHub/Simulatore-cpu-x86-64/venv/lib64/python3.12/site-packages/pip/_internal/models/scheme.py", "Python", 16, 0, 0, 0, 0, 0, 0, 0, 0, 0, 0, 0, 0, 0, 0, 9, 7, 32
"/home/franco/Documents/GitHub/Simulatore-cpu-x86-64/venv/lib64/python3.12/site-packages/pip/_internal/models/search_scope.py", "Python", 83, 0, 0, 0, 0, 0, 0, 0, 0, 0, 0, 0, 0, 0, 0, 29, 21, 133
"/home/franco/Documents/GitHub/Simulatore-cpu-x86-64/venv/lib64/python3.12/site-packages/pip/_internal/models/selection_prefs.py", "Python", 25, 0, 0, 0, 0, 0, 0, 0, 0, 0, 0, 0, 0, 0, 0, 20, 7, 52
"/home/franco/Documents/GitHub/Simulatore-cpu-x86-64/venv/lib64/python3.12/site-packages/pip/_internal/models/target_python.py", "Python", 70, 0, 0, 0, 0, 0, 0, 0, 0, 0, 0, 0, 0, 0, 0, 34, 19, 123
"/home/franco/Documents/GitHub/Simulatore-cpu-x86-64/venv/lib64/python3.12/site-packages/pip/_internal/models/wheel.py", "Python", 39, 0, 0, 0, 0, 0, 0, 0, 0, 0, 0, 0, 0, 0, 0, 42, 12, 93
"/home/franco/Documents/GitHub/Simulatore-cpu-x86-64/venv/lib64/python3.12/site-packages/pip/_internal/network/__init__.py", "Python", 0, 0, 0, 0, 0, 0, 0, 0, 0, 0, 0, 0, 0, 0, 0, 2, 1, 3
"/home/franco/Documents/GitHub/Simulatore-cpu-x86-64/venv/lib64/python3.12/site-packages/pip/_internal/network/auth.py", "Python", 352, 0, 0, 0, 0, 0, 0, 0, 0, 0, 0, 0, 0, 0, 0, 113, 97, 562
"/home/franco/Documents/GitHub/Simulatore-cpu-x86-64/venv/lib64/python3.12/site-packages/pip/_internal/network/cache.py", "Python", 61, 0, 0, 0, 0, 0, 0, 0, 0, 0, 0, 0, 0, 0, 0, 26, 20, 107
"/home/franco/Documents/GitHub/Simulatore-cpu-x86-64/venv/lib64/python3.12/site-packages/pip/_internal/network/download.py", "Python", 136, 0, 0, 0, 0, 0, 0, 0, 0, 0, 0, 0, 0, 0, 0, 17, 34, 187
"/home/franco/Documents/GitHub/Simulatore-cpu-x86-64/venv/lib64/python3.12/site-packages/pip/_internal/network/lazy_wheel.py", "Python", 116, 0, 0, 0, 0, 0, 0, 0, 0, 0, 0, 0, 0, 0, 0, 65, 30, 211
"/home/franco/Documents/GitHub/Simulatore-cpu-x86-64/venv/lib64/python3.12/site-packages/pip/_internal/network/session.py", "Python", 331, 0, 0, 0, 0, 0, 0, 0, 0, 0, 0, 0, 0, 0, 0, 110, 80, 521
"/home/franco/Documents/GitHub/Simulatore-cpu-x86-64/venv/lib64/python3.12/site-packages/pip/_internal/network/utils.py", "Python", 38, 0, 0, 0, 0, 0, 0, 0, 0, 0, 0, 0, 0, 0, 0, 48, 11, 97
"/home/franco/Documents/GitHub/Simulatore-cpu-x86-64/venv/lib64/python3.12/site-packages/pip/_internal/network/xmlrpc.py", "Python", 48, 0, 0, 0, 0, 0, 0, 0, 0, 0, 0, 0, 0, 0, 0, 5, 10, 63
"/home/franco/Documents/GitHub/Simulatore-cpu-x86-64/venv/lib64/python3.12/site-packages/pip/_internal/operations/__init__.py", "Python", 0, 0, 0, 0, 0, 0, 0, 0, 0, 0, 0, 0, 0, 0, 0, 0, 1, 1
"/home/franco/Documents/GitHub/Simulatore-cpu-x86-64/venv/lib64/python3.12/site-packages/pip/_internal/operations/build/__init__.py", "Python", 0, 0, 0, 0, 0, 0, 0, 0, 0, 0, 0, 0, 0, 0, 0, 0, 1, 1
"/home/franco/Documents/GitHub/Simulatore-cpu-x86-64/venv/lib64/python3.12/site-packages/pip/_internal/operations/build/build_tracker.py", "Python", 88, 0, 0, 0, 0, 0, 0, 0, 0, 0, 0, 0, 0, 0, 0, 22, 30, 140
"/home/franco/Documents/GitHub/Simulatore-cpu-x86-64/venv/lib64/python3.12/site-packages/pip/_internal/operations/build/metadata.py", "Python", 22, 0, 0, 0, 0, 0, 0, 0, 0, 0, 0, 0, 0, 0, 0, 9, 9, 40
"/home/franco/Documents/GitHub/Simulatore-cpu-x86-64/venv/lib64/python3.12/site-packages/pip/_internal/operations/build/metadata_editable.py", "Python", 24, 0, 0, 0, 0, 0, 0, 0, 0, 0, 0, 0, 0, 0, 0, 9, 9, 42
"/home/franco/Documents/GitHub/Simulatore-cpu-x86-64/venv/lib64/python3.12/site-packages/pip/_internal/operations/build/metadata_legacy.py", "Python", 52, 0, 0, 0, 0, 0, 0, 0, 0, 0, 0, 0, 0, 0, 0, 8, 15, 75
"/home/franco/Documents/GitHub/Simulatore-cpu-x86-64/venv/lib64/python3.12/site-packages/pip/_internal/operations/build/wheel.py", "Python", 27, 0, 0, 0, 0, 0, 0, 0, 0, 0, 0, 0, 0, 0, 0, 4, 7, 38
"/home/franco/Documents/GitHub/Simulatore-cpu-x86-64/venv/lib64/python3.12/site-packages/pip/_internal/operations/build/wheel_editable.py", "Python", 36, 0, 0, 0, 0, 0, 0, 0, 0, 0, 0, 0, 0, 0, 0, 4, 7, 47
"/home/franco/Documents/GitHub/Simulatore-cpu-x86-64/venv/lib64/python3.12/site-packages/pip/_internal/operations/build/wheel_legacy.py", "Python", 80, 0, 0, 0, 0, 0, 0, 0, 0, 0, 0, 0, 0, 0, 0, 7, 16, 103
"/home/franco/Documents/GitHub/Simulatore-cpu-x86-64/venv/lib64/python3.12/site-packages/pip/_internal/operations/check.py", "Python", 127, 0, 0, 0, 0, 0, 0, 0, 0, 0, 0, 0, 0, 0, 0, 22, 39, 188
"/home/franco/Documents/GitHub/Simulatore-cpu-x86-64/venv/lib64/python3.12/site-packages/pip/_internal/operations/freeze.py", "Python", 210, 0, 0, 0, 0, 0, 0, 0, 0, 0, 0, 0, 0, 0, 0, 16, 30, 256
"/home/franco/Documents/GitHub/Simulatore-cpu-x86-64/venv/lib64/python3.12/site-packages/pip/_internal/operations/install/__init__.py", "Python", 0, 0, 0, 0, 0, 0, 0, 0, 0, 0, 0, 0, 0, 0, 0, 2, 1, 3
"/home/franco/Documents/GitHub/Simulatore-cpu-x86-64/venv/lib64/python3.12/site-packages/pip/_internal/operations/install/editable_legacy.py", "Python", 35, 0, 0, 0, 0, 0, 0, 0, 0, 0, 0, 0, 0, 0, 0, 5, 7, 47
"/home/franco/Documents/GitHub/Simulatore-cpu-x86-64/venv/lib64/python3.12/site-packages/pip/_internal/operations/install/wheel.py", "Python", 478, 0, 0, 0, 0, 0, 0, 0, 0, 0, 0, 0, 0, 0, 0, 142, 115, 735
"/home/franco/Documents/GitHub/Simulatore-cpu-x86-64/venv/lib64/python3.12/site-packages/pip/_internal/operations/prepare.py", "Python", 506, 0, 0, 0, 0, 0, 0, 0, 0, 0, 0, 0, 0, 0, 0, 137, 88, 731
"/home/franco/Documents/GitHub/Simulatore-cpu-x86-64/venv/lib64/python3.12/site-packages/pip/_internal/pyproject.py", "Python", 87, 0, 0, 0, 0, 0, 0, 0, 0, 0, 0, 0, 0, 0, 0, 66, 27, 180
"/home/franco/Documents/GitHub/Simulatore-cpu-x86-64/venv/lib64/python3.12/site-packages/pip/_internal/req/__init__.py", "Python", 69, 0, 0, 0, 0, 0, 0, 0, 0, 0, 0, 0, 0, 0, 0, 6, 18, 93
"/home/franco/Documents/GitHub/Simulatore-cpu-x86-64/venv/lib64/python3.12/site-packages/pip/_internal/req/constructors.py", "Python", 415, 0, 0, 0, 0, 0, 0, 0, 0, 0, 0, 0, 0, 0, 0, 92, 70, 577
"/home/franco/Documents/GitHub/Simulatore-cpu-x86-64/venv/lib64/python3.12/site-packages/pip/_internal/req/req_file.py", "Python", 363, 0, 0, 0, 0, 0, 0, 0, 0, 0, 0, 0, 0, 0, 0, 108, 84, 555
"/home/franco/Documents/GitHub/Simulatore-cpu-x86-64/venv/lib64/python3.12/site-packages/pip/_internal/req/req_install.py", "Python", 673, 0, 0, 0, 0, 0, 0, 0, 0, 0, 0, 0, 0, 0, 0, 157, 94, 924
"/home/franco/Documents/GitHub/Simulatore-cpu-x86-64/venv/lib64/python3.12/site-packages/pip/_internal/req/req_set.py", "Python", 92, 0, 0, 0, 0, 0, 0, 0, 0, 0, 0, 0, 0, 0, 0, 6, 22, 120
"/home/franco/Documents/GitHub/Simulatore-cpu-x86-64/venv/lib64/python3.12/site-packages/pip/_internal/req/req_uninstall.py", "Python", 437, 0, 0, 0, 0, 0, 0, 0, 0, 0, 0, 0, 0, 0, 0, 119, 94, 650
"/home/franco/Documents/GitHub/Simulatore-cpu-x86-64/venv/lib64/python3.12/site-packages/pip/_internal/resolution/__init__.py", "Python", 0, 0, 0, 0, 0, 0, 0, 0, 0, 0, 0, 0, 0, 0, 0, 0, 1, 1
"/home/franco/Documents/GitHub/Simulatore-cpu-x86-64/venv/lib64/python3.12/site-packages/pip/_internal/resolution/base.py", "Python", 15, 0, 0, 0, 0, 0, 0, 0, 0, 0, 0, 0, 0, 0, 0, 0, 6, 21
"/home/franco/Documents/GitHub/Simulatore-cpu-x86-64/venv/lib64/python3.12/site-packages/pip/_internal/resolution/legacy/__init__.py", "Python", 0, 0, 0, 0, 0, 0, 0, 0, 0, 0, 0, 0, 0, 0, 0, 0, 1, 1
"/home/franco/Documents/GitHub/Simulatore-cpu-x86-64/venv/lib64/python3.12/site-packages/pip/_internal/resolution/legacy/resolver.py", "Python", 368, 0, 0, 0, 0, 0, 0, 0, 0, 0, 0, 0, 0, 0, 0, 165, 66, 599
"/home/franco/Documents/GitHub/Simulatore-cpu-x86-64/venv/lib64/python3.12/site-packages/pip/_internal/resolution/resolvelib/__init__.py", "Python", 0, 0, 0, 0, 0, 0, 0, 0, 0, 0, 0, 0, 0, 0, 0, 0, 1, 1
"/home/franco/Documents/GitHub/Simulatore-cpu-x86-64/venv/lib64/python3.12/site-packages/pip/_internal/resolution/resolvelib/base.py", "Python", 85, 0, 0, 0, 0, 0, 0, 0, 0, 0, 0, 0, 0, 0, 0, 26, 31, 142
"/home/franco/Documents/GitHub/Simulatore-cpu-x86-64/venv/lib64/python3.12/site-packages/pip/_internal/resolution/resolvelib/candidates.py", "Python", 418, 0, 0, 0, 0, 0, 0, 0, 0, 0, 0, 0, 0, 0, 0, 89, 91, 598
"/home/franco/Documents/GitHub/Simulatore-cpu-x86-64/venv/lib64/python3.12/site-packages/pip/_internal/resolution/resolvelib/factory.py", "Python", 620, 0, 0, 0, 0, 0, 0, 0, 0, 0, 0, 0, 0, 0, 0, 116, 77, 813
"/home/franco/Documents/GitHub/Simulatore-cpu-x86-64/venv/lib64/python3.12/site-packages/pip/_internal/resolution/resolvelib/found_candidates.py", "Python", 80, 0, 0, 0, 0, 0, 0, 0, 0, 0, 0, 0, 0, 0, 0, 56, 20, 156
"/home/franco/Documents/GitHub/Simulatore-cpu-x86-64/venv/lib64/python3.12/site-packages/pip/_internal/resolution/resolvelib/provider.py", "Python", 152, 0, 0, 0, 0, 0, 0, 0, 0, 0, 0, 0, 0, 0, 0, 75, 29, 256
"/home/franco/Documents/GitHub/Simulatore-cpu-x86-64/venv/lib64/python3.12/site-packages/pip/_internal/resolution/resolvelib/reporter.py", "Python", 59, 0, 0, 0, 0, 0, 0, 0, 0, 0, 0, 0, 0, 0, 0, 2, 20, 81
"/home/franco/Documents/GitHub/Simulatore-cpu-x86-64/venv/lib64/python3.12/site-packages/pip/_internal/resolution/resolvelib/requirements.py", "Python", 104, 0, 0, 0, 0, 0, 0, 0, 0, 0, 0, 0, 0, 0, 0, 18, 45, 167
"/home/franco/Documents/GitHub/Simulatore-cpu-x86-64/venv/lib64/python3.12/site-packages/pip/_internal/resolution/resolvelib/resolver.py", "Python", 204, 0, 0, 0, 0, 0, 0, 0, 0, 0, 0, 0, 0, 0, 0, 77, 37, 318
"/home/franco/Documents/GitHub/Simulatore-cpu-x86-64/venv/lib64/python3.12/site-packages/pip/_internal/self_outdated_check.py", "Python", 171, 0, 0, 0, 0, 0, 0, 0, 0, 0, 0, 0, 0, 0, 0, 33, 45, 249
"/home/franco/Documents/GitHub/Simulatore-cpu-x86-64/venv/lib64/python3.12/site-packages/pip/_internal/utils/__init__.py", "Python", 0, 0, 0, 0, 0, 0, 0, 0, 0, 0, 0, 0, 0, 0, 0, 0, 1, 1
"/home/franco/Documents/GitHub/Simulatore-cpu-x86-64/venv/lib64/python3.12/site-packages/pip/_internal/utils/_jaraco_text.py", "Python", 39, 0, 0, 0, 0, 0, 0, 0, 0, 0, 0, 0, 0, 0, 0, 57, 14, 110
"/home/franco/Documents/GitHub/Simulatore-cpu-x86-64/venv/lib64/python3.12/site-packages/pip/_internal/utils/_log.py", "Python", 11, 0, 0, 0, 0, 0, 0, 0, 0, 0, 0, 0, 0, 0, 0, 18, 10, 39
"/home/franco/Documents/GitHub/Simulatore-cpu-x86-64/venv/lib64/python3.12/site-packages/pip/_internal/utils/appdirs.py", "Python", 25, 0, 0, 0, 0, 0, 0, 0, 0, 0, 0, 0, 0, 0, 0, 12, 16, 53
"/home/franco/Documents/GitHub/Simulatore-cpu-x86-64/venv/lib64/python3.12/site-packages/pip/_internal/utils/compat.py", "Python", 26, 0, 0, 0, 0, 0, 0, 0, 0, 0, 0, 0, 0, 0, 0, 22, 16, 64
"/home/franco/Documents/GitHub/Simulatore-cpu-x86-64/venv/lib64/python3.12/site-packages/pip/_internal/utils/compatibility_tags.py", "Python", 108, 0, 0, 0, 0, 0, 0, 0, 0, 0, 0, 0, 0, 0, 0, 30, 28, 166
"/home/franco/Documents/GitHub/Simulatore-cpu-x86-64/venv/lib64/python3.12/site-packages/pip/_internal/utils/datetime.py", "Python", 5, 0, 0, 0, 0, 0, 0, 0, 0, 0, 0, 0, 0, 0, 0, 2, 5, 12
"/home/franco/Documents/GitHub/Simulatore-cpu-x86-64/venv/lib64/python3.12/site-packages/pip/_internal/utils/deprecation.py", "Python", 71, 0, 0, 0, 0, 0, 0, 0, 0, 0, 0, 0, 0, 0, 0, 28, 22, 121
"/home/franco/Documents/GitHub/Simulatore-cpu-x86-64/venv/lib64/python3.12/site-packages/pip/_internal/utils/direct_url_helpers.py", "Python", 70, 0, 0, 0, 0, 0, 0, 0, 0, 0, 0, 0, 0, 0, 0, 10, 8, 88
"/home/franco/Documents/GitHub/Simulatore-cpu-x86-64/venv/lib64/python3.12/site-packages/pip/_internal/utils/egg_link.py", "Python", 43, 0, 0, 0, 0, 0, 0, 0, 0, 0, 0, 0, 0, 0, 0, 28, 10, 81
"/home/franco/Documents/GitHub/Simulatore-cpu-x86-64/venv/lib64/python3.12/site-packages/pip/_internal/utils/encoding.py", "Python", 28, 0, 0, 0, 0, 0, 0, 0, 0, 0, 0, 0, 0, 0, 0, 4, 5, 37
"/home/franco/Documents/GitHub/Simulatore-cpu-x86-64/venv/lib64/python3.12/site-packages/pip/_internal/utils/entrypoints.py", "Python", 54, 0, 0, 0, 0, 0, 0, 0, 0, 0, 0, 0, 0, 0, 0, 18, 13, 85
"/home/franco/Documents/GitHub/Simulatore-cpu-x86-64/venv/lib64/python3.12/site-packages/pip/_internal/utils/filesystem.py", "Python", 93, 0, 0, 0, 0, 0, 0, 0, 0, 0, 0, 0, 0, 0, 0, 32, 29, 154
"/home/franco/Documents/GitHub/Simulatore-cpu-x86-64/venv/lib64/python3.12/site-packages/pip/_internal/utils/filetypes.py", "Python", 19, 0, 0, 0, 0, 0, 0, 0, 0, 0, 0, 0, 0, 0, 0, 3, 6, 28
"/home/franco/Documents/GitHub/Simulatore-cpu-x86-64/venv/lib64/python3.12/site-packages/pip/_internal/utils/glibc.py", "Python", 40, 0, 0, 0, 0, 0, 0, 0, 0, 0, 0, 0, 0, 0, 0, 36, 13, 89
"/home/franco/Documents/GitHub/Simulatore-cpu-x86-64/venv/lib64/python3.12/site-packages/pip/_internal/utils/hashes.py", "Python", 81, 0, 0, 0, 0, 0, 0, 0, 0, 0, 0, 0, 0, 0, 0, 41, 30, 152
"/home/franco/Documents/GitHub/Simulatore-cpu-x86-64/venv/lib64/python3.12/site-packages/pip/_internal/utils/logging.py", "Python", 246, 0, 0, 0, 0, 0, 0, 0, 0, 0, 0, 0, 0, 0, 0, 51, 52, 349
"/home/franco/Documents/GitHub/Simulatore-cpu-x86-64/venv/lib64/python3.12/site-packages/pip/_internal/utils/misc.py", "Python", 478, 0, 0, 0, 0, 0, 0, 0, 0, 0, 0, 0, 0, 0, 0, 170, 136, 784
"/home/franco/Documents/GitHub/Simulatore-cpu-x86-64/venv/lib64/python3.12/site-packages/pip/_internal/utils/models.py", "Python", 23, 0, 0, 0, 0, 0, 0, 0, 0, 0, 0, 0, 0, 0, 0, 3, 14, 40
"/home/franco/Documents/GitHub/Simulatore-cpu-x86-64/venv/lib64/python3.12/site-packages/pip/_internal/utils/packaging.py", "Python", 21, 0, 0, 0, 0, 0, 0, 0, 0, 0, 0, 0, 0, 0, 0, 26, 11, 58
"/home/franco/Documents/GitHub/Simulatore-cpu-x86-64/venv/lib64/python3.12/site-packages/pip/_internal/utils/setuptools_build.py", "Python", 74, 0, 0, 0, 0, 0, 0, 0, 0, 0, 0, 0, 0, 0, 0, 53, 20, 147
"/home/franco/Documents/GitHub/Simulatore-cpu-x86-64/venv/lib64/python3.12/site-packages/pip/_internal/utils/subprocess.py", "Python", 171, 0, 0, 0, 0, 0, 0, 0, 0, 0, 0, 0, 0, 0, 0, 66, 24, 261
"/home/franco/Documents/GitHub/Simulatore-cpu-x86-64/venv/lib64/python3.12/site-packages/pip/_internal/utils/temp_dir.py", "Python", 175, 0, 0, 0, 0, 0, 0, 0, 0, 0, 0, 0, 0, 0, 0, 74, 48, 297
"/home/franco/Documents/GitHub/Simulatore-cpu-x86-64/venv/lib64/python3.12/site-packages/pip/_internal/utils/unpacking.py", "Python", 187, 0, 0, 0, 0, 0, 0, 0, 0, 0, 0, 0, 0, 0, 0, 42, 29, 258
"/home/franco/Documents/GitHub/Simulatore-cpu-x86-64/venv/lib64/python3.12/site-packages/pip/_internal/utils/urls.py", "Python", 38, 0, 0, 0, 0, 0, 0, 0, 0, 0, 0, 0, 0, 0, 0, 12, 13, 63
"/home/franco/Documents/GitHub/Simulatore-cpu-x86-64/venv/lib64/python3.12/site-packages/pip/_internal/utils/virtualenv.py", "Python", 50, 0, 0, 0, 0, 0, 0, 0, 0, 0, 0, 0, 0, 0, 0, 36, 19, 105
"/home/franco/Documents/GitHub/Simulatore-cpu-x86-64/venv/lib64/python3.12/site-packages/pip/_internal/utils/wheel.py", "Python", 68, 0, 0, 0, 0, 0, 0, 0, 0, 0, 0, 0, 0, 0, 0, 36, 31, 135
"/home/franco/Documents/GitHub/Simulatore-cpu-x86-64/venv/lib64/python3.12/site-packages/pip/_internal/vcs/__init__.py", "Python", 11, 0, 0, 0, 0, 0, 0, 0, 0, 0, 0, 0, 0, 0, 0, 4, 1, 16
"/home/franco/Documents/GitHub/Simulatore-cpu-x86-64/venv/lib64/python3.12/site-packages/pip/_internal/vcs/bazaar.py", "Python", 93, 0, 0, 0, 0, 0, 0, 0, 0, 0, 0, 0, 0, 0, 0, 4, 16, 113
"/home/franco/Documents/GitHub/Simulatore-cpu-x86-64/venv/lib64/python3.12/site-packages/pip/_internal/vcs/git.py", "Python", 138, 0, 0, 0, 0, 0, 0, 0, 0, 0, 0, 0, 0, 0, 0, 372, 17, 527
"/home/franco/Documents/GitHub/Simulatore-cpu-x86-64/venv/lib64/python3.12/site-packages/pip/_internal/vcs/mercurial.py", "Python", 134, 0, 0, 0, 0, 0, 0, 0, 0, 0, 0, 0, 0, 0, 0, 13, 17, 164
"/home/franco/Documents/GitHub/Simulatore-cpu-x86-64/venv/lib64/python3.12/site-packages/pip/_internal/vcs/subversion.py", "Python", 209, 0, 0, 0, 0, 0, 0, 0, 0, 0, 0, 0, 0, 0, 0, 74, 42, 325
"/home/franco/Documents/GitHub/Simulatore-cpu-x86-64/venv/lib64/python3.12/site-packages/pip/_internal/vcs/versioncontrol.py", "Python", 392, 0, 0, 0, 0, 0, 0, 0, 0, 0, 0, 0, 0, 0, 0, 224, 90, 706
"/home/franco/Documents/GitHub/Simulatore-cpu-x86-64/venv/lib64/python3.12/site-packages/pip/_internal/wheel_builder.py", "Python", 269, 0, 0, 0, 0, 0, 0, 0, 0, 0, 0, 0, 0, 0, 0, 43, 43, 355
"/home/franco/Documents/GitHub/Simulatore-cpu-x86-64/venv/lib64/python3.12/site-packages/pip/_vendor/__init__.py", "Python", 79, 0, 0, 0, 0, 0, 0, 0, 0, 0, 0, 0, 0, 0, 0, 33, 10, 122
"/home/franco/Documents/GitHub/Simulatore-cpu-x86-64/venv/lib64/python3.12/site-packages/pip/_vendor/cachecontrol/__init__.py", "Python", 16, 0, 0, 0, 0, 0, 0, 0, 0, 0, 0, 0, 0, 0, 0, 7, 6, 29
"/home/franco/Documents/GitHub/Simulatore-cpu-x86-64/venv/lib64/python3.12/site-packages/pip/_vendor/cachecontrol/_cmd.py", "Python", 43, 0, 0, 0, 0, 0, 0, 0, 0, 0, 0, 0, 0, 0, 0, 7, 21, 71
"/home/franco/Documents/GitHub/Simulatore-cpu-x86-64/venv/lib64/python3.12/site-packages/pip/_vendor/cachecontrol/adapter.py", "Python", 105, 0, 0, 0, 0, 0, 0, 0, 0, 0, 0, 0, 0, 0, 0, 30, 27, 162
"/home/franco/Documents/GitHub/Simulatore-cpu-x86-64/venv/lib64/python3.12/site-packages/pip/_vendor/cachecontrol/cache.py", "Python", 36, 0, 0, 0, 0, 0, 0, 0, 0, 0, 0, 0, 0, 0, 0, 21, 18, 75
"/home/franco/Documents/GitHub/Simulatore-cpu-x86-64/venv/lib64/python3.12/site-packages/pip/_vendor/cachecontrol/caches/__init__.py", "Python", 3, 0, 0, 0, 0, 0, 0, 0, 0, 0, 0, 0, 0, 0, 0, 3, 3, 9
"/home/franco/Documents/GitHub/Simulatore-cpu-x86-64/venv/lib64/python3.12/site-packages/pip/_vendor/cachecontrol/caches/file_cache.py", "Python", 102, 0, 0, 0, 0, 0, 0, 0, 0, 0, 0, 0, 0, 0, 0, 44, 36, 182
"/home/franco/Documents/GitHub/Simulatore-cpu-x86-64/venv/lib64/python3.12/site-packages/pip/_vendor/cachecontrol/caches/redis_cache.py", "Python", 31, 0, 0, 0, 0, 0, 0, 0, 0, 0, 0, 0, 0, 0, 0, 6, 12, 49
"/home/franco/Documents/GitHub/Simulatore-cpu-x86-64/venv/lib64/python3.12/site-packages/pip/_vendor/cachecontrol/controller.py", "Python", 321, 0, 0, 0, 0, 0, 0, 0, 0, 0, 0, 0, 0, 0, 0, 97, 77, 495
"/home/franco/Documents/GitHub/Simulatore-cpu-x86-64/venv/lib64/python3.12/site-packages/pip/_vendor/cachecontrol/filewrapper.py", "Python", 54, 0, 0, 0, 0, 0, 0, 0, 0, 0, 0, 0, 0, 0, 0, 46, 20, 120
"/home/franco/Documents/GitHub/Simulatore-cpu-x86-64/venv/lib64/python3.12/site-packages/pip/_vendor/cachecontrol/heuristics.py", "Python", 85, 0, 0, 0, 0, 0, 0, 0, 0, 0, 0, 0, 0, 0, 0, 35, 35, 155
"/home/franco/Documents/GitHub/Simulatore-cpu-x86-64/venv/lib64/python3.12/site-packages/pip/_vendor/cachecontrol/serialize.py", "Python", 132, 0, 0, 0, 0, 0, 0, 0, 0, 0, 0, 0, 0, 0, 0, 43, 32, 207
"/home/franco/Documents/GitHub/Simulatore-cpu-x86-64/venv/lib64/python3.12/site-packages/pip/_vendor/cachecontrol/wrapper.py", "Python", 33, 0, 0, 0, 0, 0, 0, 0, 0, 0, 0, 0, 0, 0, 0, 3, 8, 44
"/home/franco/Documents/GitHub/Simulatore-cpu-x86-64/venv/lib64/python3.12/site-packages/pip/_vendor/certifi/__init__.py", "Python", 3, 0, 0, 0, 0, 0, 0, 0, 0, 0, 0, 0, 0, 0, 0, 0, 2, 5
"/home/franco/Documents/GitHub/Simulatore-cpu-x86-64/venv/lib64/python3.12/site-packages/pip/_vendor/certifi/__main__.py", "Python", 9, 0, 0, 0, 0, 0, 0, 0, 0, 0, 0, 0, 0, 0, 0, 0, 4, 13
"/home/franco/Documents/GitHub/Simulatore-cpu-x86-64/venv/lib64/python3.12/site-packages/pip/_vendor/certifi/core.py", "Python", 52, 0, 0, 0, 0, 0, 0, 0, 0, 0, 0, 0, 0, 0, 0, 44, 24, 120
"/home/franco/Documents/GitHub/Simulatore-cpu-x86-64/venv/lib64/python3.12/site-packages/pip/_vendor/chardet/__init__.py", "Python", 64, 0, 0, 0, 0, 0, 0, 0, 0, 0, 0, 0, 0, 0, 0, 41, 11, 116
"/home/franco/Documents/GitHub/Simulatore-cpu-x86-64/venv/lib64/python3.12/site-packages/pip/_vendor/chardet/big5freq.py", "Python", 340, 0, 0, 0, 0, 0, 0, 0, 0, 0, 0, 0, 0, 0, 0, 43, 4, 387
"/home/franco/Documents/GitHub/Simulatore-cpu-x86-64/venv/lib64/python3.12/site-packages/pip/_vendor/chardet/big5prober.py", "Python", 16, 0, 0, 0, 0, 0, 0, 0, 0, 0, 0, 0, 0, 0, 0, 26, 6, 48
"/home/franco/Documents/GitHub/Simulatore-cpu-x86-64/venv/lib64/python3.12/site-packages/pip/_vendor/chardet/chardistribution.py", "Python", 155, 0, 0, 0, 0, 0, 0, 0, 0, 0, 0, 0, 0, 0, 0, 73, 34, 262
"/home/franco/Documents/GitHub/Simulatore-cpu-x86-64/venv/lib64/python3.12/site-packages/pip/_vendor/chardet/charsetgroupprober.py", "Python", 71, 0, 0, 0, 0, 0, 0, 0, 0, 0, 0, 0, 0, 0, 0, 26, 10, 107
"/home/franco/Documents/GitHub/Simulatore-cpu-x86-64/venv/lib64/python3.12/site-packages/pip/_vendor/chardet/charsetprober.py", "Python", 62, 0, 0, 0, 0, 0, 0, 0, 0, 0, 0, 0, 0, 0, 0, 61, 25, 148
"/home/franco/Documents/GitHub/Simulatore-cpu-x86-64/venv/lib64/python3.12/site-packages/pip/_vendor/chardet/cli/__init__.py", "Python", 0, 0, 0, 0, 0, 0, 0, 0, 0, 0, 0, 0, 0, 0, 0, 0, 1, 1
"/home/franco/Documents/GitHub/Simulatore-cpu-x86-64/venv/lib64/python3.12/site-packages/pip/_vendor/chardet/cli/chardetect.py", "Python", 68, 0, 0, 0, 0, 0, 0, 0, 0, 0, 0, 0, 0, 0, 0, 34, 11, 113
"/home/franco/Documents/GitHub/Simulatore-cpu-x86-64/venv/lib64/python3.12/site-packages/pip/_vendor/chardet/codingstatemachine.py", "Python", 30, 0, 0, 0, 0, 0, 0, 0, 0, 0, 0, 0, 0, 0, 0, 50, 11, 91
"/home/franco/Documents/GitHub/Simulatore-cpu-x86-64/venv/lib64/python3.12/site-packages/pip/_vendor/chardet/codingstatemachinedict.py", "Python", 12, 0, 0, 0, 0, 0, 0, 0, 0, 0, 0, 0, 0, 0, 0, 4, 4, 20
"/home/franco/Documents/GitHub/Simulatore-cpu-x86-64/venv/lib64/python3.12/site-packages/pip/_vendor/chardet/cp949prober.py", "Python", 16, 0, 0, 0, 0, 0, 0, 0, 0, 0, 0, 0, 0, 0, 0, 28, 6, 50
"/home/franco/Documents/GitHub/Simulatore-cpu-x86-64/venv/lib64/python3.12/site-packages/pip/_vendor/chardet/enums.py", "Python", 37, 0, 0, 0, 0, 0, 0, 0, 0, 0, 0, 0, 0, 0, 0, 28, 21, 86
"/home/franco/Documents/GitHub/Simulatore-cpu-x86-64/venv/lib64/python3.12/site-packages/pip/_vendor/chardet/escprober.py", "Python", 60, 0, 0, 0, 0, 0, 0, 0, 0, 0, 0, 0, 0, 0, 0, 31, 12, 103
"/home/franco/Documents/GitHub/Simulatore-cpu-x86-64/venv/lib64/python3.12/site-packages/pip/_vendor/chardet/escsm.py", "Python", 210, 0, 0, 0, 0, 0, 0, 0, 0, 0, 0, 0, 0, 0, 0, 34, 18, 262
"/home/franco/Documents/GitHub/Simulatore-cpu-x86-64/venv/lib64/python3.12/site-packages/pip/_vendor/chardet/eucjpprober.py", "Python", 61, 0, 0, 0, 0, 0, 0, 0, 0, 0, 0, 0, 0, 0, 0, 27, 15, 103
"/home/franco/Documents/GitHub/Simulatore-cpu-x86-64/venv/lib64/python3.12/site-packages/pip/_vendor/chardet/euckrfreq.py", "Python", 151, 0, 0, 0, 0, 0, 0, 0, 0, 0, 0, 0, 0, 0, 0, 40, 6, 197
"/home/franco/Documents/GitHub/Simulatore-cpu-x86-64/venv/lib64/python3.12/site-packages/pip/_vendor/chardet/euckrprober.py", "Python", 16, 0, 0, 0, 0, 0, 0, 0, 0, 0, 0, 0, 0, 0, 0, 26, 6, 48
"/home/franco/Documents/GitHub/Simulatore-cpu-x86-64/venv/lib64/python3.12/site-packages/pip/_vendor/chardet/euctwfreq.py", "Python", 340, 0, 0, 0, 0, 0, 0, 0, 0, 0, 0, 0, 0, 0, 0, 43, 6, 389
"/home/franco/Documents/GitHub/Simulatore-cpu-x86-64/venv/lib64/python3.12/site-packages/pip/_vendor/chardet/euctwprober.py", "Python", 16, 0, 0, 0, 0, 0, 0, 0, 0, 0, 0, 0, 0, 0, 0, 26, 6, 48
"/home/franco/Documents/GitHub/Simulatore-cpu-x86-64/venv/lib64/python3.12/site-packages/pip/_vendor/chardet/gb2312freq.py", "Python", 239, 0, 0, 0, 0, 0, 0, 0, 0, 0, 0, 0, 0, 0, 0, 40, 6, 285
"/home/franco/Documents/GitHub/Simulatore-cpu-x86-64/venv/lib64/python3.12/site-packages/pip/_vendor/chardet/gb2312prober.py", "Python", 16, 0, 0, 0, 0, 0, 0, 0, 0, 0, 0, 0, 0, 0, 0, 26, 6, 48
"/home/franco/Documents/GitHub/Simulatore-cpu-x86-64/venv/lib64/python3.12/site-packages/pip/_vendor/chardet/hebrewprober.py", "Python", 103, 0, 0, 0, 0, 0, 0, 0, 0, 0, 0, 0, 0, 0, 0, 186, 28, 317
"/home/franco/Documents/GitHub/Simulatore-cpu-x86-64/venv/lib64/python3.12/site-packages/pip/_vendor/chardet/jisfreq.py", "Python", 277, 0, 0, 0, 0, 0, 0, 0, 0, 0, 0, 0, 0, 0, 0, 43, 6, 326
"/home/franco/Documents/GitHub/Simulatore-cpu-x86-64/venv/lib64/python3.12/site-packages/pip/_vendor/chardet/johabfreq.py", "Python", 2352, 0, 0, 0, 0, 0, 0, 0, 0, 0, 0, 0, 0, 0, 0, 28, 3, 2383
"/home/franco/Documents/GitHub/Simulatore-cpu-x86-64/venv/lib64/python3.12/site-packages/pip/_vendor/chardet/johabprober.py", "Python", 16, 0, 0, 0, 0, 0, 0, 0, 0, 0, 0, 0, 0, 0, 0, 26, 6, 48
"/home/franco/Documents/GitHub/Simulatore-cpu-x86-64/venv/lib64/python3.12/site-packages/pip/_vendor/chardet/jpcntx.py", "Python", 171, 0, 0, 0, 0, 0, 0, 0, 0, 0, 0, 0, 0, 0, 0, 46, 22, 239
"/home/franco/Documents/GitHub/Simulatore-cpu-x86-64/venv/lib64/python3.12/site-packages/pip/_vendor/chardet/langbulgarianmodel.py", "Python", 4632, 0, 0, 0, 0, 0, 0, 0, 0, 0, 0, 0, 0, 0, 0, 10, 8, 4650
"/home/franco/Documents/GitHub/Simulatore-cpu-x86-64/venv/lib64/python3.12/site-packages/pip/_vendor/chardet/langgreekmodel.py", "Python", 4380, 0, 0, 0, 0, 0, 0, 0, 0, 0, 0, 0, 0, 0, 0, 10, 8, 4398
"/home/franco/Documents/GitHub/Simulatore-cpu-x86-64/venv/lib64/python3.12/site-packages/pip/_vendor/chardet/langhebrewmodel.py", "Python", 4365, 0, 0, 0, 0, 0, 0, 0, 0, 0, 0, 0, 0, 0, 0, 10, 6, 4381
"/home/franco/Documents/GitHub/Simulatore-cpu-x86-64/venv/lib64/python3.12/site-packages/pip/_vendor/chardet/langhungarianmodel.py", "Python", 4632, 0, 0, 0, 0, 0, 0, 0, 0, 0, 0, 0, 0, 0, 0, 10, 8, 4650
"/home/franco/Documents/GitHub/Simulatore-cpu-x86-64/venv/lib64/python3.12/site-packages/pip/_vendor/chardet/langrussianmodel.py", "Python", 5700, 0, 0, 0, 0, 0, 0, 0, 0, 0, 0, 0, 0, 0, 0, 10, 16, 5726
"/home/franco/Documents/GitHub/Simulatore-cpu-x86-64/venv/lib64/python3.12/site-packages/pip/_vendor/chardet/langthaimodel.py", "Python", 4365, 0, 0, 0, 0, 0, 0, 0, 0, 0, 0, 0, 0, 0, 0, 10, 6, 4381
"/home/franco/Documents/GitHub/Simulatore-cpu-x86-64/venv/lib64/python3.12/site-packages/pip/_vendor/chardet/langturkishmodel.py", "Python", 4365, 0, 0, 0, 0, 0, 0, 0, 0, 0, 0, 0, 0, 0, 0, 10, 6, 4381
"/home/franco/Documents/GitHub/Simulatore-cpu-x86-64/venv/lib64/python3.12/site-packages/pip/_vendor/chardet/latin1prober.py", "Python", 96, 0, 0, 0, 0, 0, 0, 0, 0, 0, 0, 0, 0, 0, 0, 36, 16, 148
"/home/franco/Documents/GitHub/Simulatore-cpu-x86-64/venv/lib64/python3.12/site-packages/pip/_vendor/chardet/macromanprober.py", "Python", 99, 0, 0, 0, 0, 0, 0, 0, 0, 0, 0, 0, 0, 0, 0, 45, 19, 163
"/home/franco/Documents/GitHub/Simulatore-cpu-x86-64/venv/lib64/python3.12/site-packages/pip/_vendor/chardet/mbcharsetprober.py", "Python", 52, 0, 0, 0, 0, 0, 0, 0, 0, 0, 0, 0, 0, 0, 0, 31, 13, 96
"/home/franco/Documents/GitHub/Simulatore-cpu-x86-64/venv/lib64/python3.12/site-packages/pip/_vendor/chardet/mbcsgroupprober.py", "Python", 26, 0, 0, 0, 0, 0, 0, 0, 0, 0, 0, 0, 0, 0, 0, 28, 4, 58
"/home/franco/Documents/GitHub/Simulatore-cpu-x86-64/venv/lib64/python3.12/site-packages/pip/_vendor/chardet/mbcssm.py", "Python", 547, 0, 0, 0, 0, 0, 0, 0, 0, 0, 0, 0, 0, 0, 0, 68, 47, 662
"/home/franco/Documents/GitHub/Simulatore-cpu-x86-64/venv/lib64/python3.12/site-packages/pip/_vendor/chardet/metadata/__init__.py", "Python", 0, 0, 0, 0, 0, 0, 0, 0, 0, 0, 0, 0, 0, 0, 0, 0, 1, 1
"/home/franco/Documents/GitHub/Simulatore-cpu-x86-64/venv/lib64/python3.12/site-packages/pip/_vendor/chardet/metadata/languages.py", "Python", 285, 0, 0, 0, 0, 0, 0, 0, 0, 0, 0, 0, 0, 0, 0, 59, 9, 353
"/home/franco/Documents/GitHub/Simulatore-cpu-x86-64/venv/lib64/python3.12/site-packages/pip/_vendor/chardet/resultdict.py", "Python", 9, 0, 0, 0, 0, 0, 0, 0, 0, 0, 0, 0, 0, 0, 0, 4, 4, 17
"/home/franco/Documents/GitHub/Simulatore-cpu-x86-64/venv/lib64/python3.12/site-packages/pip/_vendor/chardet/sbcharsetprober.py", "Python", 108, 0, 0, 0, 0, 0, 0, 0, 0, 0, 0, 0, 0, 0, 0, 40, 15, 163
"/home/franco/Documents/GitHub/Simulatore-cpu-x86-64/venv/lib64/python3.12/site-packages/pip/_vendor/chardet/sbcsgroupprober.py", "Python", 45, 0, 0, 0, 0, 0, 0, 0, 0, 0, 0, 0, 0, 0, 0, 39, 5, 89
"/home/franco/Documents/GitHub/Simulatore-cpu-x86-64/venv/lib64/python3.12/site-packages/pip/_vendor/chardet/sjisprober.py", "Python", 65, 0, 0, 0, 0, 0, 0, 0, 0, 0, 0, 0, 0, 0, 0, 26, 15, 106
"/home/franco/Documents/GitHub/Simulatore-cpu-x86-64/venv/lib64/python3.12/site-packages/pip/_vendor/chardet/universaldetector.py", "Python", 224, 0, 0, 0, 0, 0, 0, 0, 0, 0, 0, 0, 0, 0, 0, 112, 27, 363
"/home/franco/Documents/GitHub/Simulatore-cpu-x86-64/venv/lib64/python3.12/site-packages/pip/_vendor/chardet/utf1632prober.py", "Python", 155, 0, 0, 0, 0, 0, 0, 0, 0, 0, 0, 0, 0, 0, 0, 50, 21, 226
"/home/franco/Documents/GitHub/Simulatore-cpu-x86-64/venv/lib64/python3.12/site-packages/pip/_vendor/chardet/utf8prober.py", "Python", 44, 0, 0, 0, 0, 0, 0, 0, 0, 0, 0, 0, 0, 0, 0, 26, 13, 83
"/home/franco/Documents/GitHub/Simulatore-cpu-x86-64/venv/lib64/python3.12/site-packages/pip/_vendor/chardet/version.py", "Python", 2, 0, 0, 0, 0, 0, 0, 0, 0, 0, 0, 0, 0, 0, 0, 6, 2, 10
"/home/franco/Documents/GitHub/Simulatore-cpu-x86-64/venv/lib64/python3.12/site-packages/pip/_vendor/colorama/__init__.py", "Python", 4, 0, 0, 0, 0, 0, 0, 0, 0, 0, 0, 0, 0, 0, 0, 1, 3, 8
"/home/franco/Documents/GitHub/Simulatore-cpu-x86-64/venv/lib64/python3.12/site-packages/pip/_vendor/colorama/ansi.py", "Python", 77, 0, 0, 0, 0, 0, 0, 0, 0, 0, 0, 0, 0, 0, 0, 6, 20, 103
"/home/franco/Documents/GitHub/Simulatore-cpu-x86-64/venv/lib64/python3.12/site-packages/pip/_vendor/colorama/ansitowin32.py", "Python", 209, 0, 0, 0, 0, 0, 0, 0, 0, 0, 0, 0, 0, 0, 0, 25, 44, 278
"/home/franco/Documents/GitHub/Simulatore-cpu-x86-64/venv/lib64/python3.12/site-packages/pip/_vendor/colorama/initialise.py", "Python", 83, 0, 0, 0, 0, 0, 0, 0, 0, 0, 0, 0, 0, 0, 0, 8, 31, 122
"/home/franco/Documents/GitHub/Simulatore-cpu-x86-64/venv/lib64/python3.12/site-packages/pip/_vendor/colorama/tests/__init__.py", "Python", 0, 0, 0, 0, 0, 0, 0, 0, 0, 0, 0, 0, 0, 0, 0, 1, 1, 2
"/home/franco/Documents/GitHub/Simulatore-cpu-x86-64/venv/lib64/python3.12/site-packages/pip/_vendor/colorama/tests/ansi_test.py", "Python", 55, 0, 0, 0, 0, 0, 0, 0, 0, 0, 0, 0, 0, 0, 0, 5, 17, 77
"/home/franco/Documents/GitHub/Simulatore-cpu-x86-64/venv/lib64/python3.12/site-packages/pip/_vendor/colorama/tests/ansitowin32_test.py", "Python", 243, 0, 0, 0, 0, 0, 0, 0, 0, 0, 0, 0, 0, 0, 0, 8, 44, 295
"/home/franco/Documents/GitHub/Simulatore-cpu-x86-64/venv/lib64/python3.12/site-packages/pip/_vendor/colorama/tests/initialise_test.py", "Python", 145, 0, 0, 0, 0, 0, 0, 0, 0, 0, 0, 0, 0, 0, 0, 10, 35, 190
"/home/franco/Documents/GitHub/Simulatore-cpu-x86-64/venv/lib64/python3.12/site-packages/pip/_vendor/colorama/tests/isatty_test.py", "Python", 43, 0, 0, 0, 0, 0, 0, 0, 0, 0, 0, 0, 0, 0, 0, 1, 14, 58
"/home/franco/Documents/GitHub/Simulatore-cpu-x86-64/venv/lib64/python3.12/site-packages/pip/_vendor/colorama/tests/utils.py", "Python", 41, 0, 0, 0, 0, 0, 0, 0, 0, 0, 0, 0, 0, 0, 0, 1, 8, 50
"/home/franco/Documents/GitHub/Simulatore-cpu-x86-64/venv/lib64/python3.12/site-packages/pip/_vendor/colorama/tests/winterm_test.py", "Python", 99, 0, 0, 0, 0, 0, 0, 0, 0, 0, 0, 0, 0, 0, 0, 1, 32, 132
"/home/franco/Documents/GitHub/Simulatore-cpu-x86-64/venv/lib64/python3.12/site-packages/pip/_vendor/colorama/win32.py", "Python", 145, 0, 0, 0, 0, 0, 0, 0, 0, 0, 0, 0, 0, 0, 0, 11, 25, 181
"/home/franco/Documents/GitHub/Simulatore-cpu-x86-64/venv/lib64/python3.12/site-packages/pip/_vendor/colorama/winterm.py", "Python", 143, 0, 0, 0, 0, 0, 0, 0, 0, 0, 0, 0, 0, 0, 0, 29, 24, 196
"/home/franco/Documents/GitHub/Simulatore-cpu-x86-64/venv/lib64/python3.12/site-packages/pip/_vendor/distlib/__init__.py", "Python", 16, 0, 0, 0, 0, 0, 0, 0, 0, 0, 0, 0, 0, 0, 0, 6, 12, 34
"/home/franco/Documents/GitHub/Simulatore-cpu-x86-64/venv/lib64/python3.12/site-packages/pip/_vendor/distlib/compat.py", "Python", 808, 0, 0, 0, 0, 0, 0, 0, 0, 0, 0, 0, 0, 0, 0, 161, 170, 1139
"/home/franco/Documents/GitHub/Simulatore-cpu-x86-64/venv/lib64/python3.12/site-packages/pip/_vendor/distlib/database.py", "Python", 784, 0, 0, 0, 0, 0, 0, 0, 0, 0, 0, 0, 0, 0, 0, 426, 150, 1360
"/home/franco/Documents/GitHub/Simulatore-cpu-x86-64/venv/lib64/python3.12/site-packages/pip/_vendor/distlib/index.py", "Python", 285, 0, 0, 0, 0, 0, 0, 0, 0, 0, 0, 0, 0, 0, 0, 193, 31, 509
"/home/franco/Documents/GitHub/Simulatore-cpu-x86-64/venv/lib64/python3.12/site-packages/pip/_vendor/distlib/locators.py", "Python", 824, 0, 0, 0, 0, 0, 0, 0, 0, 0, 0, 0, 0, 0, 0, 381, 99, 1304
"/home/franco/Documents/GitHub/Simulatore-cpu-x86-64/venv/lib64/python3.12/site-packages/pip/_vendor/distlib/manifest.py", "Python", 199, 0, 0, 0, 0, 0, 0, 0, 0, 0, 0, 0, 0, 0, 0, 133, 53, 385
"/home/franco/Documents/GitHub/Simulatore-cpu-x86-64/venv/lib64/python3.12/site-packages/pip/_vendor/distlib/markers.py", "Python", 112, 0, 0, 0, 0, 0, 0, 0, 0, 0, 0, 0, 0, 0, 0, 27, 29, 168
"/home/franco/Documents/GitHub/Simulatore-cpu-x86-64/venv/lib64/python3.12/site-packages/pip/_vendor/distlib/metadata.py", "Python", 786, 0, 0, 0, 0, 0, 0, 0, 0, 0, 0, 0, 0, 0, 0, 135, 148, 1069
"/home/franco/Documents/GitHub/Simulatore-cpu-x86-64/venv/lib64/python3.12/site-packages/pip/_vendor/distlib/resources.py", "Python", 243, 0, 0, 0, 0, 0, 0, 0, 0, 0, 0, 0, 0, 0, 0, 56, 60, 359
"/home/franco/Documents/GitHub/Simulatore-cpu-x86-64/venv/lib64/python3.12/site-packages/pip/_vendor/distlib/scripts.py", "Python", 328, 0, 0, 0, 0, 0, 0, 0, 0, 0, 0, 0, 0, 0, 0, 81, 44, 453
"/home/franco/Documents/GitHub/Simulatore-cpu-x86-64/venv/lib64/python3.12/site-packages/pip/_vendor/distlib/util.py", "Python", 1417, 0, 0, 0, 0, 0, 0, 0, 0, 0, 0, 0, 0, 0, 0, 334, 275, 2026
"/home/franco/Documents/GitHub/Simulatore-cpu-x86-64/venv/lib64/python3.12/site-packages/pip/_vendor/distlib/version.py", "Python", 488, 0, 0, 0, 0, 0, 0, 0, 0, 0, 0, 0, 0, 0, 0, 137, 127, 752
"/home/franco/Documents/GitHub/Simulatore-cpu-x86-64/venv/lib64/python3.12/site-packages/pip/_vendor/distlib/wheel.py", "Python", 848, 0, 0, 0, 0, 0, 0, 0, 0, 0, 0, 0, 0, 0, 0, 137, 115, 1100
"/home/franco/Documents/GitHub/Simulatore-cpu-x86-64/venv/lib64/python3.12/site-packages/pip/_vendor/distro/__init__.py", "Python", 52, 0, 0, 0, 0, 0, 0, 0, 0, 0, 0, 0, 0, 0, 0, 0, 3, 55
"/home/franco/Documents/GitHub/Simulatore-cpu-x86-64/venv/lib64/python3.12/site-packages/pip/_vendor/distro/__main__.py", "Python", 3, 0, 0, 0, 0, 0, 0, 0, 0, 0, 0, 0, 0, 0, 0, 0, 2, 5
"/home/franco/Documents/GitHub/Simulatore-cpu-x86-64/venv/lib64/python3.12/site-packages/pip/_vendor/distro/distro.py", "Python", 509, 0, 0, 0, 0, 0, 0, 0, 0, 0, 0, 0, 0, 0, 0, 766, 125, 1400
"/home/franco/Documents/GitHub/Simulatore-cpu-x86-64/venv/lib64/python3.12/site-packages/pip/_vendor/idna/__init__.py", "Python", 43, 0, 0, 0, 0, 0, 0, 0, 0, 0, 0, 0, 0, 0, 0, 0, 2, 45
"/home/franco/Documents/GitHub/Simulatore-cpu-x86-64/venv/lib64/python3.12/site-packages/pip/_vendor/idna/codec.py", "Python", 84, 0, 0, 0, 0, 0, 0, 0, 0, 0, 0, 0, 0, 0, 0, 4, 25, 113
"/home/franco/Documents/GitHub/Simulatore-cpu-x86-64/venv/lib64/python3.12/site-packages/pip/_vendor/idna/compat.py", "Python", 9, 0, 0, 0, 0, 0, 0, 0, 0, 0, 0, 0, 0, 0, 0, 0, 5, 14
"/home/franco/Documents/GitHub/Simulatore-cpu-x86-64/venv/lib64/python3.12/site-packages/pip/_vendor/idna/core.py", "Python", 314, 0, 0, 0, 0, 0, 0, 0, 0, 0, 0, 0, 0, 0, 0, 13, 74, 401
"/home/franco/Documents/GitHub/Simulatore-cpu-x86-64/venv/lib64/python3.12/site-packages/pip/_vendor/idna/idnadata.py", "Python", 4244, 0, 0, 0, 0, 0, 0, 0, 0, 0, 0, 0, 0, 0, 0, 1, 2, 4247
"/home/franco/Documents/GitHub/Simulatore-cpu-x86-64/venv/lib64/python3.12/site-packages/pip/_vendor/idna/intranges.py", "Python", 30, 0, 0, 0, 0, 0, 0, 0, 0, 0, 0, 0, 0, 0, 0, 16, 9, 55
"/home/franco/Documents/GitHub/Simulatore-cpu-x86-64/venv/lib64/python3.12/site-packages/pip/_vendor/idna/package_data.py", "Python", 1, 0, 0, 0, 0, 0, 0, 0, 0, 0, 0, 0, 0, 0, 0, 0, 2, 3
"/home/franco/Documents/GitHub/Simulatore-cpu-x86-64/venv/lib64/python3.12/site-packages/pip/_vendor/idna/uts46data.py", "Python", 8510, 0, 0, 0, 0, 0, 0, 0, 0, 0, 0, 0, 0, 0, 0, 3, 88, 8601
"/home/franco/Documents/GitHub/Simulatore-cpu-x86-64/venv/lib64/python3.12/site-packages/pip/_vendor/msgpack/__init__.py", "Python", 25, 0, 0, 0, 0, 0, 0, 0, 0, 0, 0, 0, 0, 0, 0, 18, 15, 58
"/home/franco/Documents/GitHub/Simulatore-cpu-x86-64/venv/lib64/python3.12/site-packages/pip/_vendor/msgpack/exceptions.py", "Python", 17, 0, 0, 0, 0, 0, 0, 0, 0, 0, 0, 0, 0, 0, 0, 15, 17, 49
"/home/franco/Documents/GitHub/Simulatore-cpu-x86-64/venv/lib64/python3.12/site-packages/pip/_vendor/msgpack/ext.py", "Python", 95, 0, 0, 0, 0, 0, 0, 0, 0, 0, 0, 0, 0, 0, 0, 76, 23, 194
"/home/franco/Documents/GitHub/Simulatore-cpu-x86-64/venv/lib64/python3.12/site-packages/pip/_vendor/msgpack/fallback.py", "Python", 716, 0, 0, 0, 0, 0, 0, 0, 0, 0, 0, 0, 0, 0, 0, 203, 92, 1011
"/home/franco/Documents/GitHub/Simulatore-cpu-x86-64/venv/lib64/python3.12/site-packages/pip/_vendor/packaging/__about__.py", "Python", 18, 0, 0, 0, 0, 0, 0, 0, 0, 0, 0, 0, 0, 0, 0, 3, 6, 27
"/home/franco/Documents/GitHub/Simulatore-cpu-x86-64/venv/lib64/python3.12/site-packages/pip/_vendor/packaging/__init__.py", "Python", 20, 0, 0, 0, 0, 0, 0, 0, 0, 0, 0, 0, 0, 0, 0, 3, 3, 26
"/home/franco/Documents/GitHub/Simulatore-cpu-x86-64/venv/lib64/python3.12/site-packages/pip/_vendor/packaging/_manylinux.py", "Python", 196, 0, 0, 0, 0, 0, 0, 0, 0, 0, 0, 0, 0, 0, 0, 68, 38, 302
"/home/franco/Documents/GitHub/Simulatore-cpu-x86-64/venv/lib64/python3.12/site-packages/pip/_vendor/packaging/_musllinux.py", "Python", 85, 0, 0, 0, 0, 0, 0, 0, 0, 0, 0, 0, 0, 0, 0, 32, 20, 137
"/home/franco/Documents/GitHub/Simulatore-cpu-x86-64/venv/lib64/python3.12/site-packages/pip/_vendor/packaging/_structures.py", "Python", 36, 0, 0, 0, 0, 0, 0, 0, 0, 0, 0, 0, 0, 0, 0, 3, 23, 62
"/home/franco/Documents/GitHub/Simulatore-cpu-x86-64/venv/lib64/python3.12/site-packages/pip/_vendor/packaging/markers.py", "Python", 208, 0, 0, 0, 0, 0, 0, 0, 0, 0, 0, 0, 0, 0, 0, 25, 72, 305
"/home/franco/Documents/GitHub/Simulatore-cpu-x86-64/venv/lib64/python3.12/site-packages/pip/_vendor/packaging/requirements.py", "Python", 97, 0, 0, 0, 0, 0, 0, 0, 0, 0, 0, 0, 0, 0, 0, 18, 32, 147
"/home/franco/Documents/GitHub/Simulatore-cpu-x86-64/venv/lib64/python3.12/site-packages/pip/_vendor/packaging/specifiers.py", "Python", 203, 0, 0, 0, 0, 0, 0, 0, 0, 0, 0, 0, 0, 0, 0, 549, 51, 803
"/home/franco/Documents/GitHub/Simulatore-cpu-x86-64/venv/lib64/python3.12/site-packages/pip/_vendor/packaging/tags.py", "Python", 308, 0, 0, 0, 0, 0, 0, 0, 0, 0, 0, 0, 0, 0, 0, 103, 77, 488
"/home/franco/Documents/GitHub/Simulatore-cpu-x86-64/venv/lib64/python3.12/site-packages/pip/_vendor/packaging/utils.py", "Python", 81, 0, 0, 0, 0, 0, 0, 0, 0, 0, 0, 0, 0, 0, 0, 26, 30, 137
"/home/franco/Documents/GitHub/Simulatore-cpu-x86-64/venv/lib64/python3.12/site-packages/pip/_vendor/packaging/version.py", "Python", 171, 0, 0, 0, 0, 0, 0, 0, 0, 0, 0, 0, 0, 0, 0, 277, 57, 505
"/home/franco/Documents/GitHub/Simulatore-cpu-x86-64/venv/lib64/python3.12/site-packages/pip/_vendor/pkg_resources/__init__.py", "Python", 1866, 0, 0, 0, 0, 0, 0, 0, 0, 0, 0, 0, 0, 0, 0, 972, 524, 3362
"/home/franco/Documents/GitHub/Simulatore-cpu-x86-64/venv/lib64/python3.12/site-packages/pip/_vendor/platformdirs/__init__.py", "Python", 337, 0, 0, 0, 0, 0, 0, 0, 0, 0, 0, 0, 0, 0, 0, 158, 72, 567
"/home/franco/Documents/GitHub/Simulatore-cpu-x86-64/venv/lib64/python3.12/site-packages/pip/_vendor/platformdirs/__main__.py", "Python", 40, 0, 0, 0, 0, 0, 0, 0, 0, 0, 0, 0, 0, 0, 0, 2, 12, 54
"/home/franco/Documents/GitHub/Simulatore-cpu-x86-64/venv/lib64/python3.12/site-packages/pip/_vendor/platformdirs/android.py", "Python", 124, 0, 0, 0, 0, 0, 0, 0, 0, 0, 0, 0, 0, 0, 0, 43, 44, 211
"/home/franco/Documents/GitHub/Simulatore-cpu-x86-64/venv/lib64/python3.12/site-packages/pip/_vendor/platformdirs/api.py", "Python", 125, 0, 0, 0, 0, 0, 0, 0, 0, 0, 0, 0, 0, 0, 0, 62, 37, 224
"/home/franco/Documents/GitHub/Simulatore-cpu-x86-64/venv/lib64/python3.12/site-packages/pip/_vendor/platformdirs/macos.py", "Python", 49, 0, 0, 0, 0, 0, 0, 0, 0, 0, 0, 0, 0, 0, 0, 22, 21, 92
"/home/franco/Documents/GitHub/Simulatore-cpu-x86-64/venv/lib64/python3.12/site-packages/pip/_vendor/platformdirs/unix.py", "Python", 124, 0, 0, 0, 0, 0, 0, 0, 0, 0, 0, 0, 0, 0, 0, 62, 38, 224
"/home/franco/Documents/GitHub/Simulatore-cpu-x86-64/venv/lib64/python3.12/site-packages/pip/_vendor/platformdirs/version.py", "Python", 2, 0, 0, 0, 0, 0, 0, 0, 0, 0, 0, 0, 0, 0, 0, 2, 1, 5
"/home/franco/Documents/GitHub/Simulatore-cpu-x86-64/venv/lib64/python3.12/site-packages/pip/_vendor/platformdirs/windows.py", "Python", 162, 0, 0, 0, 0, 0, 0, 0, 0, 0, 0, 0, 0, 0, 0, 49, 45, 256
"/home/franco/Documents/GitHub/Simulatore-cpu-x86-64/venv/lib64/python3.12/site-packages/pip/_vendor/pygments/__init__.py", "Python", 29, 0, 0, 0, 0, 0, 0, 0, 0, 0, 0, 0, 0, 0, 0, 45, 9, 83
"/home/franco/Documents/GitHub/Simulatore-cpu-x86-64/venv/lib64/python3.12/site-packages/pip/_vendor/pygments/__main__.py", "Python", 6, 0, 0, 0, 0, 0, 0, 0, 0, 0, 0, 0, 0, 0, 0, 9, 3, 18
"/home/franco/Documents/GitHub/Simulatore-cpu-x86-64/venv/lib64/python3.12/site-packages/pip/_vendor/pygments/cmdline.py", "Python", 544, 0, 0, 0, 0, 0, 0, 0, 0, 0, 0, 0, 0, 0, 0, 51, 74, 669
"/home/franco/Documents/GitHub/Simulatore-cpu-x86-64/venv/lib64/python3.12/site-packages/pip/_vendor/pygments/console.py", "Python", 40, 0, 0, 0, 0, 0, 0, 0, 0, 0, 0, 0, 0, 0, 0, 17, 14, 71
"/home/franco/Documents/GitHub/Simulatore-cpu-x86-64/venv/lib64/python3.12/site-packages/pip/_vendor/pygments/filter.py", "Python", 26, 0, 0, 0, 0, 0, 0, 0, 0, 0, 0, 0, 0, 0, 0, 33, 13, 72
"/home/franco/Documents/GitHub/Simulatore-cpu-x86-64/venv/lib64/python3.12/site-packages/pip/_vendor/pygments/filters/__init__.py", "Python", 756, 0, 0, 0, 0, 0, 0, 0, 0, 0, 0, 0, 0, 0, 0, 133, 52, 941
"/home/franco/Documents/GitHub/Simulatore-cpu-x86-64/venv/lib64/python3.12/site-packages/pip/_vendor/pygments/formatter.py", "Python", 28, 0, 0, 0, 0, 0, 0, 0, 0, 0, 0, 0, 0, 0, 0, 82, 15, 125
"/home/franco/Documents/GitHub/Simulatore-cpu-x86-64/venv/lib64/python3.12/site-packages/pip/_vendor/pygments/formatters/__init__.py", "Python", 86, 0, 0, 0, 0, 0, 0, 0, 0, 0, 0, 0, 0, 0, 0, 49, 24, 159
"/home/franco/Documents/GitHub/Simulatore-cpu-x86-64/venv/lib64/python3.12/site-packages/pip/_vendor/pygments/formatters/_mapping.py", "Python", 20, 0, 0, 0, 0, 0, 0, 0, 0, 0, 0, 0, 0, 0, 0, 2, 2, 24
"/home/franco/Documents/GitHub/Simulatore-cpu-x86-64/venv/lib64/python3.12/site-packages/pip/_vendor/pygments/formatters/bbcode.py", "Python", 56, 0, 0, 0, 0, 0, 0, 0, 0, 0, 0, 0, 0, 0, 0, 38, 15, 109
"/home/franco/Documents/GitHub/Simulatore-cpu-x86-64/venv/lib64/python3.12/site-packages/pip/_vendor/pygments/formatters/groff.py", "Python", 106, 0, 0, 0, 0, 0, 0, 0, 0, 0, 0, 0, 0, 0, 0, 30, 35, 171
"/home/franco/Documents/GitHub/Simulatore-cpu-x86-64/venv/lib64/python3.12/site-packages/pip/_vendor/pygments/formatters/html.py", "Python", 369, 0, 0, 0, 0, 0, 0, 0, 0, 0, 0, 0, 0, 0, 0, 523, 98, 990
"/home/franco/Documents/GitHub/Simulatore-cpu-x86-64/venv/lib64/python3.12/site-packages/pip/_vendor/pygments/formatters/img.py", "Python", 361, 0, 0, 0, 0, 0, 0, 0, 0, 0, 0, 0, 0, 0, 0, 225, 60, 646
"/home/franco/Documents/GitHub/Simulatore-cpu-x86-64/venv/lib64/python3.12/site-packages/pip/_vendor/pygments/formatters/irc.py", "Python", 85, 0, 0, 0, 0, 0, 0, 0, 0, 0, 0, 0, 0, 0, 0, 52, 18, 155
"/home/franco/Documents/GitHub/Simulatore-cpu-x86-64/venv/lib64/python3.12/site-packages/pip/_vendor/pygments/formatters/latex.py", "Python", 208, 0, 0, 0, 0, 0, 0, 0, 0, 0, 0, 0, 0, 0, 0, 263, 51, 522
"/home/franco/Documents/GitHub/Simulatore-cpu-x86-64/venv/lib64/python3.12/site-packages/pip/_vendor/pygments/formatters/other.py", "Python", 32, 0, 0, 0, 0, 0, 0, 0, 0, 0, 0, 0, 0, 0, 0, 117, 13, 162
"/home/franco/Documents/GitHub/Simulatore-cpu-x86-64/venv/lib64/python3.12/site-packages/pip/_vendor/pygments/formatters/pangomarkup.py", "Python", 50, 0, 0, 0, 0, 0, 0, 0, 0, 0, 0, 0, 0, 0, 0, 15, 19, 84
"/home/franco/Documents/GitHub/Simulatore-cpu-x86-64/venv/lib64/python3.12/site-packages/pip/_vendor/pygments/formatters/rtf.py", "Python", 16, 0, 0, 0, 0, 0, 0, 0, 0, 0, 0, 0, 0, 0, 0, 123, 8, 147
"/home/franco/Documents/GitHub/Simulatore-cpu-x86-64/venv/lib64/python3.12/site-packages/pip/_vendor/pygments/formatters/svg.py", "Python", 98, 0, 0, 0, 0, 0, 0, 0, 0, 0, 0, 0, 0, 0, 0, 75, 16, 189
"/home/franco/Documents/GitHub/Simulatore-cpu-x86-64/venv/lib64/python3.12/site-packages/pip/_vendor/pygments/formatters/terminal.py", "Python", 51, 0, 0, 0, 0, 0, 0, 0, 0, 0, 0, 0, 0, 0, 0, 62, 15, 128
"/home/franco/Documents/GitHub/Simulatore-cpu-x86-64/venv/lib64/python3.12/site-packages/pip/_vendor/pygments/formatters/terminal256.py", "Python", 190, 0, 0, 0, 0, 0, 0, 0, 0, 0, 0, 0, 0, 0, 0, 102, 47, 339
"/home/franco/Documents/GitHub/Simulatore-cpu-x86-64/venv/lib64/python3.12/site-packages/pip/_vendor/pygments/lexer.py", "Python", 522, 0, 0, 0, 0, 0, 0, 0, 0, 0, 0, 0, 0, 0, 0, 313, 109, 944
"/home/franco/Documents/GitHub/Simulatore-cpu-x86-64/venv/lib64/python3.12/site-packages/pip/_vendor/pygments/lexers/__init__.py", "Python", 196, 0, 0, 0, 0, 0, 0, 0, 0, 0, 0, 0, 0, 0, 0, 120, 47, 363
"/home/franco/Documents/GitHub/Simulatore-cpu-x86-64/venv/lib64/python3.12/site-packages/pip/_vendor/pygments/lexers/_mapping.py", "Python", 556, 0, 0, 0, 0, 0, 0, 0, 0, 0, 0, 0, 0, 0, 0, 2, 2, 560
"/home/franco/Documents/GitHub/Simulatore-cpu-x86-64/venv/lib64/python3.12/site-packages/pip/_vendor/pygments/lexers/python.py", "Python", 986, 0, 0, 0, 0, 0, 0, 0, 0, 0, 0, 0, 0, 0, 0, 155, 58, 1199
"/home/franco/Documents/GitHub/Simulatore-cpu-x86-64/venv/lib64/python3.12/site-packages/pip/_vendor/pygments/modeline.py", "Python", 22, 0, 0, 0, 0, 0, 0, 0, 0, 0, 0, 0, 0, 0, 0, 12, 10, 44
"/home/franco/Documents/GitHub/Simulatore-cpu-x86-64/venv/lib64/python3.12/site-packages/pip/_vendor/pygments/plugin.py", "Python", 34, 0, 0, 0, 0, 0, 0, 0, 0, 0, 0, 0, 0, 0, 0, 43, 12, 89
"/home/franco/Documents/GitHub/Simulatore-cpu-x86-64/venv/lib64/python3.12/site-packages/pip/_vendor/pygments/regexopt.py", "Python", 52, 0, 0, 0, 0, 0, 0, 0, 0, 0, 0, 0, 0, 0, 0, 31, 9, 92
"/home/franco/Documents/GitHub/Simulatore-cpu-x86-64/venv/lib64/python3.12/site-packages/pip/_vendor/pygments/scanner.py", "Python", 44, 0, 0, 0, 0, 0, 0, 0, 0, 0, 0, 0, 0, 0, 0, 49, 12, 105
"/home/franco/Documents/GitHub/Simulatore-cpu-x86-64/venv/lib64/python3.12/site-packages/pip/_vendor/pygments/sphinxext.py", "Python", 157, 0, 0, 0, 0, 0, 0, 0, 0, 0, 0, 0, 0, 0, 0, 20, 41, 218
"/home/franco/Documents/GitHub/Simulatore-cpu-x86-64/venv/lib64/python3.12/site-packages/pip/_vendor/pygments/style.py", "Python", 146, 0, 0, 0, 0, 0, 0, 0, 0, 0, 0, 0, 0, 0, 0, 26, 26, 198
"/home/franco/Documents/GitHub/Simulatore-cpu-x86-64/venv/lib64/python3.12/site-packages/pip/_vendor/pygments/styles/__init__.py", "Python", 76, 0, 0, 0, 0, 0, 0, 0, 0, 0, 0, 0, 0, 0, 0, 20, 8, 104
"/home/franco/Documents/GitHub/Simulatore-cpu-x86-64/venv/lib64/python3.12/site-packages/pip/_vendor/pygments/token.py", "Python", 141, 0, 0, 0, 0, 0, 0, 0, 0, 0, 0, 0, 0, 0, 0, 41, 32, 214
"/home/franco/Documents/GitHub/Simulatore-cpu-x86-64/venv/lib64/python3.12/site-packages/pip/_vendor/pygments/unistring.py", "Python", 85, 0, 0, 0, 0, 0, 0, 0, 0, 0, 0, 0, 0, 0, 0, 18, 51, 154
"/home/franco/Documents/GitHub/Simulatore-cpu-x86-64/venv/lib64/python3.12/site-packages/pip/_vendor/pygments/util.py", "Python", 185, 0, 0, 0, 0, 0, 0, 0, 0, 0, 0, 0, 0, 0, 0, 117, 29, 331
"/home/franco/Documents/GitHub/Simulatore-cpu-x86-64/venv/lib64/python3.12/site-packages/pip/_vendor/pyparsing/__init__.py", "Python", 283, 0, 0, 0, 0, 0, 0, 0, 0, 0, 0, 0, 0, 0, 0, 25, 15, 323
"/home/franco/Documents/GitHub/Simulatore-cpu-x86-64/venv/lib64/python3.12/site-packages/pip/_vendor/pyparsing/actions.py", "Python", 55, 0, 0, 0, 0, 0, 0, 0, 0, 0, 0, 0, 0, 0, 0, 131, 32, 218
"/home/franco/Documents/GitHub/Simulatore-cpu-x86-64/venv/lib64/python3.12/site-packages/pip/_vendor/pyparsing/common.py", "Python", 153, 0, 0, 0, 0, 0, 0, 0, 0, 0, 0, 0, 0, 0, 0, 244, 36, 433
"/home/franco/Documents/GitHub/Simulatore-cpu-x86-64/venv/lib64/python3.12/site-packages/pip/_vendor/pyparsing/core.py", "Python", 1552, 0, 0, 0, 0, 0, 0, 0, 0, 0, 0, 0, 0, 0, 0, 4128, 436, 6116
"/home/franco/Documents/GitHub/Simulatore-cpu-x86-64/venv/lib64/python3.12/site-packages/pip/_vendor/pyparsing/diagram/__init__.py", "Python", 424, 0, 0, 0, 0, 0, 0, 0, 0, 0, 0, 0, 0, 0, 0, 152, 81, 657
"/home/franco/Documents/GitHub/Simulatore-cpu-x86-64/venv/lib64/python3.12/site-packages/pip/_vendor/pyparsing/exceptions.py", "Python", 145, 0, 0, 0, 0, 0, 0, 0, 0, 0, 0, 0, 0, 0, 0, 111, 44, 300
"/home/franco/Documents/GitHub/Simulatore-cpu-x86-64/venv/lib64/python3.12/site-packages/pip/_vendor/pyparsing/helpers.py", "Python", 519, 0, 0, 0, 0, 0, 0, 0, 0, 0, 0, 0, 0, 0, 0, 477, 105, 1101
"/home/franco/Documents/GitHub/Simulatore-cpu-x86-64/venv/lib64/python3.12/site-packages/pip/_vendor/pyparsing/results.py", "Python", 346, 0, 0, 0, 0, 0, 0, 0, 0, 0, 0, 0, 0, 0, 0, 380, 71, 797
"/home/franco/Documents/GitHub/Simulatore-cpu-x86-64/venv/lib64/python3.12/site-packages/pip/_vendor/pyparsing/testing.py", "Python", 222, 0, 0, 0, 0, 0, 0, 0, 0, 0, 0, 0, 0, 0, 0, 75, 35, 332
"/home/franco/Documents/GitHub/Simulatore-cpu-x86-64/venv/lib64/python3.12/site-packages/pip/_vendor/pyparsing/unicode.py", "Python", 259, 0, 0, 0, 0, 0, 0, 0, 0, 0, 0, 0, 0, 0, 0, 57, 46, 362
"/home/franco/Documents/GitHub/Simulatore-cpu-x86-64/venv/lib64/python3.12/site-packages/pip/_vendor/pyparsing/util.py", "Python", 179, 0, 0, 0, 0, 0, 0, 0, 0, 0, 0, 0, 0, 0, 0, 49, 57, 285
"/home/franco/Documents/GitHub/Simulatore-cpu-x86-64/venv/lib64/python3.12/site-packages/pip/_vendor/pyproject_hooks/__init__.py", "Python", 19, 0, 0, 0, 0, 0, 0, 0, 0, 0, 0, 0, 0, 0, 0, 2, 3, 24
"/home/franco/Documents/GitHub/Simulatore-cpu-x86-64/venv/lib64/python3.12/site-packages/pip/_vendor/pyproject_hooks/_compat.py", "Python", 6, 0, 0, 0, 0, 0, 0, 0, 0, 0, 0, 0, 0, 0, 0, 0, 3, 9
"/home/franco/Documents/GitHub/Simulatore-cpu-x86-64/venv/lib64/python3.12/site-packages/pip/_vendor/pyproject_hooks/_impl.py", "Python", 164, 0, 0, 0, 0, 0, 0, 0, 0, 0, 0, 0, 0, 0, 0, 124, 43, 331
"/home/franco/Documents/GitHub/Simulatore-cpu-x86-64/venv/lib64/python3.12/site-packages/pip/_vendor/pyproject_hooks/_in_process/__init__.py", "Python", 10, 0, 0, 0, 0, 0, 0, 0, 0, 0, 0, 0, 0, 0, 0, 6, 3, 19
"/home/franco/Documents/GitHub/Simulatore-cpu-x86-64/venv/lib64/python3.12/site-packages/pip/_vendor/pyproject_hooks/_in_process/_in_process.py", "Python", 215, 0, 0, 0, 0, 0, 0, 0, 0, 0, 0, 0, 0, 0, 0, 76, 63, 354
"/home/franco/Documents/GitHub/Simulatore-cpu-x86-64/venv/lib64/python3.12/site-packages/pip/_vendor/requests/__init__.py", "Python", 100, 0, 0, 0, 0, 0, 0, 0, 0, 0, 0, 0, 0, 0, 0, 55, 28, 183
"/home/franco/Documents/GitHub/Simulatore-cpu-x86-64/venv/lib64/python3.12/site-packages/pip/_vendor/requests/__version__.py", "Python", 10, 0, 0, 0, 0, 0, 0, 0, 0, 0, 0, 0, 0, 0, 0, 3, 2, 15
"/home/franco/Documents/GitHub/Simulatore-cpu-x86-64/venv/lib64/python3.12/site-packages/pip/_vendor/requests/_internal_utils.py", "Python", 25, 0, 0, 0, 0, 0, 0, 0, 0, 0, 0, 0, 0, 0, 0, 17, 9, 51
"/home/franco/Documents/GitHub/Simulatore-cpu-x86-64/venv/lib64/python3.12/site-packages/pip/_vendor/requests/adapters.py", "Python", 300, 0, 0, 0, 0, 0, 0, 0, 0, 0, 0, 0, 0, 0, 0, 167, 72, 539
"/home/franco/Documents/GitHub/Simulatore-cpu-x86-64/venv/lib64/python3.12/site-packages/pip/_vendor/requests/api.py", "Python", 53, 0, 0, 0, 0, 0, 0, 0, 0, 0, 0, 0, 0, 0, 0, 92, 13, 158
"/home/franco/Documents/GitHub/Simulatore-cpu-x86-64/venv/lib64/python3.12/site-packages/pip/_vendor/requests/auth.py", "Python", 205, 0, 0, 0, 0, 0, 0, 0, 0, 0, 0, 0, 0, 0, 0, 47, 64, 316
"/home/franco/Documents/GitHub/Simulatore-cpu-x86-64/venv/lib64/python3.12/site-packages/pip/_vendor/requests/certs.py", "Python", 8, 0, 0, 0, 0, 0, 0, 0, 0, 0, 0, 0, 0, 0, 0, 12, 5, 25
"/home/franco/Documents/GitHub/Simulatore-cpu-x86-64/venv/lib64/python3.12/site-packages/pip/_vendor/requests/compat.py", "Python", 37, 0, 0, 0, 0, 0, 0, 0, 0, 0, 0, 0, 0, 0, 0, 20, 11, 68
"/home/franco/Documents/GitHub/Simulatore-cpu-x86-64/venv/lib64/python3.12/site-packages/pip/_vendor/requests/cookies.py", "Python", 292, 0, 0, 0, 0, 0, 0, 0, 0, 0, 0, 0, 0, 0, 0, 188, 82, 562
"/home/franco/Documents/GitHub/Simulatore-cpu-x86-64/venv/lib64/python3.12/site-packages/pip/_vendor/requests/exceptions.py", "Python", 37, 0, 0, 0, 0, 0, 0, 0, 0, 0, 0, 0, 0, 0, 0, 49, 56, 142
"/home/franco/Documents/GitHub/Simulatore-cpu-x86-64/venv/lib64/python3.12/site-packages/pip/_vendor/requests/help.py", "Python", 98, 0, 0, 0, 0, 0, 0, 0, 0, 0, 0, 0, 0, 0, 0, 13, 21, 132
"/home/franco/Documents/GitHub/Simulatore-cpu-x86-64/venv/lib64/python3.12/site-packages/pip/_vendor/requests/hooks.py", "Python", 14, 0, 0, 0, 0, 0, 0, 0, 0, 0, 0, 0, 0, 0, 0, 13, 7, 34
"/home/franco/Documents/GitHub/Simulatore-cpu-x86-64/venv/lib64/python3.12/site-packages/pip/_vendor/requests/models.py", "Python", 591, 0, 0, 0, 0, 0, 0, 0, 0, 0, 0, 0, 0, 0, 0, 290, 154, 1035
"/home/franco/Documents/GitHub/Simulatore-cpu-x86-64/venv/lib64/python3.12/site-packages/pip/_vendor/requests/packages.py", "Python", 8, 0, 0, 0, 0, 0, 0, 0, 0, 0, 0, 0, 0, 0, 0, 5, 4, 17
"/home/franco/Documents/GitHub/Simulatore-cpu-x86-64/venv/lib64/python3.12/site-packages/pip/_vendor/requests/sessions.py", "Python", 366, 0, 0, 0, 0, 0, 0, 0, 0, 0, 0, 0, 0, 0, 0, 369, 99, 834
"/home/franco/Documents/GitHub/Simulatore-cpu-x86-64/venv/lib64/python3.12/site-packages/pip/_vendor/requests/status_codes.py", "Python", 15, 0, 0, 0, 0, 0, 0, 0, 0, 0, 0, 0, 0, 0, 0, 111, 3, 129
"/home/franco/Documents/GitHub/Simulatore-cpu-x86-64/venv/lib64/python3.12/site-packages/pip/_vendor/requests/structures.py", "Python", 40, 0, 0, 0, 0, 0, 0, 0, 0, 0, 0, 0, 0, 0, 0, 38, 22, 100
"/home/franco/Documents/GitHub/Simulatore-cpu-x86-64/venv/lib64/python3.12/site-packages/pip/_vendor/requests/utils.py", "Python", 500, 0, 0, 0, 0, 0, 0, 0, 0, 0, 0, 0, 0, 0, 0, 443, 146, 1089
"/home/franco/Documents/GitHub/Simulatore-cpu-x86-64/venv/lib64/python3.12/site-packages/pip/_vendor/resolvelib/__init__.py", "Python", 23, 0, 0, 0, 0, 0, 0, 0, 0, 0, 0, 0, 0, 0, 0, 0, 4, 27
"/home/franco/Documents/GitHub/Simulatore-cpu-x86-64/venv/lib64/python3.12/site-packages/pip/_vendor/resolvelib/compat/__init__.py", "Python", 0, 0, 0, 0, 0, 0, 0, 0, 0, 0, 0, 0, 0, 0, 0, 0, 1, 1
"/home/franco/Documents/GitHub/Simulatore-cpu-x86-64/venv/lib64/python3.12/site-packages/pip/_vendor/resolvelib/compat/collections_abc.py", "Python", 5, 0, 0, 0, 0, 0, 0, 0, 0, 0, 0, 0, 0, 0, 0, 0, 2, 7
"/home/franco/Documents/GitHub/Simulatore-cpu-x86-64/venv/lib64/python3.12/site-packages/pip/_vendor/resolvelib/providers.py", "Python", 25, 0, 0, 0, 0, 0, 0, 0, 0, 0, 0, 0, 0, 0, 0, 98, 11, 134
"/home/franco/Documents/GitHub/Simulatore-cpu-x86-64/venv/lib64/python3.12/site-packages/pip/_vendor/resolvelib/reporters.py", "Python", 9, 0, 0, 0, 0, 0, 0, 0, 0, 0, 0, 0, 0, 0, 0, 26, 9, 44
"/home/franco/Documents/GitHub/Simulatore-cpu-x86-64/venv/lib64/python3.12/site-packages/pip/_vendor/resolvelib/resolvers.py", "Python", 335, 0, 0, 0, 0, 0, 0, 0, 0, 0, 0, 0, 0, 0, 0, 132, 81, 548
"/home/franco/Documents/GitHub/Simulatore-cpu-x86-64/venv/lib64/python3.12/site-packages/pip/_vendor/resolvelib/structs.py", "Python", 109, 0, 0, 0, 0, 0, 0, 0, 0, 0, 0, 0, 0, 0, 0, 21, 41, 171
"/home/franco/Documents/GitHub/Simulatore-cpu-x86-64/venv/lib64/python3.12/site-packages/pip/_vendor/rich/__init__.py", "Python", 68, 0, 0, 0, 0, 0, 0, 0, 0, 0, 0, 0, 0, 0, 0, 90, 20, 178
"/home/franco/Documents/GitHub/Simulatore-cpu-x86-64/venv/lib64/python3.12/site-packages/pip/_vendor/rich/__main__.py", "Python", 230, 0, 0, 0, 0, 0, 0, 0, 0, 0, 0, 0, 0, 0, 0, 10, 35, 275
"/home/franco/Documents/GitHub/Simulatore-cpu-x86-64/venv/lib64/python3.12/site-packages/pip/_vendor/rich/_cell_widths.py", "Python", 449, 0, 0, 0, 0, 0, 0, 0, 0, 0, 0, 0, 0, 0, 0, 1, 2, 452
"/home/franco/Documents/GitHub/Simulatore-cpu-x86-64/venv/lib64/python3.12/site-packages/pip/_vendor/rich/_emoji_codes.py", "Python", 3610, 0, 0, 0, 0, 0, 0, 0, 0, 0, 0, 0, 0, 0, 0, 0, 1, 3611
"/home/franco/Documents/GitHub/Simulatore-cpu-x86-64/venv/lib64/python3.12/site-packages/pip/_vendor/rich/_emoji_replace.py", "Python", 24, 0, 0, 0, 0, 0, 0, 0, 0, 0, 0, 0, 0, 0, 0, 1, 8, 33
"/home/franco/Documents/GitHub/Simulatore-cpu-x86-64/venv/lib64/python3.12/site-packages/pip/_vendor/rich/_export_format.py", "Python", 74, 0, 0, 0, 0, 0, 0, 0, 0, 0, 0, 0, 0, 0, 0, 0, 3, 77
"/home/franco/Documents/GitHub/Simulatore-cpu-x86-64/venv/lib64/python3.12/site-packages/pip/_vendor/rich/_extension.py", "Python", 6, 0, 0, 0, 0, 0, 0, 0, 0, 0, 0, 0, 0, 0, 0, 1, 4, 11
"/home/franco/Documents/GitHub/Simulatore-cpu-x86-64/venv/lib64/python3.12/site-packages/pip/_vendor/rich/_fileno.py", "Python", 10, 0, 0, 0, 0, 0, 0, 0, 0, 0, 0, 0, 0, 0, 0, 11, 4, 25
"/home/franco/Documents/GitHub/Simulatore-cpu-x86-64/venv/lib64/python3.12/site-packages/pip/_vendor/rich/_inspect.py", "Python", 189, 0, 0, 0, 0, 0, 0, 0, 0, 0, 0, 0, 0, 0, 0, 46, 36, 271
"/home/franco/Documents/GitHub/Simulatore-cpu-x86-64/venv/lib64/python3.12/site-packages/pip/_vendor/rich/_log_render.py", "Python", 81, 0, 0, 0, 0, 0, 0, 0, 0, 0, 0, 0, 0, 0, 0, 0, 14, 95
"/home/franco/Documents/GitHub/Simulatore-cpu-x86-64/venv/lib64/python3.12/site-packages/pip/_vendor/rich/_loop.py", "Python", 33, 0, 0, 0, 0, 0, 0, 0, 0, 0, 0, 0, 0, 0, 0, 3, 8, 44
"/home/franco/Documents/GitHub/Simulatore-cpu-x86-64/venv/lib64/python3.12/site-packages/pip/_vendor/rich/_null_file.py", "Python", 47, 0, 0, 0, 0, 0, 0, 0, 0, 0, 0, 0, 0, 0, 0, 0, 23, 70
"/home/franco/Documents/GitHub/Simulatore-cpu-x86-64/venv/lib64/python3.12/site-packages/pip/_vendor/rich/_palettes.py", "Python", 301, 0, 0, 0, 0, 0, 0, 0, 0, 0, 0, 0, 0, 0, 0, 3, 6, 310
"/home/franco/Documents/GitHub/Simulatore-cpu-x86-64/venv/lib64/python3.12/site-packages/pip/_vendor/rich/_pick.py", "Python", 7, 0, 0, 0, 0, 0, 0, 0, 0, 0, 0, 0, 0, 0, 0, 8, 3, 18
"/home/franco/Documents/GitHub/Simulatore-cpu-x86-64/venv/lib64/python3.12/site-packages/pip/_vendor/rich/_ratio.py", "Python", 92, 0, 0, 0, 0, 0, 0, 0, 0, 0, 0, 0, 0, 0, 0, 49, 20, 161
"/home/franco/Documents/GitHub/Simulatore-cpu-x86-64/venv/lib64/python3.12/site-packages/pip/_vendor/rich/_spinners.py", "Python", 461, 0, 0, 0, 0, 0, 0, 0, 0, 0, 0, 0, 0, 0, 0, 20, 2, 483
"/home/franco/Documents/GitHub/Simulatore-cpu-x86-64/venv/lib64/python3.12/site-packages/pip/_vendor/rich/_stack.py", "Python", 8, 0, 0, 0, 0, 0, 0, 0, 0, 0, 0, 0, 0, 0, 0, 3, 6, 17
"/home/franco/Documents/GitHub/Simulatore-cpu-x86-64/venv/lib64/python3.12/site-packages/pip/_vendor/rich/_timer.py", "Python", 10, 0, 0, 0, 0, 0, 0, 0, 0, 0, 0, 0, 0, 0, 0, 5, 5, 20
"/home/franco/Documents/GitHub/Simulatore-cpu-x86-64/venv/lib64/python3.12/site-packages/pip/_vendor/rich/_win32_console.py", "Python", 391, 0, 0, 0, 0, 0, 0, 0, 0, 0, 0, 0, 0, 0, 0, 173, 99, 663
"/home/franco/Documents/GitHub/Simulatore-cpu-x86-64/venv/lib64/python3.12/site-packages/pip/_vendor/rich/_windows.py", "Python", 48, 0, 0, 0, 0, 0, 0, 0, 0, 0, 0, 0, 0, 0, 0, 9, 16, 73
"/home/franco/Documents/GitHub/Simulatore-cpu-x86-64/venv/lib64/python3.12/site-packages/pip/_vendor/rich/_windows_renderer.py", "Python", 47, 0, 0, 0, 0, 0, 0, 0, 0, 0, 0, 0, 0, 0, 0, 6, 4, 57
"/home/franco/Documents/GitHub/Simulatore-cpu-x86-64/venv/lib64/python3.12/site-packages/pip/_vendor/rich/_wrap.py", "Python", 46, 0, 0, 0, 0, 0, 0, 0, 0, 0, 0, 0, 0, 0, 0, 0, 11, 57
"/home/franco/Documents/GitHub/Simulatore-cpu-x86-64/venv/lib64/python3.12/site-packages/pip/_vendor/rich/abc.py", "Python", 15, 0, 0, 0, 0, 0, 0, 0, 0, 0, 0, 0, 0, 0, 0, 10, 9, 34
"/home/franco/Documents/GitHub/Simulatore-cpu-x86-64/venv/lib64/python3.12/site-packages/pip/_vendor/rich/align.py", "Python", 248, 0, 0, 0, 0, 0, 0, 0, 0, 0, 0, 0, 0, 0, 0, 30, 34, 312
"/home/franco/Documents/GitHub/Simulatore-cpu-x86-64/venv/lib64/python3.12/site-packages/pip/_vendor/rich/ansi.py", "Python", 40, 0, 0, 0, 0, 0, 0, 0, 0, 0, 0, 0, 0, 0, 0, 193, 8, 241
"/home/franco/Documents/GitHub/Simulatore-cpu-x86-64/venv/lib64/python3.12/site-packages/pip/_vendor/rich/bar.py", "Python", 62, 0, 0, 0, 0, 0, 0, 0, 0, 0, 0, 0, 0, 0, 0, 15, 18, 95
"/home/franco/Documents/GitHub/Simulatore-cpu-x86-64/venv/lib64/python3.12/site-packages/pip/_vendor/rich/box.py", "Python", 211, 0, 0, 0, 0, 0, 0, 0, 0, 0, 0, 0, 0, 0, 0, 253, 54, 518
"/home/franco/Documents/GitHub/Simulatore-cpu-x86-64/venv/lib64/python3.12/site-packages/pip/_vendor/rich/cells.py", "Python", 88, 0, 0, 0, 0, 0, 0, 0, 0, 0, 0, 0, 0, 0, 0, 42, 25, 155
"/home/franco/Documents/GitHub/Simulatore-cpu-x86-64/venv/lib64/python3.12/site-packages/pip/_vendor/rich/color.py", "Python", 538, 0, 0, 0, 0, 0, 0, 0, 0, 0, 0, 0, 0, 0, 0, 57, 28, 623
"/home/franco/Documents/GitHub/Simulatore-cpu-x86-64/venv/lib64/python3.12/site-packages/pip/_vendor/rich/color_triplet.py", "Python", 17, 0, 0, 0, 0, 0, 0, 0, 0, 0, 0, 0, 0, 0, 0, 15, 7, 39
"/home/franco/Documents/GitHub/Simulatore-cpu-x86-64/venv/lib64/python3.12/site-packages/pip/_vendor/rich/columns.py", "Python", 150, 0, 0, 0, 0, 0, 0, 0, 0, 0, 0, 0, 0, 0, 0, 19, 19, 188
"/home/franco/Documents/GitHub/Simulatore-cpu-x86-64/venv/lib64/python3.12/site-packages/pip/_vendor/rich/console.py", "Python", 1616, 0, 0, 0, 0, 0, 0, 0, 0, 0, 0, 0, 0, 0, 0, 761, 257, 2634
"/home/franco/Documents/GitHub/Simulatore-cpu-x86-64/venv/lib64/python3.12/site-packages/pip/_vendor/rich/constrain.py", "Python", 24, 0, 0, 0, 0, 0, 0, 0, 0, 0, 0, 0, 0, 0, 0, 6, 8, 38
"/home/franco/Documents/GitHub/Simulatore-cpu-x86-64/venv/lib64/python3.12/site-packages/pip/_vendor/rich/containers.py", "Python", 128, 0, 0, 0, 0, 0, 0, 0, 0, 0, 0, 0, 0, 0, 0, 13, 27, 168
"/home/franco/Documents/GitHub/Simulatore-cpu-x86-64/venv/lib64/python3.12/site-packages/pip/_vendor/rich/control.py", "Python", 132, 0, 0, 0, 0, 0, 0, 0, 0, 0, 0, 0, 0, 0, 0, 62, 32, 226
"/home/franco/Documents/GitHub/Simulatore-cpu-x86-64/venv/lib64/python3.12/site-packages/pip/_vendor/rich/default_styles.py", "Python", 181, 0, 0, 0, 0, 0, 0, 0, 0, 0, 0, 0, 0, 0, 0, 0, 10, 191
"/home/franco/Documents/GitHub/Simulatore-cpu-x86-64/venv/lib64/python3.12/site-packages/pip/_vendor/rich/diagnose.py", "Python", 29, 0, 0, 0, 0, 0, 0, 0, 0, 0, 0, 0, 0, 0, 0, 1, 8, 38
"/home/franco/Documents/GitHub/Simulatore-cpu-x86-64/venv/lib64/python3.12/site-packages/pip/_vendor/rich/emoji.py", "Python", 56, 0, 0, 0, 0, 0, 0, 0, 0, 0, 0, 0, 0, 0, 0, 18, 23, 97
"/home/franco/Documents/GitHub/Simulatore-cpu-x86-64/venv/lib64/python3.12/site-packages/pip/_vendor/rich/errors.py", "Python", 9, 0, 0, 0, 0, 0, 0, 0, 0, 0, 0, 0, 0, 0, 0, 9, 17, 35
"/home/franco/Documents/GitHub/Simulatore-cpu-x86-64/venv/lib64/python3.12/site-packages/pip/_vendor/rich/file_proxy.py", "Python", 45, 0, 0, 0, 0, 0, 0, 0, 0, 0, 0, 0, 0, 0, 0, 2, 11, 58
"/home/franco/Documents/GitHub/Simulatore-cpu-x86-64/venv/lib64/python3.12/site-packages/pip/_vendor/rich/filesize.py", "Python", 43, 0, 0, 0, 0, 0, 0, 0, 0, 0, 0, 0, 0, 0, 0, 37, 10, 90
"/home/franco/Documents/GitHub/Simulatore-cpu-x86-64/venv/lib64/python3.12/site-packages/pip/_vendor/rich/highlighter.py", "Python", 120, 0, 0, 0, 0, 0, 0, 0, 0, 0, 0, 0, 0, 0, 0, 77, 36, 233
"/home/franco/Documents/GitHub/Simulatore-cpu-x86-64/venv/lib64/python3.12/site-packages/pip/_vendor/rich/json.py", "Python", 94, 0, 0, 0, 0, 0, 0, 0, 0, 0, 0, 0, 0, 0, 0, 32, 15, 141
"/home/franco/Documents/GitHub/Simulatore-cpu-x86-64/venv/lib64/python3.12/site-packages/pip/_vendor/rich/jupyter.py", "Python", 72, 0, 0, 0, 0, 0, 0, 0, 0, 0, 0, 0, 0, 0, 0, 7, 23, 102
"/home/franco/Documents/GitHub/Simulatore-cpu-x86-64/venv/lib64/python3.12/site-packages/pip/_vendor/rich/layout.py", "Python", 291, 0, 0, 0, 0, 0, 0, 0, 0, 0, 0, 0, 0, 0, 0, 80, 73, 444
"/home/franco/Documents/GitHub/Simulatore-cpu-x86-64/venv/lib64/python3.12/site-packages/pip/_vendor/rich/live.py", "Python", 287, 0, 0, 0, 0, 0, 0, 0, 0, 0, 0, 0, 0, 0, 0, 44, 45, 376
"/home/franco/Documents/GitHub/Simulatore-cpu-x86-64/venv/lib64/python3.12/site-packages/pip/_vendor/rich/live_render.py", "Python", 78, 0, 0, 0, 0, 0, 0, 0, 0, 0, 0, 0, 0, 0, 0, 21, 15, 114
"/home/franco/Documents/GitHub/Simulatore-cpu-x86-64/venv/lib64/python3.12/site-packages/pip/_vendor/rich/logging.py", "Python", 202, 0, 0, 0, 0, 0, 0, 0, 0, 0, 0, 0, 0, 0, 0, 63, 25, 290
"/home/franco/Documents/GitHub/Simulatore-cpu-x86-64/venv/lib64/python3.12/site-packages/pip/_vendor/rich/markup.py", "Python", 172, 0, 0, 0, 0, 0, 0, 0, 0, 0, 0, 0, 0, 0, 0, 35, 40, 247
"/home/franco/Documents/GitHub/Simulatore-cpu-x86-64/venv/lib64/python3.12/site-packages/pip/_vendor/rich/measure.py", "Python", 80, 0, 0, 0, 0, 0, 0, 0, 0, 0, 0, 0, 0, 0, 0, 58, 14, 152
"/home/franco/Documents/GitHub/Simulatore-cpu-x86-64/venv/lib64/python3.12/site-packages/pip/_vendor/rich/padding.py", "Python", 103, 0, 0, 0, 0, 0, 0, 0, 0, 0, 0, 0, 0, 0, 0, 22, 17, 142
"/home/franco/Documents/GitHub/Simulatore-cpu-x86-64/venv/lib64/python3.12/site-packages/pip/_vendor/rich/pager.py", "Python", 16, 0, 0, 0, 0, 0, 0, 0, 0, 0, 0, 0, 0, 0, 0, 8, 11, 35
"/home/franco/Documents/GitHub/Simulatore-cpu-x86-64/venv/lib64/python3.12/site-packages/pip/_vendor/rich/palette.py", "Python", 74, 0, 0, 0, 0, 0, 0, 0, 0, 0, 0, 0, 0, 0, 0, 11, 16, 101
"/home/franco/Documents/GitHub/Simulatore-cpu-x86-64/venv/lib64/python3.12/site-packages/pip/_vendor/rich/panel.py", "Python", 249, 0, 0, 0, 0, 0, 0, 0, 0, 0, 0, 0, 0, 0, 0, 32, 28, 309
"/home/franco/Documents/GitHub/Simulatore-cpu-x86-64/venv/lib64/python3.12/site-packages/pip/_vendor/rich/pretty.py", "Python", 745, 0, 0, 0, 0, 0, 0, 0, 0, 0, 0, 0, 0, 0, 0, 149, 101, 995
"/home/franco/Documents/GitHub/Simulatore-cpu-x86-64/venv/lib64/python3.12/site-packages/pip/_vendor/rich/progress.py", "Python", 1126, 0, 0, 0, 0, 0, 0, 0, 0, 0, 0, 0, 0, 0, 0, 366, 211, 1703
"/home/franco/Documents/GitHub/Simulatore-cpu-x86-64/venv/lib64/python3.12/site-packages/pip/_vendor/rich/progress_bar.py", "Python", 162, 0, 0, 0, 0, 0, 0, 0, 0, 0, 0, 0, 0, 0, 0, 38, 25, 225
"/home/franco/Documents/GitHub/Simulatore-cpu-x86-64/venv/lib64/python3.12/site-packages/pip/_vendor/rich/prompt.py", "Python", 202, 0, 0, 0, 0, 0, 0, 0, 0, 0, 0, 0, 0, 0, 0, 120, 55, 377
"/home/franco/Documents/GitHub/Simulatore-cpu-x86-64/venv/lib64/python3.12/site-packages/pip/_vendor/rich/protocol.py", "Python", 24, 0, 0, 0, 0, 0, 0, 0, 0, 0, 0, 0, 0, 0, 0, 10, 9, 43
"/home/franco/Documents/GitHub/Simulatore-cpu-x86-64/venv/lib64/python3.12/site-packages/pip/_vendor/rich/region.py", "Python", 6, 0, 0, 0, 0, 0, 0, 0, 0, 0, 0, 0, 0, 0, 0, 1, 4, 11
"/home/franco/Documents/GitHub/Simulatore-cpu-x86-64/venv/lib64/python3.12/site-packages/pip/_vendor/rich/repr.py", "Python", 112, 0, 0, 0, 0, 0, 0, 0, 0, 0, 0, 0, 0, 0, 0, 4, 34, 150
"/home/franco/Documents/GitHub/Simulatore-cpu-x86-64/venv/lib64/python3.12/site-packages/pip/_vendor/rich/rule.py", "Python", 101, 0, 0, 0, 0, 0, 0, 0, 0, 0, 0, 0, 0, 0, 0, 9, 21, 131
"/home/franco/Documents/GitHub/Simulatore-cpu-x86-64/venv/lib64/python3.12/site-packages/pip/_vendor/rich/scope.py", "Python", 60, 0, 0, 0, 0, 0, 0, 0, 0, 0, 0, 0, 0, 0, 0, 15, 12, 87
"/home/franco/Documents/GitHub/Simulatore-cpu-x86-64/venv/lib64/python3.12/site-packages/pip/_vendor/rich/screen.py", "Python", 39, 0, 0, 0, 0, 0, 0, 0, 0, 0, 0, 0, 0, 0, 0, 6, 10, 55
"/home/franco/Documents/GitHub/Simulatore-cpu-x86-64/venv/lib64/python3.12/site-packages/pip/_vendor/rich/segment.py", "Python", 466, 0, 0, 0, 0, 0, 0, 0, 0, 0, 0, 0, 0, 0, 0, 200, 74, 740
"/home/franco/Documents/GitHub/Simulatore-cpu-x86-64/venv/lib64/python3.12/site-packages/pip/_vendor/rich/spinner.py", "Python", 94, 0, 0, 0, 0, 0, 0, 0, 0, 0, 0, 0, 0, 0, 0, 26, 18, 138
"/home/franco/Documents/GitHub/Simulatore-cpu-x86-64/venv/lib64/python3.12/site-packages/pip/_vendor/rich/status.py", "Python", 94, 0, 0, 0, 0, 0, 0, 0, 0, 0, 0, 0, 0, 0, 0, 21, 18, 133
"/home/franco/Documents/GitHub/Simulatore-cpu-x86-64/venv/lib64/python3.12/site-packages/pip/_vendor/rich/style.py", "Python", 573, 0, 0, 0, 0, 0, 0, 0, 0, 0, 0, 0, 0, 0, 0, 155, 69, 797
"/home/franco/Documents/GitHub/Simulatore-cpu-x86-64/venv/lib64/python3.12/site-packages/pip/_vendor/rich/styled.py", "Python", 26, 0, 0, 0, 0, 0, 0, 0, 0, 0, 0, 0, 0, 0, 0, 6, 11, 43
"/home/franco/Documents/GitHub/Simulatore-cpu-x86-64/venv/lib64/python3.12/site-packages/pip/_vendor/rich/syntax.py", "Python", 710, 0, 0, 0, 0, 0, 0, 0, 0, 0, 0, 0, 0, 0, 0, 150, 89, 949
"/home/franco/Documents/GitHub/Simulatore-cpu-x86-64/venv/lib64/python3.12/site-packages/pip/_vendor/rich/table.py", "Python", 740, 0, 0, 0, 0, 0, 0, 0, 0, 0, 0, 0, 0, 0, 0, 151, 112, 1003
"/home/franco/Documents/GitHub/Simulatore-cpu-x86-64/venv/lib64/python3.12/site-packages/pip/_vendor/rich/terminal_theme.py", "Python", 135, 0, 0, 0, 0, 0, 0, 0, 0, 0, 0, 0, 0, 0, 0, 9, 10, 154
"/home/franco/Documents/GitHub/Simulatore-cpu-x86-64/venv/lib64/python3.12/site-packages/pip/_vendor/rich/text.py", "Python", 859, 0, 0, 0, 0, 0, 0, 0, 0, 0, 0, 0, 0, 0, 0, 319, 130, 1308
"/home/franco/Documents/GitHub/Simulatore-cpu-x86-64/venv/lib64/python3.12/site-packages/pip/_vendor/rich/theme.py", "Python", 58, 0, 0, 0, 0, 0, 0, 0, 0, 0, 0, 0, 0, 0, 0, 40, 18, 116
"/home/franco/Documents/GitHub/Simulatore-cpu-x86-64/venv/lib64/python3.12/site-packages/pip/_vendor/rich/themes.py", "Python", 3, 0, 0, 0, 0, 0, 0, 0, 0, 0, 0, 0, 0, 0, 0, 0, 3, 6
"/home/franco/Documents/GitHub/Simulatore-cpu-x86-64/venv/lib64/python3.12/site-packages/pip/_vendor/rich/traceback.py", "Python", 573, 0, 0, 0, 0, 0, 0, 0, 0, 0, 0, 0, 0, 0, 0, 112, 72, 757
"/home/franco/Documents/GitHub/Simulatore-cpu-x86-64/venv/lib64/python3.12/site-packages/pip/_vendor/rich/tree.py", "Python", 191, 0, 0, 0, 0, 0, 0, 0, 0, 0, 0, 0, 0, 0, 0, 28, 33, 252
"/home/franco/Documents/GitHub/Simulatore-cpu-x86-64/venv/lib64/python3.12/site-packages/pip/_vendor/six.py", "Python", 697, 0, 0, 0, 0, 0, 0, 0, 0, 0, 0, 0, 0, 0, 0, 121, 181, 999
"/home/franco/Documents/GitHub/Simulatore-cpu-x86-64/venv/lib64/python3.12/site-packages/pip/_vendor/tenacity/__init__.py", "Python", 422, 0, 0, 0, 0, 0, 0, 0, 0, 0, 0, 0, 0, 0, 0, 86, 101, 609
"/home/franco/Documents/GitHub/Simulatore-cpu-x86-64/venv/lib64/python3.12/site-packages/pip/_vendor/tenacity/_asyncio.py", "Python", 61, 0, 0, 0, 0, 0, 0, 0, 0, 0, 0, 0, 0, 0, 0, 18, 16, 95
"/home/franco/Documents/GitHub/Simulatore-cpu-x86-64/venv/lib64/python3.12/site-packages/pip/_vendor/tenacity/_utils.py", "Python", 40, 0, 0, 0, 0, 0, 0, 0, 0, 0, 0, 0, 0, 0, 0, 23, 14, 77
"/home/franco/Documents/GitHub/Simulatore-cpu-x86-64/venv/lib64/python3.12/site-packages/pip/_vendor/tenacity/after.py", "Python", 23, 0, 0, 0, 0, 0, 0, 0, 0, 0, 0, 0, 0, 0, 0, 18, 11, 52
"/home/franco/Documents/GitHub/Simulatore-cpu-x86-64/venv/lib64/python3.12/site-packages/pip/_vendor/tenacity/before.py", "Python", 18, 0, 0, 0, 0, 0, 0, 0, 0, 0, 0, 0, 0, 0, 0, 18, 11, 47
"/home/franco/Documents/GitHub/Simulatore-cpu-x86-64/venv/lib64/python3.12/site-packages/pip/_vendor/tenacity/before_sleep.py", "Python", 37, 0, 0, 0, 0, 0, 0, 0, 0, 0, 0, 0, 0, 0, 0, 18, 17, 72
"/home/franco/Documents/GitHub/Simulatore-cpu-x86-64/venv/lib64/python3.12/site-packages/pip/_vendor/tenacity/nap.py", "Python", 11, 0, 0, 0, 0, 0, 0, 0, 0, 0, 0, 0, 0, 0, 0, 24, 9, 44
"/home/franco/Documents/GitHub/Simulatore-cpu-x86-64/venv/lib64/python3.12/site-packages/pip/_vendor/tenacity/retry.py", "Python", 161, 0, 0, 0, 0, 0, 0, 0, 0, 0, 0, 0, 0, 0, 0, 36, 76, 273
"/home/franco/Documents/GitHub/Simulatore-cpu-x86-64/venv/lib64/python3.12/site-packages/pip/_vendor/tenacity/stop.py", "Python", 46, 0, 0, 0, 0, 0, 0, 0, 0, 0, 0, 0, 0, 0, 0, 22, 36, 104
"/home/franco/Documents/GitHub/Simulatore-cpu-x86-64/venv/lib64/python3.12/site-packages/pip/_vendor/tenacity/tornadoweb.py", "Python", 37, 0, 0, 0, 0, 0, 0, 0, 0, 0, 0, 0, 0, 0, 0, 13, 10, 60
"/home/franco/Documents/GitHub/Simulatore-cpu-x86-64/venv/lib64/python3.12/site-packages/pip/_vendor/tenacity/wait.py", "Python", 99, 0, 0, 0, 0, 0, 0, 0, 0, 0, 0, 0, 0, 0, 0, 85, 45, 229
"/home/franco/Documents/GitHub/Simulatore-cpu-x86-64/venv/lib64/python3.12/site-packages/pip/_vendor/tomli/__init__.py", "Python", 4, 0, 0, 0, 0, 0, 0, 0, 0, 0, 0, 0, 0, 0, 0, 4, 4, 12
"/home/franco/Documents/GitHub/Simulatore-cpu-x86-64/venv/lib64/python3.12/site-packages/pip/_vendor/tomli/_parser.py", "Python", 522, 0, 0, 0, 0, 0, 0, 0, 0, 0, 0, 0, 0, 0, 0, 59, 111, 692
"/home/franco/Documents/GitHub/Simulatore-cpu-x86-64/venv/lib64/python3.12/site-packages/pip/_vendor/tomli/_re.py", "Python", 32, 0, 0, 0, 0, 0, 0, 0, 0, 0, 0, 0, 0, 0, 0, 70, 6, 108
"/home/franco/Documents/GitHub/Simulatore-cpu-x86-64/venv/lib64/python3.12/site-packages/pip/_vendor/tomli/_types.py", "Python", 4, 0, 0, 0, 0, 0, 0, 0, 0, 0, 0, 0, 0, 0, 0, 4, 3, 11
"/home/franco/Documents/GitHub/Simulatore-cpu-x86-64/venv/lib64/python3.12/site-packages/pip/_vendor/truststore/__init__.py", "Python", 7, 0, 0, 0, 0, 0, 0, 0, 0, 0, 0, 0, 0, 0, 0, 1, 6, 14
"/home/franco/Documents/GitHub/Simulatore-cpu-x86-64/venv/lib64/python3.12/site-packages/pip/_vendor/truststore/_api.py", "Python", 222, 0, 0, 0, 0, 0, 0, 0, 0, 0, 0, 0, 0, 0, 0, 24, 57, 303
"/home/franco/Documents/GitHub/Simulatore-cpu-x86-64/venv/lib64/python3.12/site-packages/pip/_vendor/truststore/_macos.py", "Python", 369, 0, 0, 0, 0, 0, 0, 0, 0, 0, 0, 0, 0, 0, 0, 50, 83, 502
"/home/franco/Documents/GitHub/Simulatore-cpu-x86-64/venv/lib64/python3.12/site-packages/pip/_vendor/truststore/_openssl.py", "Python", 36, 0, 0, 0, 0, 0, 0, 0, 0, 0, 0, 0, 0, 0, 0, 21, 10, 67
"/home/franco/Documents/GitHub/Simulatore-cpu-x86-64/venv/lib64/python3.12/site-packages/pip/_vendor/truststore/_ssl_constants.py", "Python", 17, 0, 0, 0, 0, 0, 0, 0, 0, 0, 0, 0, 0, 0, 0, 7, 8, 32
"/home/franco/Documents/GitHub/Simulatore-cpu-x86-64/venv/lib64/python3.12/site-packages/pip/_vendor/truststore/_windows.py", "Python", 450, 0, 0, 0, 0, 0, 0, 0, 0, 0, 0, 0, 0, 0, 0, 23, 82, 555
"/home/franco/Documents/GitHub/Simulatore-cpu-x86-64/venv/lib64/python3.12/site-packages/pip/_vendor/typing_extensions.py", "Python", 1722, 0, 0, 0, 0, 0, 0, 0, 0, 0, 0, 0, 0, 0, 0, 1001, 350, 3073
"/home/franco/Documents/GitHub/Simulatore-cpu-x86-64/venv/lib64/python3.12/site-packages/pip/_vendor/urllib3/__init__.py", "Python", 61, 0, 0, 0, 0, 0, 0, 0, 0, 0, 0, 0, 0, 0, 0, 27, 15, 103
"/home/franco/Documents/GitHub/Simulatore-cpu-x86-64/venv/lib64/python3.12/site-packages/pip/_vendor/urllib3/_collections.py", "Python", 210, 0, 0, 0, 0, 0, 0, 0, 0, 0, 0, 0, 0, 0, 0, 87, 59, 356
"/home/franco/Documents/GitHub/Simulatore-cpu-x86-64/venv/lib64/python3.12/site-packages/pip/_vendor/urllib3/_version.py", "Python", 1, 0, 0, 0, 0, 0, 0, 0, 0, 0, 0, 0, 0, 0, 0, 1, 1, 3
"/home/franco/Documents/GitHub/Simulatore-cpu-x86-64/venv/lib64/python3.12/site-packages/pip/_vendor/urllib3/connection.py", "Python", 366, 0, 0, 0, 0, 0, 0, 0, 0, 0, 0, 0, 0, 0, 0, 120, 87, 573
"/home/franco/Documents/GitHub/Simulatore-cpu-x86-64/venv/lib64/python3.12/site-packages/pip/_vendor/urllib3/connectionpool.py", "Python", 620, 0, 0, 0, 0, 0, 0, 0, 0, 0, 0, 0, 0, 0, 0, 383, 135, 1138
"/home/franco/Documents/GitHub/Simulatore-cpu-x86-64/venv/lib64/python3.12/site-packages/pip/_vendor/urllib3/contrib/__init__.py", "Python", 0, 0, 0, 0, 0, 0, 0, 0, 0, 0, 0, 0, 0, 0, 0, 0, 1, 1
"/home/franco/Documents/GitHub/Simulatore-cpu-x86-64/venv/lib64/python3.12/site-packages/pip/_vendor/urllib3/contrib/_appengine_environ.py", "Python", 15, 0, 0, 0, 0, 0, 0, 0, 0, 0, 0, 0, 0, 0, 0, 10, 12, 37
"/home/franco/Documents/GitHub/Simulatore-cpu-x86-64/venv/lib64/python3.12/site-packages/pip/_vendor/urllib3/contrib/_securetransport/__init__.py", "Python", 0, 0, 0, 0, 0, 0, 0, 0, 0, 0, 0, 0, 0, 0, 0, 0, 1, 1
"/home/franco/Documents/GitHub/Simulatore-cpu-x86-64/venv/lib64/python3.12/site-packages/pip/_vendor/urllib3/contrib/_securetransport/bindings.py", "Python", 380, 0, 0, 0, 0, 0, 0, 0, 0, 0, 0, 0, 0, 0, 0, 48, 92, 520
"/home/franco/Documents/GitHub/Simulatore-cpu-x86-64/venv/lib64/python3.12/site-packages/pip/_vendor/urllib3/contrib/_securetransport/low_level.py", "Python", 218, 0, 0, 0, 0, 0, 0, 0, 0, 0, 0, 0, 0, 0, 0, 122, 58, 398
"/home/franco/Documents/GitHub/Simulatore-cpu-x86-64/venv/lib64/python3.12/site-packages/pip/_vendor/urllib3/contrib/appengine.py", "Python", 201, 0, 0, 0, 0, 0, 0, 0, 0, 0, 0, 0, 0, 0, 0, 68, 46, 315
"/home/franco/Documents/GitHub/Simulatore-cpu-x86-64/venv/lib64/python3.12/site-packages/pip/_vendor/urllib3/contrib/ntlmpool.py", "Python", 92, 0, 0, 0, 0, 0, 0, 0, 0, 0, 0, 0, 0, 0, 0, 20, 19, 131
"/home/franco/Documents/GitHub/Simulatore-cpu-x86-64/venv/lib64/python3.12/site-packages/pip/_vendor/urllib3/contrib/pyopenssl.py", "Python", 323, 0, 0, 0, 0, 0, 0, 0, 0, 0, 0, 0, 0, 0, 0, 106, 90, 519
"/home/franco/Documents/GitHub/Simulatore-cpu-x86-64/venv/lib64/python3.12/site-packages/pip/_vendor/urllib3/contrib/securetransport.py", "Python", 543, 0, 0, 0, 0, 0, 0, 0, 0, 0, 0, 0, 0, 0, 0, 252, 127, 922
"/home/franco/Documents/GitHub/Simulatore-cpu-x86-64/venv/lib64/python3.12/site-packages/pip/_vendor/urllib3/contrib/socks.py", "Python", 129, 0, 0, 0, 0, 0, 0, 0, 0, 0, 0, 0, 0, 0, 0, 56, 32, 217
"/home/franco/Documents/GitHub/Simulatore-cpu-x86-64/venv/lib64/python3.12/site-packages/pip/_vendor/urllib3/exceptions.py", "Python", 128, 0, 0, 0, 0, 0, 0, 0, 0, 0, 0, 0, 0, 0, 0, 69, 127, 324
"/home/franco/Documents/GitHub/Simulatore-cpu-x86-64/venv/lib64/python3.12/site-packages/pip/_vendor/urllib3/fields.py", "Python", 122, 0, 0, 0, 0, 0, 0, 0, 0, 0, 0, 0, 0, 0, 0, 111, 42, 275
"/home/franco/Documents/GitHub/Simulatore-cpu-x86-64/venv/lib64/python3.12/site-packages/pip/_vendor/urllib3/filepost.py", "Python", 46, 0, 0, 0, 0, 0, 0, 0, 0, 0, 0, 0, 0, 0, 0, 31, 22, 99
"/home/franco/Documents/GitHub/Simulatore-cpu-x86-64/venv/lib64/python3.12/site-packages/pip/_vendor/urllib3/packages/__init__.py", "Python", 0, 0, 0, 0, 0, 0, 0, 0, 0, 0, 0, 0, 0, 0, 0, 0, 1, 1
"/home/franco/Documents/GitHub/Simulatore-cpu-x86-64/venv/lib64/python3.12/site-packages/pip/_vendor/urllib3/packages/backports/__init__.py", "Python", 0, 0, 0, 0, 0, 0, 0, 0, 0, 0, 0, 0, 0, 0, 0, 0, 1, 1
"/home/franco/Documents/GitHub/Simulatore-cpu-x86-64/venv/lib64/python3.12/site-packages/pip/_vendor/urllib3/packages/backports/makefile.py", "Python", 38, 0, 0, 0, 0, 0, 0, 0, 0, 0, 0, 0, 0, 0, 0, 11, 3, 52
"/home/franco/Documents/GitHub/Simulatore-cpu-x86-64/venv/lib64/python3.12/site-packages/pip/_vendor/urllib3/packages/backports/weakref_finalize.py", "Python", 97, 0, 0, 0, 0, 0, 0, 0, 0, 0, 0, 0, 0, 0, 0, 39, 20, 156
"/home/franco/Documents/GitHub/Simulatore-cpu-x86-64/venv/lib64/python3.12/site-packages/pip/_vendor/urllib3/packages/six.py", "Python", 735, 0, 0, 0, 0, 0, 0, 0, 0, 0, 0, 0, 0, 0, 0, 133, 209, 1077
"/home/franco/Documents/GitHub/Simulatore-cpu-x86-64/venv/lib64/python3.12/site-packages/pip/_vendor/urllib3/poolmanager.py", "Python", 277, 0, 0, 0, 0, 0, 0, 0, 0, 0, 0, 0, 0, 0, 0, 200, 80, 557
"/home/franco/Documents/GitHub/Simulatore-cpu-x86-64/venv/lib64/python3.12/site-packages/pip/_vendor/urllib3/request.py", "Python", 85, 0, 0, 0, 0, 0, 0, 0, 0, 0, 0, 0, 0, 0, 0, 80, 27, 192
"/home/franco/Documents/GitHub/Simulatore-cpu-x86-64/venv/lib64/python3.12/site-packages/pip/_vendor/urllib3/response.py", "Python", 534, 0, 0, 0, 0, 0, 0, 0, 0, 0, 0, 0, 0, 0, 0, 233, 113, 880
"/home/franco/Documents/GitHub/Simulatore-cpu-x86-64/venv/lib64/python3.12/site-packages/pip/_vendor/urllib3/util/__init__.py", "Python", 46, 0, 0, 0, 0, 0, 0, 0, 0, 0, 0, 0, 0, 0, 0, 1, 3, 50
"/home/franco/Documents/GitHub/Simulatore-cpu-x86-64/venv/lib64/python3.12/site-packages/pip/_vendor/urllib3/util/connection.py", "Python", 79, 0, 0, 0, 0, 0, 0, 0, 0, 0, 0, 0, 0, 0, 0, 42, 29, 150
"/home/franco/Documents/GitHub/Simulatore-cpu-x86-64/venv/lib64/python3.12/site-packages/pip/_vendor/urllib3/util/proxy.py", "Python", 30, 0, 0, 0, 0, 0, 0, 0, 0, 0, 0, 0, 0, 0, 0, 18, 10, 58
"/home/franco/Documents/GitHub/Simulatore-cpu-x86-64/venv/lib64/python3.12/site-packages/pip/_vendor/urllib3/util/queue.py", "Python", 14, 0, 0, 0, 0, 0, 0, 0, 0, 0, 0, 0, 0, 0, 0, 1, 8, 23
"/home/franco/Documents/GitHub/Simulatore-cpu-x86-64/venv/lib64/python3.12/site-packages/pip/_vendor/urllib3/util/request.py", "Python", 65, 0, 0, 0, 0, 0, 0, 0, 0, 0, 0, 0, 0, 0, 0, 54, 19, 138
"/home/franco/Documents/GitHub/Simulatore-cpu-x86-64/venv/lib64/python3.12/site-packages/pip/_vendor/urllib3/util/response.py", "Python", 44, 0, 0, 0, 0, 0, 0, 0, 0, 0, 0, 0, 0, 0, 0, 45, 19, 108
"/home/franco/Documents/GitHub/Simulatore-cpu-x86-64/venv/lib64/python3.12/site-packages/pip/_vendor/urllib3/util/retry.py", "Python", 346, 0, 0, 0, 0, 0, 0, 0, 0, 0, 0, 0, 0, 0, 0, 203, 74, 623
"/home/franco/Documents/GitHub/Simulatore-cpu-x86-64/venv/lib64/python3.12/site-packages/pip/_vendor/urllib3/util/ssl_.py", "Python", 272, 0, 0, 0, 0, 0, 0, 0, 0, 0, 0, 0, 0, 0, 0, 149, 75, 496
"/home/franco/Documents/GitHub/Simulatore-cpu-x86-64/venv/lib64/python3.12/site-packages/pip/_vendor/urllib3/util/ssl_match_hostname.py", "Python", 85, 0, 0, 0, 0, 0, 0, 0, 0, 0, 0, 0, 0, 0, 0, 54, 21, 160
"/home/franco/Documents/GitHub/Simulatore-cpu-x86-64/venv/lib64/python3.12/site-packages/pip/_vendor/urllib3/util/ssltransport.py", "Python", 155, 0, 0, 0, 0, 0, 0, 0, 0, 0, 0, 0, 0, 0, 0, 29, 38, 222
"/home/franco/Documents/GitHub/Simulatore-cpu-x86-64/venv/lib64/python3.12/site-packages/pip/_vendor/urllib3/util/timeout.py", "Python", 93, 0, 0, 0, 0, 0, 0, 0, 0, 0, 0, 0, 0, 0, 0, 152, 27, 272
"/home/franco/Documents/GitHub/Simulatore-cpu-x86-64/venv/lib64/python3.12/site-packages/pip/_vendor/urllib3/util/url.py", "Python", 263, 0, 0, 0, 0, 0, 0, 0, 0, 0, 0, 0, 0, 0, 0, 107, 66, 436
"/home/franco/Documents/GitHub/Simulatore-cpu-x86-64/venv/lib64/python3.12/site-packages/pip/_vendor/urllib3/util/wait.py", "Python", 83, 0, 0, 0, 0, 0, 0, 0, 0, 0, 0, 0, 0, 0, 0, 44, 26, 153
"/home/franco/Documents/GitHub/Simulatore-cpu-x86-64/venv/lib64/python3.12/site-packages/pip/_vendor/webencodings/__init__.py", "Python", 118, 0, 0, 0, 0, 0, 0, 0, 0, 0, 0, 0, 0, 0, 0, 183, 42, 343
"/home/franco/Documents/GitHub/Simulatore-cpu-x86-64/venv/lib64/python3.12/site-packages/pip/_vendor/webencodings/labels.py", "Python", 216, 0, 0, 0, 0, 0, 0, 0, 0, 0, 0, 0, 0, 0, 0, 13, 3, 232
"/home/franco/Documents/GitHub/Simulatore-cpu-x86-64/venv/lib64/python3.12/site-packages/pip/_vendor/webencodings/mklabels.py", "Python", 26, 0, 0, 0, 0, 0, 0, 0, 0, 0, 0, 0, 0, 0, 0, 24, 10, 60
"/home/franco/Documents/GitHub/Simulatore-cpu-x86-64/venv/lib64/python3.12/site-packages/pip/_vendor/webencodings/tests.py", "Python", 116, 0, 0, 0, 0, 0, 0, 0, 0, 0, 0, 0, 0, 0, 0, 13, 25, 154
"/home/franco/Documents/GitHub/Simulatore-cpu-x86-64/venv/lib64/python3.12/site-packages/pip/_vendor/webencodings/x_user_defined.py", "Python", 285, 0, 0, 0, 0, 0, 0, 0, 0, 0, 0, 0, 0, 0, 0, 18, 23, 326
"/home/franco/Documents/GitHub/Simulatore-cpu-x86-64/venv/lib64/python3.12/site-packages/pybind11/__init__.py", "Python", 14, 0, 0, 0, 0, 0, 0, 0, 0, 0, 0, 0, 0, 0, 0, 0, 6, 20
"/home/franco/Documents/GitHub/Simulatore-cpu-x86-64/venv/lib64/python3.12/site-packages/pybind11/__main__.py", "Python", 74, 0, 0, 0, 0, 0, 0, 0, 0, 0, 0, 0, 0, 0, 0, 9, 15, 98
"/home/franco/Documents/GitHub/Simulatore-cpu-x86-64/venv/lib64/python3.12/site-packages/pybind11/_version.py", "Python", 8, 0, 0, 0, 0, 0, 0, 0, 0, 0, 0, 0, 0, 0, 0, 0, 5, 13
"/home/franco/Documents/GitHub/Simulatore-cpu-x86-64/venv/lib64/python3.12/site-packages/pybind11/commands.py", "Python", 19, 0, 0, 0, 0, 0, 0, 0, 0, 0, 0, 0, 0, 0, 0, 10, 11, 40
"/home/franco/Documents/GitHub/Simulatore-cpu-x86-64/venv/lib64/python3.12/site-packages/pybind11/include/pybind11/attr.h", "C++", 0, 0, 439, 0, 0, 0, 0, 0, 0, 0, 0, 0, 0, 0, 0, 151, 133, 723
"/home/franco/Documents/GitHub/Simulatore-cpu-x86-64/venv/lib64/python3.12/site-packages/pybind11/include/pybind11/buffer_info.h", "C++", 0, 0, 154, 0, 0, 0, 0, 0, 0, 0, 0, 0, 0, 0, 0, 25, 30, 209
"/home/franco/Documents/GitHub/Simulatore-cpu-x86-64/venv/lib64/python3.12/site-packages/pybind11/include/pybind11/cast.h", "C++", 0, 0, 1855, 0, 0, 0, 0, 0, 0, 0, 0, 0, 0, 0, 0, 248, 259, 2362
"/home/franco/Documents/GitHub/Simulatore-cpu-x86-64/venv/lib64/python3.12/site-packages/pybind11/include/pybind11/chrono.h", "C++", 0, 0, 165, 0, 0, 0, 0, 0, 0, 0, 0, 0, 0, 0, 0, 31, 33, 229
"/home/franco/Documents/GitHub/Simulatore-cpu-x86-64/venv/lib64/python3.12/site-packages/pybind11/include/pybind11/common.h", "C++", 0, 0, 2, 0, 0, 0, 0, 0, 0, 0, 0, 0, 0, 0, 0, 0, 1, 3
"/home/franco/Documents/GitHub/Simulatore-cpu-x86-64/venv/lib64/python3.12/site-packages/pybind11/include/pybind11/complex.h", "C++", 0, 0, 51, 0, 0, 0, 0, 0, 0, 0, 0, 0, 0, 0, 0, 9, 15, 75
"/home/franco/Documents/GitHub/Simulatore-cpu-x86-64/venv/lib64/python3.12/site-packages/pybind11/include/pybind11/conduit/pybind11_conduit_v1.h", "C++", 0, 0, 38, 0, 0, 0, 0, 0, 0, 0, 0, 0, 0, 0, 0, 71, 8, 117
"/home/franco/Documents/GitHub/Simulatore-cpu-x86-64/venv/lib64/python3.12/site-packages/pybind11/include/pybind11/conduit/pybind11_platform_abi_id.h", "C++", 0, 0, 66, 0, 0, 0, 0, 0, 0, 0, 0, 0, 0, 0, 0, 12, 10, 88
"/home/franco/Documents/GitHub/Simulatore-cpu-x86-64/venv/lib64/python3.12/site-packages/pybind11/include/pybind11/conduit/wrap_include_python_h.h", "C++", 0, 0, 38, 0, 0, 0, 0, 0, 0, 0, 0, 0, 0, 0, 0, 23, 12, 73
"/home/franco/Documents/GitHub/Simulatore-cpu-x86-64/venv/lib64/python3.12/site-packages/pybind11/include/pybind11/critical_section.h", "C++", 0, 0, 43, 0, 0, 0, 0, 0, 0, 0, 0, 0, 0, 0, 0, 5, 9, 57
"/home/franco/Documents/GitHub/Simulatore-cpu-x86-64/venv/lib64/python3.12/site-packages/pybind11/include/pybind11/detail/class.h", "C++", 0, 0, 571, 0, 0, 0, 0, 0, 0, 0, 0, 0, 0, 0, 0, 128, 125, 824
"/home/franco/Documents/GitHub/Simulatore-cpu-x86-64/venv/lib64/python3.12/site-packages/pybind11/include/pybind11/detail/common.h", "C++", 0, 0, 863, 0, 0, 0, 0, 0, 0, 0, 0, 0, 0, 0, 0, 347, 139, 1349
"/home/franco/Documents/GitHub/Simulatore-cpu-x86-64/venv/lib64/python3.12/site-packages/pybind11/include/pybind11/detail/cpp_conduit.h", "C++", 0, 0, 62, 0, 0, 0, 0, 0, 0, 0, 0, 0, 0, 0, 0, 2, 12, 76
"/home/franco/Documents/GitHub/Simulatore-cpu-x86-64/venv/lib64/python3.12/site-packages/pybind11/include/pybind11/detail/descr.h", "C++", 0, 0, 171, 0, 0, 0, 0, 0, 0, 0, 0, 0, 0, 0, 0, 19, 37, 227
"/home/franco/Documents/GitHub/Simulatore-cpu-x86-64/venv/lib64/python3.12/site-packages/pybind11/include/pybind11/detail/dynamic_raw_ptr_cast_if_possible.h", "C++", 0, 0, 27, 0, 0, 0, 0, 0, 0, 0, 0, 0, 0, 0, 0, 3, 10, 40
"/home/franco/Documents/GitHub/Simulatore-cpu-x86-64/venv/lib64/python3.12/site-packages/pybind11/include/pybind11/detail/exception_translation.h", "C++", 0, 0, 35, 0, 0, 0, 0, 0, 0, 0, 0, 0, 0, 0, 0, 27, 10, 72
"/home/franco/Documents/GitHub/Simulatore-cpu-x86-64/venv/lib64/python3.12/site-packages/pybind11/include/pybind11/detail/function_record_pyobject.h", "C++", 0, 0, 128, 0, 0, 0, 0, 0, 0, 0, 0, 0, 0, 0, 0, 34, 30, 192
"/home/franco/Documents/GitHub/Simulatore-cpu-x86-64/venv/lib64/python3.12/site-packages/pybind11/include/pybind11/detail/init.h", "C++", 0, 0, 402, 0, 0, 0, 0, 0, 0, 0, 0, 0, 0, 0, 0, 85, 52, 539
"/home/franco/Documents/GitHub/Simulatore-cpu-x86-64/venv/lib64/python3.12/site-packages/pybind11/include/pybind11/detail/internals.h", "C++", 0, 0, 596, 0, 0, 0, 0, 0, 0, 0, 0, 0, 0, 0, 0, 127, 77, 800
"/home/franco/Documents/GitHub/Simulatore-cpu-x86-64/venv/lib64/python3.12/site-packages/pybind11/include/pybind11/detail/native_enum_data.h", "C++", 0, 0, 178, 0, 0, 0, 0, 0, 0, 0, 0, 0, 0, 0, 0, 7, 25, 210
"/home/franco/Documents/GitHub/Simulatore-cpu-x86-64/venv/lib64/python3.12/site-packages/pybind11/include/pybind11/detail/pybind11_namespace_macros.h", "C++", 0, 0, 55, 0, 0, 0, 0, 0, 0, 0, 0, 0, 0, 0, 0, 17, 11, 83
"/home/franco/Documents/GitHub/Simulatore-cpu-x86-64/venv/lib64/python3.12/site-packages/pybind11/include/pybind11/detail/struct_smart_holder.h", "C++", 0, 0, 262, 0, 0, 0, 0, 0, 0, 0, 0, 0, 0, 0, 0, 74, 43, 379
"/home/franco/Documents/GitHub/Simulatore-cpu-x86-64/venv/lib64/python3.12/site-packages/pybind11/include/pybind11/detail/type_caster_base.h", "C++", 0, 0, 1158, 0, 0, 0, 0, 0, 0, 0, 0, 0, 0, 0, 0, 267, 167, 1592
"/home/franco/Documents/GitHub/Simulatore-cpu-x86-64/venv/lib64/python3.12/site-packages/pybind11/include/pybind11/detail/typeid.h", "C++", 0, 0, 44, 0, 0, 0, 0, 0, 0, 0, 0, 0, 0, 0, 0, 10, 12, 66
"/home/franco/Documents/GitHub/Simulatore-cpu-x86-64/venv/lib64/python3.12/site-packages/pybind11/include/pybind11/detail/using_smart_holder.h", "C++", 0, 0, 11, 0, 0, 0, 0, 0, 0, 0, 0, 0, 0, 0, 0, 3, 9, 23
"/home/franco/Documents/GitHub/Simulatore-cpu-x86-64/venv/lib64/python3.12/site-packages/pybind11/include/pybind11/detail/value_and_holder.h", "C++", 0, 0, 62, 0, 0, 0, 0, 0, 0, 0, 0, 0, 0, 0, 0, 16, 13, 91
"/home/franco/Documents/GitHub/Simulatore-cpu-x86-64/venv/lib64/python3.12/site-packages/pybind11/include/pybind11/eigen.h", "C++", 0, 0, 2, 0, 0, 0, 0, 0, 0, 0, 0, 0, 0, 0, 0, 8, 3, 13
"/home/franco/Documents/GitHub/Simulatore-cpu-x86-64/venv/lib64/python3.12/site-packages/pybind11/include/pybind11/eigen/common.h", "C++", 0, 0, 4, 0, 0, 0, 0, 0, 0, 0, 0, 0, 0, 0, 0, 3, 3, 10
"/home/franco/Documents/GitHub/Simulatore-cpu-x86-64/venv/lib64/python3.12/site-packages/pybind11/include/pybind11/eigen/matrix.h", "C++", 0, 0, 516, 0, 0, 0, 0, 0, 0, 0, 0, 0, 0, 0, 0, 122, 86, 724
"/home/franco/Documents/GitHub/Simulatore-cpu-x86-64/venv/lib64/python3.12/site-packages/pybind11/include/pybind11/eigen/tensor.h", "C++", 0, 0, 398, 0, 0, 0, 0, 0, 0, 0, 0, 0, 0, 0, 0, 23, 101, 522
"/home/franco/Documents/GitHub/Simulatore-cpu-x86-64/venv/lib64/python3.12/site-packages/pybind11/include/pybind11/embed.h", "C++", 0, 0, 158, 0, 0, 0, 0, 0, 0, 0, 0, 0, 0, 0, 0, 127, 36, 321
"/home/franco/Documents/GitHub/Simulatore-cpu-x86-64/venv/lib64/python3.12/site-packages/pybind11/include/pybind11/eval.h", "C++", 0, 0, 116, 0, 0, 0, 0, 0, 0, 0, 0, 0, 0, 0, 0, 20, 26, 162
"/home/franco/Documents/GitHub/Simulatore-cpu-x86-64/venv/lib64/python3.12/site-packages/pybind11/include/pybind11/functional.h", "C++", 0, 0, 104, 0, 0, 0, 0, 0, 0, 0, 0, 0, 0, 0, 0, 24, 20, 148
"/home/franco/Documents/GitHub/Simulatore-cpu-x86-64/venv/lib64/python3.12/site-packages/pybind11/include/pybind11/gil.h", "C++", 0, 0, 114, 0, 0, 0, 0, 0, 0, 0, 0, 0, 0, 0, 0, 51, 35, 200
"/home/franco/Documents/GitHub/Simulatore-cpu-x86-64/venv/lib64/python3.12/site-packages/pybind11/include/pybind11/gil_safe_call_once.h", "C++", 0, 0, 46, 0, 0, 0, 0, 0, 0, 0, 0, 0, 0, 0, 0, 46, 11, 103
"/home/franco/Documents/GitHub/Simulatore-cpu-x86-64/venv/lib64/python3.12/site-packages/pybind11/include/pybind11/gil_simple.h", "C++", 0, 0, 24, 0, 0, 0, 0, 0, 0, 0, 0, 0, 0, 0, 0, 4, 10, 38
"/home/franco/Documents/GitHub/Simulatore-cpu-x86-64/venv/lib64/python3.12/site-packages/pybind11/include/pybind11/iostream.h", "C++", 0, 0, 138, 0, 0, 0, 0, 0, 0, 0, 0, 0, 0, 0, 0, 97, 31, 266
"/home/franco/Documents/GitHub/Simulatore-cpu-x86-64/venv/lib64/python3.12/site-packages/pybind11/include/pybind11/native_enum.h", "C++", 0, 0, 50, 0, 0, 0, 0, 0, 0, 0, 0, 0, 0, 0, 0, 7, 11, 68
"/home/franco/Documents/GitHub/Simulatore-cpu-x86-64/venv/lib64/python3.12/site-packages/pybind11/include/pybind11/numpy.h", "C++", 0, 0, 1732, 0, 0, 0, 0, 0, 0, 0, 0, 0, 0, 0, 0, 274, 307, 2313
"/home/franco/Documents/GitHub/Simulatore-cpu-x86-64/venv/lib64/python3.12/site-packages/pybind11/include/pybind11/operators.h", "C++", 0, 0, 167, 0, 0, 0, 0, 0, 0, 0, 0, 0, 0, 0, 0, 18, 18, 203
"/home/franco/Documents/GitHub/Simulatore-cpu-x86-64/venv/lib64/python3.12/site-packages/pybind11/include/pybind11/options.h", "C++", 0, 0, 54, 0, 0, 0, 0, 0, 0, 0, 0, 0, 0, 0, 0, 16, 23, 93
"/home/franco/Documents/GitHub/Simulatore-cpu-x86-64/venv/lib64/python3.12/site-packages/pybind11/include/pybind11/pybind11.h", "C++", 0, 0, 2722, 0, 0, 0, 0, 0, 0, 0, 0, 0, 0, 0, 0, 540, 384, 3646
"/home/franco/Documents/GitHub/Simulatore-cpu-x86-64/venv/lib64/python3.12/site-packages/pybind11/include/pybind11/pytypes.h", "C++", 0, 0, 1950, 0, 0, 0, 0, 0, 0, 0, 0, 0, 0, 0, 0, 430, 301, 2681
"/home/franco/Documents/GitHub/Simulatore-cpu-x86-64/venv/lib64/python3.12/site-packages/pybind11/include/pybind11/stl.h", "C++", 0, 0, 489, 0, 0, 0, 0, 0, 0, 0, 0, 0, 0, 0, 0, 97, 81, 667
"/home/franco/Documents/GitHub/Simulatore-cpu-x86-64/venv/lib64/python3.12/site-packages/pybind11/include/pybind11/stl/filesystem.h", "C++", 0, 0, 89, 0, 0, 0, 0, 0, 0, 0, 0, 0, 0, 0, 0, 10, 16, 115
"/home/franco/Documents/GitHub/Simulatore-cpu-x86-64/venv/lib64/python3.12/site-packages/pybind11/include/pybind11/stl_bind.h", "C++", 0, 0, 670, 0, 0, 0, 0, 0, 0, 0, 0, 0, 0, 0, 0, 68, 121, 859
"/home/franco/Documents/GitHub/Simulatore-cpu-x86-64/venv/lib64/python3.12/site-packages/pybind11/include/pybind11/subinterpreter.h", "C++", 0, 0, 184, 0, 0, 0, 0, 0, 0, 0, 0, 0, 0, 0, 0, 64, 52, 300
"/home/franco/Documents/GitHub/Simulatore-cpu-x86-64/venv/lib64/python3.12/site-packages/pybind11/include/pybind11/trampoline_self_life_support.h", "C++", 0, 0, 41, 0, 0, 0, 0, 0, 0, 0, 0, 0, 0, 0, 0, 11, 14, 66
"/home/franco/Documents/GitHub/Simulatore-cpu-x86-64/venv/lib64/python3.12/site-packages/pybind11/include/pybind11/type_caster_pyobject_ptr.h", "C++", 0, 0, 48, 0, 0, 0, 0, 0, 0, 0, 0, 0, 0, 0, 0, 2, 12, 62
"/home/franco/Documents/GitHub/Simulatore-cpu-x86-64/venv/lib64/python3.12/site-packages/pybind11/include/pybind11/typing.h", "C++", 0, 0, 227, 0, 0, 0, 0, 0, 0, 0, 0, 0, 0, 0, 0, 21, 51, 299
"/home/franco/Documents/GitHub/Simulatore-cpu-x86-64/venv/lib64/python3.12/site-packages/pybind11/include/pybind11/warnings.h", "C++", 0, 0, 54, 0, 0, 0, 0, 0, 0, 0, 0, 0, 0, 0, 0, 9, 13, 76
"/home/franco/Documents/GitHub/Simulatore-cpu-x86-64/venv/lib64/python3.12/site-packages/pybind11/setup_helpers.py", "Python", 249, 0, 0, 0, 0, 0, 0, 0, 0, 0, 0, 0, 0, 0, 0, 170, 82, 501
"/home/franco/Documents/GitHub/Simulatore-cpu-x86-64/venv/lib64/python3.12/site-packages/pybind11/share/__init__.py", "Python", 0, 0, 0, 0, 0, 0, 0, 0, 0, 0, 0, 0, 0, 0, 0, 0, 1, 1
"/home/franco/Documents/GitHub/Simulatore-cpu-x86-64/venv/lib64/python3.12/site-packages/pybind11/share/cmake/pybind11/FindPythonLibsNew.cmake", "CMake", 0, 0, 0, 0, 0, 291, 0, 0, 0, 0, 0, 0, 0, 0, 0, 0, 30, 321
"/home/franco/Documents/GitHub/Simulatore-cpu-x86-64/venv/lib64/python3.12/site-packages/pybind11/share/cmake/pybind11/pybind11Common.cmake", "CMake", 0, 0, 0, 0, 0, 389, 0, 0, 0, 0, 0, 0, 0, 0, 0, 0, 59, 448
"/home/franco/Documents/GitHub/Simulatore-cpu-x86-64/venv/lib64/python3.12/site-packages/pybind11/share/cmake/pybind11/pybind11Config.cmake", "CMake", 0, 0, 0, 0, 0, 195, 0, 0, 0, 0, 0, 0, 0, 0, 0, 0, 70, 265
"/home/franco/Documents/GitHub/Simulatore-cpu-x86-64/venv/lib64/python3.12/site-packages/pybind11/share/cmake/pybind11/pybind11ConfigVersion.cmake", "CMake", 0, 0, 0, 0, 0, 28, 0, 0, 0, 0, 0, 0, 0, 0, 0, 0, 5, 33
"/home/franco/Documents/GitHub/Simulatore-cpu-x86-64/venv/lib64/python3.12/site-packages/pybind11/share/cmake/pybind11/pybind11GuessPythonExtSuffix.cmake", "CMake", 0, 0, 0, 0, 0, 78, 0, 0, 0, 0, 0, 0, 0, 0, 0, 0, 9, 87
"/home/franco/Documents/GitHub/Simulatore-cpu-x86-64/venv/lib64/python3.12/site-packages/pybind11/share/cmake/pybind11/pybind11NewTools.cmake", "CMake", 0, 0, 0, 0, 0, 311, 0, 0, 0, 0, 0, 0, 0, 0, 0, 0, 43, 354
"/home/franco/Documents/GitHub/Simulatore-cpu-x86-64/venv/lib64/python3.12/site-packages/pybind11/share/cmake/pybind11/pybind11Targets.cmake", "CMake", 0, 0, 0, 0, 0, 95, 0, 0, 0, 0, 0, 0, 0, 0, 0, 0, 13, 108
"/home/franco/Documents/GitHub/Simulatore-cpu-x86-64/venv/lib64/python3.12/site-packages/pybind11/share/cmake/pybind11/pybind11Tools.cmake", "CMake", 0, 0, 0, 0, 0, 188, 0, 0, 0, 0, 0, 0, 0, 0, 0, 0, 30, 218
"/home/franco/Documents/GitHub/Simulatore-cpu-x86-64/venv/lib64/python3.12/site-packages/pybind11/share/pkgconfig/__init__.py", "Python", 0, 0, 0, 0, 0, 0, 0, 0, 0, 0, 0, 0, 0, 0, 0, 0, 1, 1
"/home/franco/Documents/GitHub/Simulatore-cpu-x86-64/venv/lib64/python3.12/site-packages/pybind11_stubgen/__init__.py", "Python", 331, 0, 0, 0, 0, 0, 0, 0, 0, 0, 0, 0, 0, 0, 0, 0, 44, 375
"/home/franco/Documents/GitHub/Simulatore-cpu-x86-64/venv/lib64/python3.12/site-packages/pybind11_stubgen/__main__.py", "Python", 3, 0, 0, 0, 0, 0, 0, 0, 0, 0, 0, 0, 0, 0, 0, 0, 2, 5
"/home/franco/Documents/GitHub/Simulatore-cpu-x86-64/venv/lib64/python3.12/site-packages/pybind11_stubgen/parser/__init__.py", "Python", 0, 0, 0, 0, 0, 0, 0, 0, 0, 0, 0, 0, 0, 0, 0, 0, 1, 1
"/home/franco/Documents/GitHub/Simulatore-cpu-x86-64/venv/lib64/python3.12/site-packages/pybind11_stubgen/parser/errors.py", "Python", 23, 0, 0, 0, 0, 0, 0, 0, 0, 0, 0, 0, 0, 0, 0, 0, 13, 36
"/home/franco/Documents/GitHub/Simulatore-cpu-x86-64/venv/lib64/python3.12/site-packages/pybind11_stubgen/parser/interface.py", "Python", 95, 0, 0, 0, 0, 0, 0, 0, 0, 0, 0, 0, 0, 0, 0, 0, 24, 119
"/home/franco/Documents/GitHub/Simulatore-cpu-x86-64/venv/lib64/python3.12/site-packages/pybind11_stubgen/parser/mixins/__init__.py", "Python", 0, 0, 0, 0, 0, 0, 0, 0, 0, 0, 0, 0, 0, 0, 0, 0, 1, 1
"/home/franco/Documents/GitHub/Simulatore-cpu-x86-64/venv/lib64/python3.12/site-packages/pybind11_stubgen/parser/mixins/error_handlers.py", "Python", 134, 0, 0, 0, 0, 0, 0, 0, 0, 0, 0, 0, 0, 0, 0, 0, 43, 177
"/home/franco/Documents/GitHub/Simulatore-cpu-x86-64/venv/lib64/python3.12/site-packages/pybind11_stubgen/parser/mixins/filter.py", "Python", 125, 0, 0, 0, 0, 0, 0, 0, 0, 0, 0, 0, 0, 0, 0, 2, 24, 151
"/home/franco/Documents/GitHub/Simulatore-cpu-x86-64/venv/lib64/python3.12/site-packages/pybind11_stubgen/parser/mixins/fix.py", "Python", 870, 0, 0, 0, 0, 0, 0, 0, 0, 0, 0, 0, 0, 0, 0, 41, 151, 1062
"/home/franco/Documents/GitHub/Simulatore-cpu-x86-64/venv/lib64/python3.12/site-packages/pybind11_stubgen/parser/mixins/parse.py", "Python", 751, 0, 0, 0, 0, 0, 0, 0, 0, 0, 0, 0, 0, 0, 0, 16, 98, 865
"/home/franco/Documents/GitHub/Simulatore-cpu-x86-64/venv/lib64/python3.12/site-packages/pybind11_stubgen/printer.py", "Python", 260, 0, 0, 0, 0, 0, 0, 0, 0, 0, 0, 0, 0, 0, 0, 5, 56, 321
"/home/franco/Documents/GitHub/Simulatore-cpu-x86-64/venv/lib64/python3.12/site-packages/pybind11_stubgen/structs.py", "Python", 149, 0, 0, 0, 0, 0, 0, 0, 0, 0, 0, 0, 0, 0, 0, 1, 53, 203
"/home/franco/Documents/GitHub/Simulatore-cpu-x86-64/venv/lib64/python3.12/site-packages/pybind11_stubgen/typing_ext.py", "Python", 19, 0, 0, 0, 0, 0, 0, 0, 0, 0, 0, 0, 0, 0, 0, 0, 7, 26
"/home/franco/Documents/GitHub/Simulatore-cpu-x86-64/venv/lib64/python3.12/site-packages/pybind11_stubgen/writer.py", "Python", 24, 0, 0, 0, 0, 0, 0, 0, 0, 0, 0, 0, 0, 0, 0, 1, 7, 32
"/home/franco/Documents/GitHub/Simulatore-cpu-x86-64/venv/pyvenv.cfg", "Properties", 0, 0, 0, 5, 0, 0, 0, 0, 0, 0, 0, 0, 0, 0, 0, 0, 1, 6
"Total", "-", 309577, 35, 72661, 5, 3390, 6018, 1702, 80, 1055, 6532, 22, 1439, 3, 61, 108, 93340, 64219, 560247